id,transaction_date
321,03/03/2025 21:31:00
192,29/03/2025 21:35:00
251,01/03/2025 21:28:00
523,10/03/2025 02:57:00
430,11/03/2025 13:21:00
305,15/03/2025 15:13:00
425,31/03/2025 03:30:00
600,10/03/2025 09:14:00
590,24/03/2025 14:50:00
397,11/03/2025 22:00:00
464,27/03/2025 06:02:00
533,19/03/2025 17:57:00
241,10/03/2025 04:20:00
292,17/03/2025 11:41:00
686,04/03/2025 00:35:00
549,03/03/2025 03:11:00
556,15/03/2025 18:27:00
602,23/03/2025 02:27:00
513,26/03/2025 20:46:00
700,10/03/2025 18:29:00
330,18/03/2025 16:15:00
256,03/03/2025 14:53:00
138,12/03/2025 22:05:00
196,07/03/2025 10:26:00
316,04/03/2025 17:48:00
193,03/03/2025 09:12:00
426,24/03/2025 06:33:00
624,08/03/2025 16:07:00
441,04/03/2025 09:23:00
285,14/03/2025 17:00:00
504,12/03/2025 02:34:00
444,14/03/2025 04:06:00
643,23/03/2025 20:04:00
276,09/03/2025 18:48:00
155,06/03/2025 22:17:00
570,08/03/2025 15:01:00
347,24/03/2025 02:19:00
309,21/03/2025 19:48:00
276,25/03/2025 07:00:00
243,03/03/2025 16:48:00
269,24/03/2025 21:16:00
512,06/03/2025 06:00:00
507,06/03/2025 20:09:00
367,24/03/2025 09:28:00
541,12/03/2025 00:19:00
603,28/03/2025 23:23:00
505,27/03/2025 02:40:00
730,05/03/2025 21:15:00
456,16/03/2025 19:47:00
638,24/03/2025 14:10:00
202,25/03/2025 04:10:00
389,01/03/2025 17:04:00
138,04/03/2025 11:54:00
331,12/03/2025 04:06:00
134,22/03/2025 13:48:00
672,02/03/2025 06:31:00
572,11/03/2025 07:17:00
308,29/03/2025 03:02:00
577,03/03/2025 19:37:00
596,14/03/2025 02:11:00
467,10/03/2025 20:38:00
394,11/03/2025 23:53:00
571,24/03/2025 23:13:00
206,18/03/2025 03:52:00
262,03/03/2025 06:47:00
450,05/03/2025 06:32:00
458,12/03/2025 22:26:00
559,04/03/2025 12:43:00
613,02/03/2025 00:11:00
564,15/03/2025 03:16:00
147,08/03/2025 04:42:00
345,14/03/2025 13:40:00
616,16/03/2025 15:02:00
179,13/03/2025 10:52:00
281,30/03/2025 10:55:00
116,03/03/2025 21:42:00
246,17/03/2025 09:08:00
718,21/03/2025 15:45:00
557,20/03/2025 05:25:00
230,31/03/2025 05:27:00
251,12/03/2025 10:27:00
414,29/03/2025 23:06:00
225,08/03/2025 04:43:00
118,11/03/2025 19:47:00
160,22/03/2025 11:48:00
418,29/03/2025 08:34:00
409,30/03/2025 09:19:00
348,10/03/2025 16:21:00
699,17/03/2025 09:39:00
145,15/03/2025 04:48:00
672,14/03/2025 17:24:00
284,20/03/2025 11:18:00
505,09/03/2025 02:28:00
464,15/03/2025 17:55:00
460,12/03/2025 09:41:00
474,06/03/2025 10:04:00
207,19/03/2025 17:08:00
185,27/03/2025 03:39:00
372,26/03/2025 04:44:00
183,21/03/2025 20:55:00
463,10/03/2025 17:07:00
396,01/03/2025 16:38:00
191,24/03/2025 16:08:00
491,18/03/2025 02:25:00
484,03/03/2025 19:39:00
346,15/03/2025 18:14:00
649,04/03/2025 04:40:00
586,13/03/2025 02:21:00
567,17/03/2025 21:46:00
701,27/03/2025 04:46:00
500,08/03/2025 16:02:00
445,23/03/2025 02:32:00
180,26/03/2025 10:05:00
129,30/03/2025 10:14:00
238,01/03/2025 07:25:00
679,02/03/2025 10:44:00
603,20/03/2025 10:47:00
193,10/03/2025 07:37:00
567,31/03/2025 07:48:00
506,09/03/2025 08:13:00
561,23/03/2025 08:34:00
461,28/03/2025 17:18:00
230,21/03/2025 07:47:00
578,27/03/2025 21:27:00
187,28/03/2025 04:48:00
369,02/03/2025 07:21:00
383,08/03/2025 21:03:00
524,04/03/2025 16:48:00
533,24/03/2025 08:43:00
290,30/03/2025 20:26:00
628,15/03/2025 22:37:00
527,10/03/2025 20:27:00
537,19/03/2025 04:38:00
432,31/03/2025 15:52:00
392,02/03/2025 21:50:00
355,22/03/2025 05:05:00
210,26/03/2025 03:14:00
419,01/03/2025 14:58:00
207,28/03/2025 04:00:00
106,01/03/2025 12:15:00
170,30/03/2025 18:15:00
102,21/03/2025 13:32:00
350,30/03/2025 21:51:00
300,03/03/2025 19:08:00
606,28/03/2025 05:44:00
636,30/03/2025 05:55:00
506,06/03/2025 15:21:00
422,11/03/2025 10:14:00
173,28/03/2025 22:35:00
210,15/03/2025 06:06:00
693,26/03/2025 09:02:00
507,15/03/2025 18:42:00
367,29/03/2025 23:48:00
498,24/03/2025 04:44:00
245,30/03/2025 09:32:00
465,30/03/2025 19:26:00
260,23/03/2025 13:36:00
452,26/03/2025 06:56:00
567,28/03/2025 11:20:00
154,14/03/2025 10:31:00
455,17/03/2025 13:00:00
162,02/03/2025 10:37:00
450,23/03/2025 02:23:00
314,03/03/2025 09:44:00
122,12/03/2025 05:37:00
475,18/03/2025 08:51:00
297,28/03/2025 23:20:00
646,16/03/2025 23:57:00
389,10/03/2025 18:10:00
555,16/03/2025 08:48:00
623,12/03/2025 16:14:00
552,20/03/2025 17:29:00
103,11/03/2025 00:00:00
719,16/03/2025 10:00:00
166,12/03/2025 03:17:00
285,15/03/2025 14:27:00
443,22/03/2025 10:01:00
588,04/03/2025 21:45:00
721,19/03/2025 02:29:00
265,15/03/2025 02:09:00
480,11/03/2025 19:26:00
695,11/03/2025 19:09:00
569,08/03/2025 19:31:00
128,02/03/2025 03:03:00
231,21/03/2025 05:57:00
515,15/03/2025 03:45:00
654,21/03/2025 17:52:00
589,30/03/2025 08:35:00
195,06/03/2025 05:35:00
499,11/03/2025 15:49:00
627,14/03/2025 15:20:00
315,02/03/2025 21:42:00
581,13/03/2025 20:03:00
232,02/03/2025 16:29:00
710,07/03/2025 20:02:00
685,28/03/2025 12:26:00
457,25/03/2025 17:30:00
609,15/03/2025 23:06:00
173,29/03/2025 22:40:00
342,23/03/2025 11:36:00
177,30/03/2025 09:57:00
183,31/03/2025 21:49:00
556,07/03/2025 07:46:00
622,24/03/2025 20:51:00
491,15/03/2025 03:47:00
723,18/03/2025 07:01:00
173,09/03/2025 14:05:00
191,10/03/2025 07:36:00
683,26/03/2025 17:03:00
447,17/03/2025 10:18:00
457,13/03/2025 06:16:00
488,17/03/2025 04:07:00
693,05/03/2025 21:00:00
487,16/03/2025 09:01:00
391,01/03/2025 22:20:00
481,25/03/2025 00:20:00
276,09/03/2025 15:14:00
504,13/03/2025 20:33:00
426,05/03/2025 23:26:00
677,07/03/2025 17:18:00
546,07/03/2025 20:57:00
468,14/03/2025 22:12:00
257,13/03/2025 03:34:00
519,19/03/2025 23:55:00
692,14/03/2025 21:57:00
433,23/03/2025 11:54:00
225,11/03/2025 03:42:00
331,15/03/2025 06:51:00
320,19/03/2025 11:10:00
313,06/03/2025 07:34:00
717,01/03/2025 17:32:00
200,13/03/2025 00:07:00
664,29/03/2025 17:15:00
670,02/03/2025 20:10:00
394,14/03/2025 07:32:00
248,09/03/2025 09:23:00
661,20/03/2025 18:44:00
439,23/03/2025 10:04:00
149,05/03/2025 17:57:00
163,12/03/2025 19:54:00
321,14/03/2025 21:24:00
590,05/03/2025 06:15:00
308,29/03/2025 21:01:00
288,13/03/2025 23:19:00
642,03/03/2025 06:03:00
502,02/03/2025 21:09:00
412,01/03/2025 13:02:00
637,15/03/2025 11:23:00
104,27/03/2025 16:46:00
725,01/03/2025 15:33:00
242,25/03/2025 15:28:00
141,21/03/2025 23:10:00
287,05/03/2025 20:18:00
466,07/03/2025 13:53:00
517,20/03/2025 19:08:00
536,17/03/2025 09:54:00
102,18/03/2025 02:12:00
410,13/03/2025 08:02:00
207,30/03/2025 20:49:00
249,01/03/2025 21:22:00
127,27/03/2025 05:24:00
515,08/03/2025 10:36:00
557,05/03/2025 21:40:00
319,20/03/2025 19:07:00
543,12/03/2025 08:46:00
361,12/03/2025 03:30:00
408,12/03/2025 10:25:00
454,19/03/2025 13:42:00
659,21/03/2025 21:24:00
639,13/03/2025 22:16:00
423,31/03/2025 21:20:00
507,18/03/2025 09:28:00
623,31/03/2025 02:35:00
272,04/03/2025 23:27:00
316,25/03/2025 00:09:00
215,27/03/2025 09:41:00
571,28/03/2025 03:12:00
161,23/03/2025 20:43:00
179,19/03/2025 23:54:00
142,01/03/2025 07:57:00
178,28/03/2025 12:15:00
233,27/03/2025 09:50:00
221,26/03/2025 04:39:00
132,25/03/2025 07:11:00
303,27/03/2025 17:56:00
400,29/03/2025 22:15:00
478,20/03/2025 09:55:00
593,31/03/2025 20:17:00
405,02/03/2025 23:18:00
295,02/03/2025 10:36:00
616,08/03/2025 21:02:00
204,18/03/2025 06:02:00
603,07/03/2025 14:38:00
351,19/03/2025 20:30:00
171,21/03/2025 05:09:00
354,10/03/2025 04:00:00
183,11/03/2025 06:11:00
239,20/03/2025 04:25:00
706,24/03/2025 17:44:00
167,20/03/2025 10:19:00
299,02/03/2025 03:52:00
148,13/03/2025 21:25:00
577,07/03/2025 17:52:00
376,04/03/2025 16:40:00
249,11/03/2025 15:01:00
582,25/03/2025 08:00:00
253,14/03/2025 19:30:00
184,05/03/2025 23:50:00
315,29/03/2025 17:57:00
140,13/03/2025 00:22:00
414,15/03/2025 15:52:00
416,12/03/2025 07:04:00
520,28/03/2025 05:42:00
129,07/03/2025 03:46:00
499,14/03/2025 10:28:00
101,24/03/2025 04:17:00
627,11/03/2025 18:48:00
632,20/03/2025 08:30:00
435,02/03/2025 17:52:00
434,14/03/2025 16:22:00
561,22/03/2025 21:25:00
161,14/03/2025 13:02:00
298,30/03/2025 16:09:00
721,03/03/2025 14:52:00
364,08/03/2025 06:47:00
662,08/03/2025 23:47:00
260,02/03/2025 06:24:00
604,31/03/2025 14:41:00
665,17/03/2025 00:09:00
421,06/03/2025 20:31:00
339,04/03/2025 20:30:00
462,26/03/2025 12:34:00
247,19/03/2025 14:33:00
685,03/03/2025 08:54:00
520,10/03/2025 11:31:00
185,15/03/2025 21:23:00
111,06/03/2025 14:46:00
416,21/03/2025 14:38:00
268,28/03/2025 04:29:00
693,28/03/2025 20:38:00
673,01/03/2025 12:19:00
237,08/03/2025 12:01:00
207,14/03/2025 05:29:00
669,01/03/2025 03:56:00
414,06/03/2025 23:20:00
648,12/03/2025 08:25:00
106,26/03/2025 17:09:00
223,16/03/2025 15:30:00
241,17/03/2025 08:28:00
468,07/03/2025 13:25:00
444,11/03/2025 04:48:00
154,18/03/2025 08:26:00
596,04/03/2025 18:06:00
573,25/03/2025 09:45:00
286,23/03/2025 14:33:00
202,23/03/2025 23:29:00
714,25/03/2025 12:55:00
118,09/03/2025 15:47:00
614,22/03/2025 12:17:00
124,17/03/2025 13:03:00
683,11/03/2025 13:07:00
658,18/03/2025 14:41:00
385,03/03/2025 15:05:00
368,18/03/2025 03:24:00
228,26/03/2025 16:39:00
287,05/03/2025 06:32:00
634,02/03/2025 18:44:00
494,17/03/2025 22:19:00
117,01/03/2025 17:24:00
718,12/03/2025 18:28:00
655,07/03/2025 10:20:00
477,13/03/2025 22:32:00
306,29/03/2025 03:18:00
113,21/03/2025 12:46:00
102,16/03/2025 06:02:00
415,22/03/2025 20:56:00
489,26/03/2025 17:18:00
256,21/03/2025 15:34:00
422,09/03/2025 04:45:00
450,30/03/2025 08:20:00
286,06/03/2025 20:10:00
469,20/03/2025 12:42:00
244,18/03/2025 00:10:00
399,29/03/2025 12:21:00
231,04/03/2025 02:12:00
602,25/03/2025 06:46:00
570,17/03/2025 10:20:00
688,29/03/2025 16:46:00
512,21/03/2025 22:02:00
523,20/03/2025 04:49:00
466,21/03/2025 21:41:00
716,01/03/2025 05:50:00
524,26/03/2025 13:50:00
423,26/03/2025 02:10:00
628,25/03/2025 00:40:00
729,06/03/2025 16:55:00
577,13/03/2025 21:43:00
279,04/03/2025 15:16:00
676,06/03/2025 16:36:00
527,01/03/2025 08:51:00
309,29/03/2025 18:19:00
124,08/03/2025 02:09:00
501,28/03/2025 09:02:00
227,26/03/2025 12:57:00
372,21/03/2025 14:57:00
267,31/03/2025 04:25:00
448,11/03/2025 13:16:00
496,08/03/2025 13:29:00
258,03/03/2025 06:53:00
112,22/03/2025 21:12:00
697,01/04/2025 00:42:00
532,21/03/2025 05:56:00
361,25/03/2025 14:34:00
712,05/03/2025 07:27:00
621,09/03/2025 08:49:00
139,06/03/2025 11:51:00
365,04/03/2025 04:00:00
682,22/03/2025 22:30:00
572,14/03/2025 17:58:00
613,11/03/2025 23:25:00
411,12/03/2025 16:40:00
708,09/03/2025 11:48:00
609,24/03/2025 07:45:00
610,05/03/2025 17:11:00
137,06/03/2025 19:33:00
179,03/03/2025 23:56:00
649,17/03/2025 02:45:00
502,30/03/2025 16:32:00
407,15/03/2025 22:14:00
497,05/03/2025 11:39:00
164,25/03/2025 14:06:00
178,13/03/2025 04:03:00
444,27/03/2025 04:45:00
107,23/03/2025 07:02:00
581,21/03/2025 12:14:00
416,08/03/2025 19:21:00
400,29/03/2025 09:39:00
437,20/03/2025 08:08:00
198,06/03/2025 16:36:00
381,26/03/2025 17:56:00
451,29/03/2025 19:30:00
586,14/03/2025 23:38:00
105,01/03/2025 05:05:00
469,15/03/2025 22:05:00
639,03/03/2025 00:54:00
264,08/03/2025 14:29:00
532,18/03/2025 12:23:00
120,05/03/2025 20:58:00
311,01/03/2025 06:52:00
136,13/03/2025 08:19:00
460,09/03/2025 14:25:00
302,15/03/2025 16:17:00
207,21/03/2025 05:39:00
121,27/03/2025 17:25:00
608,23/03/2025 03:44:00
227,16/03/2025 20:30:00
674,22/03/2025 00:46:00
227,29/03/2025 19:29:00
644,16/03/2025 09:13:00
542,18/03/2025 21:05:00
421,01/03/2025 07:17:00
664,06/03/2025 07:37:00
498,20/03/2025 00:33:00
311,02/03/2025 11:09:00
476,16/03/2025 05:28:00
467,30/03/2025 10:40:00
278,08/03/2025 06:32:00
255,21/03/2025 06:46:00
161,30/03/2025 21:16:00
252,05/03/2025 21:42:00
627,09/03/2025 09:02:00
251,11/03/2025 16:49:00
159,18/03/2025 18:43:00
394,14/03/2025 19:07:00
432,19/03/2025 00:20:00
102,26/03/2025 04:21:00
212,29/03/2025 22:39:00
535,18/03/2025 18:55:00
668,25/03/2025 04:36:00
188,26/03/2025 04:07:00
304,27/03/2025 11:54:00
279,30/03/2025 09:13:00
610,26/03/2025 21:57:00
606,16/03/2025 22:09:00
307,09/03/2025 16:04:00
462,20/03/2025 00:25:00
258,22/03/2025 10:08:00
321,12/03/2025 11:31:00
620,07/03/2025 21:58:00
649,03/03/2025 18:09:00
586,14/03/2025 16:32:00
572,14/03/2025 08:27:00
379,03/03/2025 10:48:00
244,12/03/2025 02:55:00
297,16/03/2025 22:53:00
195,28/03/2025 11:24:00
388,27/03/2025 13:22:00
284,29/03/2025 17:46:00
447,16/03/2025 15:43:00
605,30/03/2025 00:50:00
411,25/03/2025 19:40:00
222,25/03/2025 23:08:00
354,09/03/2025 06:03:00
121,15/03/2025 17:21:00
507,03/03/2025 13:12:00
329,26/03/2025 00:07:00
692,18/03/2025 11:22:00
386,16/03/2025 03:52:00
102,08/03/2025 11:47:00
621,27/03/2025 23:10:00
343,30/03/2025 17:45:00
336,05/03/2025 20:03:00
588,25/03/2025 22:31:00
246,26/03/2025 14:10:00
467,22/03/2025 19:28:00
582,17/03/2025 12:44:00
186,14/03/2025 05:32:00
535,31/03/2025 22:17:00
726,14/03/2025 13:11:00
710,12/03/2025 15:28:00
303,24/03/2025 06:54:00
181,02/03/2025 09:17:00
621,23/03/2025 19:45:00
342,21/03/2025 14:00:00
522,02/03/2025 02:39:00
670,21/03/2025 20:58:00
611,13/03/2025 02:03:00
565,29/03/2025 00:46:00
131,01/03/2025 04:47:00
543,11/03/2025 22:25:00
323,12/03/2025 03:33:00
146,15/03/2025 00:02:00
191,31/03/2025 14:00:00
666,12/03/2025 18:10:00
389,02/03/2025 19:35:00
720,28/03/2025 16:57:00
310,16/03/2025 10:28:00
243,08/03/2025 12:56:00
291,14/03/2025 00:48:00
150,19/03/2025 00:42:00
284,12/03/2025 04:45:00
523,16/03/2025 07:31:00
182,18/03/2025 10:03:00
645,22/03/2025 10:58:00
407,08/03/2025 07:42:00
160,04/03/2025 04:18:00
217,10/03/2025 07:22:00
482,07/03/2025 17:20:00
424,20/03/2025 04:38:00
459,07/03/2025 17:01:00
246,30/03/2025 14:40:00
303,20/03/2025 14:21:00
174,12/03/2025 23:04:00
183,03/03/2025 21:40:00
258,17/03/2025 02:32:00
611,01/03/2025 10:19:00
686,09/03/2025 02:38:00
138,26/03/2025 04:27:00
173,13/03/2025 04:56:00
360,16/03/2025 12:04:00
119,18/03/2025 22:56:00
390,13/03/2025 03:22:00
715,02/03/2025 22:16:00
426,09/03/2025 03:51:00
623,09/03/2025 12:12:00
306,20/03/2025 04:05:00
211,05/03/2025 13:32:00
435,25/03/2025 17:41:00
431,30/03/2025 05:14:00
269,07/03/2025 14:15:00
229,08/03/2025 13:09:00
105,17/03/2025 20:52:00
116,27/03/2025 17:57:00
155,02/03/2025 10:01:00
132,16/03/2025 10:47:00
345,14/03/2025 05:24:00
445,04/03/2025 06:39:00
288,14/03/2025 13:24:00
156,19/03/2025 13:14:00
294,04/03/2025 11:46:00
329,22/03/2025 09:13:00
414,25/03/2025 09:08:00
293,08/03/2025 16:18:00
469,19/03/2025 02:26:00
445,16/03/2025 20:00:00
606,21/03/2025 16:47:00
340,06/03/2025 12:23:00
631,27/03/2025 09:08:00
286,15/03/2025 09:28:00
500,05/03/2025 23:45:00
279,14/03/2025 23:45:00
295,11/03/2025 06:49:00
683,20/03/2025 18:03:00
178,15/03/2025 11:19:00
650,12/03/2025 13:18:00
514,15/03/2025 09:53:00
649,14/03/2025 08:49:00
444,20/03/2025 23:58:00
113,31/03/2025 11:50:00
405,11/03/2025 13:37:00
635,31/03/2025 12:00:00
500,30/03/2025 09:32:00
412,24/03/2025 15:04:00
460,28/03/2025 03:43:00
130,23/03/2025 04:27:00
312,21/03/2025 14:58:00
361,13/03/2025 19:23:00
669,10/03/2025 12:24:00
387,31/03/2025 11:35:00
612,12/03/2025 03:19:00
653,31/03/2025 05:22:00
283,05/03/2025 23:15:00
330,25/03/2025 22:55:00
556,25/03/2025 03:25:00
517,26/03/2025 20:18:00
237,04/03/2025 23:39:00
309,26/03/2025 09:34:00
556,05/03/2025 00:44:00
664,26/03/2025 18:56:00
519,29/03/2025 21:11:00
523,11/03/2025 16:21:00
194,12/03/2025 20:27:00
405,28/03/2025 15:45:00
697,04/03/2025 12:51:00
641,11/03/2025 20:25:00
591,04/03/2025 02:18:00
411,15/03/2025 11:44:00
458,30/03/2025 00:31:00
658,31/03/2025 14:29:00
522,08/03/2025 03:52:00
242,01/03/2025 22:07:00
104,22/03/2025 20:37:00
445,27/03/2025 06:47:00
296,11/03/2025 02:43:00
183,23/03/2025 13:39:00
557,04/03/2025 03:38:00
521,09/03/2025 20:41:00
710,26/03/2025 00:49:00
528,01/03/2025 14:40:00
409,30/03/2025 02:04:00
173,12/03/2025 05:45:00
277,29/03/2025 12:44:00
542,03/03/2025 06:33:00
350,13/03/2025 02:50:00
540,02/03/2025 13:41:00
504,10/03/2025 16:58:00
510,09/03/2025 08:15:00
531,26/03/2025 14:06:00
259,05/03/2025 09:58:00
151,26/03/2025 16:48:00
264,06/03/2025 23:12:00
263,17/03/2025 12:48:00
530,31/03/2025 23:14:00
684,25/03/2025 03:46:00
173,04/03/2025 02:53:00
684,20/03/2025 00:37:00
696,01/03/2025 21:28:00
122,15/03/2025 00:57:00
479,07/03/2025 00:20:00
204,24/03/2025 19:14:00
128,10/03/2025 21:00:00
700,31/03/2025 14:56:00
686,23/03/2025 15:58:00
688,14/03/2025 23:45:00
581,08/03/2025 02:44:00
255,19/03/2025 16:48:00
165,07/03/2025 23:43:00
236,23/03/2025 22:32:00
691,14/03/2025 13:29:00
170,28/03/2025 20:24:00
301,31/03/2025 00:52:00
585,17/03/2025 14:19:00
371,07/03/2025 15:56:00
565,15/03/2025 13:47:00
271,10/03/2025 10:53:00
588,22/03/2025 16:49:00
130,05/03/2025 19:14:00
245,16/03/2025 17:43:00
159,01/03/2025 07:26:00
606,05/03/2025 11:35:00
483,03/03/2025 21:36:00
611,27/03/2025 05:36:00
558,12/03/2025 04:05:00
641,08/03/2025 17:28:00
618,11/03/2025 13:10:00
270,15/03/2025 17:56:00
723,17/03/2025 10:06:00
566,18/03/2025 05:04:00
367,31/03/2025 12:55:00
519,09/03/2025 20:11:00
306,06/03/2025 09:55:00
564,05/03/2025 20:43:00
700,05/03/2025 22:31:00
329,02/03/2025 16:02:00
485,24/03/2025 00:11:00
125,30/03/2025 17:46:00
283,05/03/2025 04:15:00
112,04/03/2025 02:22:00
520,14/03/2025 04:43:00
551,24/03/2025 07:42:00
545,08/03/2025 14:35:00
411,26/03/2025 19:07:00
499,02/03/2025 18:30:00
599,05/03/2025 14:44:00
607,19/03/2025 18:45:00
128,20/03/2025 22:51:00
516,07/03/2025 20:07:00
125,17/03/2025 22:40:00
192,01/03/2025 19:07:00
258,17/03/2025 13:02:00
397,12/03/2025 08:26:00
464,13/03/2025 13:31:00
701,18/03/2025 20:00:00
281,12/03/2025 09:10:00
522,26/03/2025 11:06:00
394,21/03/2025 11:03:00
374,21/03/2025 05:44:00
496,25/03/2025 13:25:00
119,30/03/2025 17:17:00
163,30/03/2025 23:43:00
114,08/03/2025 00:45:00
477,15/03/2025 20:02:00
198,16/03/2025 22:31:00
537,03/03/2025 11:35:00
251,13/03/2025 05:52:00
408,25/03/2025 02:44:00
651,16/03/2025 10:07:00
445,08/03/2025 06:18:00
211,02/03/2025 18:53:00
729,20/03/2025 12:48:00
535,02/03/2025 07:03:00
706,17/03/2025 09:46:00
449,21/03/2025 16:46:00
340,22/03/2025 04:52:00
314,01/03/2025 18:12:00
468,23/03/2025 07:47:00
154,22/03/2025 13:47:00
613,01/03/2025 08:25:00
686,14/03/2025 11:27:00
453,18/03/2025 22:45:00
597,24/03/2025 04:11:00
114,14/03/2025 20:14:00
571,12/03/2025 13:47:00
487,06/03/2025 07:01:00
195,19/03/2025 09:17:00
641,07/03/2025 04:43:00
274,04/03/2025 12:17:00
536,01/03/2025 06:51:00
152,19/03/2025 22:42:00
354,25/03/2025 02:30:00
331,07/03/2025 16:58:00
141,22/03/2025 09:49:00
240,10/03/2025 04:48:00
400,24/03/2025 06:35:00
677,08/03/2025 15:26:00
317,13/03/2025 04:43:00
333,12/03/2025 04:39:00
193,01/03/2025 23:10:00
182,02/03/2025 23:44:00
180,25/03/2025 05:41:00
637,01/03/2025 19:08:00
564,12/03/2025 05:00:00
371,26/03/2025 19:51:00
430,01/03/2025 07:04:00
720,19/03/2025 09:35:00
440,08/03/2025 13:23:00
542,29/03/2025 02:16:00
249,01/03/2025 02:25:00
441,01/03/2025 06:45:00
231,30/03/2025 06:30:00
555,26/03/2025 05:57:00
545,12/03/2025 04:56:00
228,28/03/2025 18:17:00
306,11/03/2025 00:34:00
224,07/03/2025 23:25:00
548,07/03/2025 15:35:00
292,28/03/2025 06:20:00
660,04/03/2025 08:48:00
728,21/03/2025 17:52:00
589,05/03/2025 19:50:00
130,30/03/2025 18:06:00
628,11/03/2025 11:08:00
638,11/03/2025 15:57:00
558,26/03/2025 20:25:00
263,27/03/2025 09:10:00
713,23/03/2025 02:00:00
475,30/03/2025 09:35:00
278,12/03/2025 19:44:00
234,15/03/2025 14:45:00
414,09/03/2025 09:36:00
413,23/03/2025 12:05:00
290,31/03/2025 11:30:00
108,30/03/2025 16:39:00
133,28/03/2025 20:51:00
161,24/03/2025 18:57:00
696,11/03/2025 21:32:00
267,05/03/2025 05:28:00
337,23/03/2025 10:57:00
600,22/03/2025 17:39:00
199,31/03/2025 20:34:00
571,15/03/2025 04:31:00
650,19/03/2025 19:09:00
205,07/03/2025 09:25:00
490,22/03/2025 14:25:00
721,10/03/2025 22:07:00
441,09/03/2025 07:00:00
681,27/03/2025 21:18:00
353,28/03/2025 04:06:00
281,22/03/2025 10:19:00
691,31/03/2025 23:01:00
309,31/03/2025 18:09:00
140,08/03/2025 02:16:00
566,26/03/2025 20:31:00
322,08/03/2025 09:12:00
667,25/03/2025 07:36:00
293,13/03/2025 18:29:00
356,18/03/2025 13:43:00
452,20/03/2025 13:21:00
631,03/03/2025 14:29:00
565,13/03/2025 17:57:00
450,25/03/2025 13:46:00
297,09/03/2025 22:13:00
587,20/03/2025 07:19:00
478,29/03/2025 12:32:00
212,23/03/2025 13:54:00
271,21/03/2025 13:37:00
263,20/03/2025 13:57:00
340,17/03/2025 04:40:00
545,08/03/2025 06:25:00
239,23/03/2025 11:25:00
586,26/03/2025 10:54:00
238,13/03/2025 10:03:00
632,01/03/2025 22:45:00
223,16/03/2025 02:45:00
181,24/03/2025 10:15:00
403,22/03/2025 14:22:00
446,10/03/2025 22:12:00
614,03/03/2025 14:56:00
598,04/03/2025 00:13:00
360,17/03/2025 07:27:00
388,25/03/2025 08:27:00
322,20/03/2025 11:08:00
656,22/03/2025 23:05:00
384,18/03/2025 15:27:00
378,02/03/2025 18:29:00
114,02/03/2025 14:00:00
276,23/03/2025 18:09:00
487,17/03/2025 10:30:00
415,03/03/2025 20:08:00
550,24/03/2025 07:38:00
141,14/03/2025 14:49:00
490,04/03/2025 17:02:00
258,09/03/2025 12:07:00
110,02/03/2025 03:09:00
532,10/03/2025 17:23:00
527,07/03/2025 05:02:00
422,11/03/2025 04:03:00
286,14/03/2025 02:10:00
704,22/03/2025 20:47:00
180,03/03/2025 04:58:00
238,24/03/2025 06:29:00
393,29/03/2025 18:44:00
364,02/03/2025 23:22:00
132,17/03/2025 23:19:00
232,17/03/2025 10:11:00
700,04/03/2025 19:58:00
604,04/03/2025 11:16:00
327,15/03/2025 07:21:00
636,28/03/2025 08:36:00
652,19/03/2025 15:02:00
696,21/03/2025 13:56:00
326,02/03/2025 02:12:00
295,22/03/2025 12:02:00
431,11/03/2025 06:55:00
209,16/03/2025 00:22:00
462,14/03/2025 08:50:00
566,23/03/2025 15:27:00
284,03/03/2025 22:38:00
543,28/03/2025 05:23:00
386,13/03/2025 14:03:00
316,17/03/2025 08:09:00
560,26/03/2025 03:14:00
251,31/03/2025 00:54:00
313,05/03/2025 09:10:00
120,04/03/2025 13:25:00
412,09/03/2025 10:43:00
667,21/03/2025 21:11:00
588,19/03/2025 07:50:00
655,06/03/2025 17:47:00
518,20/03/2025 17:07:00
561,04/03/2025 13:39:00
717,02/03/2025 02:46:00
279,13/03/2025 14:36:00
479,28/03/2025 18:53:00
109,23/03/2025 04:02:00
481,20/03/2025 07:14:00
467,13/03/2025 06:28:00
245,24/03/2025 22:15:00
225,30/03/2025 03:16:00
532,15/03/2025 10:07:00
172,08/03/2025 15:10:00
427,03/03/2025 11:16:00
153,05/03/2025 10:37:00
326,15/03/2025 13:04:00
557,10/03/2025 15:55:00
541,17/03/2025 16:21:00
515,25/03/2025 13:23:00
594,16/03/2025 10:38:00
220,15/03/2025 20:56:00
684,06/03/2025 21:56:00
602,05/03/2025 18:20:00
130,13/03/2025 05:08:00
575,26/03/2025 02:35:00
635,12/03/2025 12:34:00
247,19/03/2025 23:14:00
253,09/03/2025 13:11:00
535,28/03/2025 17:26:00
371,30/03/2025 07:25:00
362,17/03/2025 23:08:00
158,05/03/2025 04:48:00
622,18/03/2025 21:48:00
618,23/03/2025 17:14:00
373,05/03/2025 15:34:00
235,02/03/2025 21:00:00
459,08/03/2025 07:49:00
636,24/03/2025 17:02:00
354,09/03/2025 17:22:00
730,22/03/2025 23:54:00
680,27/03/2025 05:55:00
457,24/03/2025 20:29:00
539,13/03/2025 02:28:00
267,25/03/2025 13:49:00
648,24/03/2025 16:34:00
593,11/03/2025 16:54:00
507,28/03/2025 21:20:00
433,05/03/2025 19:50:00
542,23/03/2025 19:13:00
249,06/03/2025 15:17:00
475,28/03/2025 21:32:00
337,22/03/2025 14:19:00
167,07/03/2025 02:28:00
115,24/03/2025 21:12:00
721,28/03/2025 08:16:00
268,31/03/2025 14:03:00
306,05/03/2025 22:32:00
105,16/03/2025 17:42:00
283,01/03/2025 22:49:00
413,29/03/2025 03:54:00
278,26/03/2025 05:50:00
407,13/03/2025 20:28:00
136,19/03/2025 11:51:00
263,29/03/2025 15:56:00
144,21/03/2025 08:09:00
635,21/03/2025 05:53:00
458,09/03/2025 07:11:00
597,19/03/2025 17:58:00
352,06/03/2025 13:24:00
677,03/03/2025 17:33:00
206,23/03/2025 02:28:00
553,31/03/2025 19:51:00
315,27/03/2025 00:54:00
409,14/03/2025 02:58:00
314,15/03/2025 17:06:00
309,31/03/2025 23:12:00
459,16/03/2025 12:19:00
610,24/03/2025 08:49:00
244,30/03/2025 10:11:00
502,10/03/2025 03:54:00
269,29/03/2025 08:14:00
539,03/03/2025 07:47:00
433,19/03/2025 14:20:00
219,27/03/2025 13:52:00
428,14/03/2025 07:24:00
129,27/03/2025 20:17:00
388,20/03/2025 07:54:00
620,02/03/2025 20:50:00
705,26/03/2025 05:12:00
719,24/03/2025 02:54:00
303,02/03/2025 06:22:00
712,21/03/2025 23:38:00
214,04/03/2025 17:18:00
469,08/03/2025 23:31:00
408,21/03/2025 22:01:00
283,05/03/2025 14:18:00
213,26/03/2025 00:23:00
334,05/03/2025 12:17:00
140,18/03/2025 13:56:00
174,12/03/2025 22:02:00
217,16/03/2025 15:20:00
246,06/03/2025 04:26:00
273,06/03/2025 07:23:00
135,01/03/2025 03:25:00
258,13/03/2025 10:09:00
105,13/03/2025 09:21:00
657,06/03/2025 11:10:00
215,11/03/2025 09:32:00
643,31/03/2025 15:13:00
180,20/03/2025 13:04:00
294,15/03/2025 11:37:00
476,13/03/2025 07:33:00
534,15/03/2025 08:57:00
633,19/03/2025 04:12:00
680,30/03/2025 18:01:00
539,31/03/2025 03:12:00
197,08/03/2025 17:43:00
364,03/03/2025 20:26:00
383,09/03/2025 08:47:00
394,23/03/2025 09:44:00
665,29/03/2025 22:12:00
105,11/03/2025 03:13:00
322,26/03/2025 00:57:00
682,08/03/2025 07:52:00
595,26/03/2025 22:11:00
217,06/03/2025 14:27:00
519,30/03/2025 02:12:00
358,21/03/2025 08:00:00
559,25/03/2025 13:33:00
432,28/03/2025 10:34:00
152,12/03/2025 20:20:00
243,07/03/2025 23:44:00
135,28/03/2025 17:12:00
689,02/03/2025 04:00:00
491,02/03/2025 18:39:00
482,18/03/2025 03:47:00
412,29/03/2025 17:23:00
644,11/03/2025 02:13:00
542,30/03/2025 22:41:00
729,01/03/2025 19:53:00
304,08/03/2025 02:47:00
728,04/03/2025 13:07:00
487,21/03/2025 21:11:00
574,08/03/2025 12:28:00
653,16/03/2025 09:43:00
420,11/03/2025 02:32:00
418,09/03/2025 07:06:00
430,21/03/2025 11:57:00
704,14/03/2025 05:28:00
261,25/03/2025 20:18:00
675,23/03/2025 18:02:00
531,29/03/2025 05:04:00
211,19/03/2025 13:18:00
272,01/03/2025 05:42:00
424,22/03/2025 09:52:00
650,04/03/2025 14:23:00
523,06/03/2025 08:42:00
704,08/03/2025 07:47:00
265,07/03/2025 07:48:00
135,19/03/2025 00:29:00
533,22/03/2025 22:34:00
640,13/03/2025 14:26:00
414,28/03/2025 04:05:00
206,15/03/2025 13:23:00
459,10/03/2025 22:32:00
269,14/03/2025 02:12:00
393,28/03/2025 04:28:00
529,30/03/2025 22:12:00
644,25/03/2025 15:50:00
483,26/03/2025 18:16:00
227,02/03/2025 17:57:00
518,19/03/2025 04:40:00
682,16/03/2025 10:41:00
675,09/03/2025 04:34:00
492,06/03/2025 06:23:00
158,20/03/2025 11:47:00
469,05/03/2025 10:56:00
251,23/03/2025 11:57:00
184,02/03/2025 03:16:00
482,11/03/2025 22:11:00
330,22/03/2025 17:01:00
366,10/03/2025 09:17:00
453,31/03/2025 19:38:00
259,07/03/2025 12:05:00
181,22/03/2025 06:13:00
445,18/03/2025 17:39:00
336,18/03/2025 12:23:00
255,19/03/2025 20:36:00
355,24/03/2025 05:53:00
703,21/03/2025 17:30:00
284,09/03/2025 03:42:00
695,18/03/2025 18:16:00
542,01/03/2025 03:15:00
167,20/03/2025 09:26:00
356,05/03/2025 02:41:00
229,26/03/2025 02:17:00
230,17/03/2025 11:09:00
456,08/03/2025 13:20:00
337,20/03/2025 14:47:00
193,14/03/2025 14:12:00
230,21/03/2025 00:42:00
186,12/03/2025 17:34:00
338,01/03/2025 05:19:00
568,27/03/2025 09:26:00
260,10/03/2025 17:10:00
207,31/03/2025 06:26:00
542,19/03/2025 21:39:00
616,14/03/2025 19:35:00
290,14/03/2025 07:30:00
229,19/03/2025 14:32:00
111,29/03/2025 15:57:00
575,29/03/2025 21:19:00
286,28/03/2025 16:09:00
576,15/03/2025 03:05:00
380,05/03/2025 13:34:00
723,27/03/2025 10:26:00
176,26/03/2025 15:16:00
145,31/03/2025 18:50:00
386,04/03/2025 10:55:00
605,09/03/2025 00:47:00
305,07/03/2025 12:06:00
289,13/03/2025 14:03:00
567,06/03/2025 07:29:00
246,26/03/2025 19:35:00
282,11/03/2025 17:21:00
225,28/03/2025 00:44:00
290,01/03/2025 05:29:00
213,28/03/2025 13:08:00
273,20/03/2025 14:24:00
380,05/03/2025 15:06:00
219,11/03/2025 19:54:00
593,18/03/2025 13:55:00
389,07/03/2025 21:27:00
551,29/03/2025 10:00:00
690,17/03/2025 02:30:00
361,29/03/2025 13:48:00
194,29/03/2025 21:24:00
504,27/03/2025 04:05:00
246,05/03/2025 11:33:00
215,06/03/2025 07:14:00
414,16/03/2025 20:35:00
434,26/03/2025 20:46:00
684,11/03/2025 13:34:00
234,27/03/2025 15:55:00
568,20/03/2025 13:48:00
186,13/03/2025 18:53:00
310,17/03/2025 00:52:00
725,27/03/2025 05:48:00
708,05/03/2025 09:46:00
441,24/03/2025 03:17:00
657,11/03/2025 06:26:00
255,18/03/2025 11:17:00
246,05/03/2025 20:09:00
603,13/03/2025 07:08:00
682,10/03/2025 05:08:00
143,04/03/2025 11:27:00
350,03/03/2025 04:21:00
284,27/03/2025 20:20:00
345,18/03/2025 21:13:00
652,29/03/2025 09:16:00
635,04/03/2025 16:39:00
574,04/03/2025 20:27:00
685,12/03/2025 03:40:00
194,16/03/2025 21:45:00
648,09/03/2025 05:43:00
413,22/03/2025 07:30:00
394,11/03/2025 04:54:00
652,29/03/2025 11:40:00
579,06/03/2025 05:05:00
352,20/03/2025 23:10:00
368,26/03/2025 17:58:00
152,06/03/2025 19:49:00
401,04/03/2025 17:00:00
109,31/03/2025 05:40:00
246,09/03/2025 14:55:00
480,01/04/2025 00:26:00
583,28/03/2025 19:04:00
375,06/03/2025 14:04:00
570,09/03/2025 12:25:00
346,11/03/2025 12:45:00
582,10/03/2025 07:09:00
122,10/03/2025 18:43:00
148,20/03/2025 15:52:00
209,05/03/2025 23:50:00
108,07/03/2025 23:41:00
150,11/03/2025 15:31:00
634,01/03/2025 14:26:00
721,03/03/2025 00:13:00
564,18/03/2025 21:22:00
208,31/03/2025 20:58:00
504,21/03/2025 15:38:00
485,26/03/2025 21:04:00
243,31/03/2025 14:34:00
389,22/03/2025 02:48:00
140,10/03/2025 16:47:00
318,08/03/2025 08:56:00
684,30/03/2025 06:04:00
324,05/03/2025 10:04:00
608,04/03/2025 10:28:00
411,08/03/2025 10:26:00
670,11/03/2025 03:53:00
135,26/03/2025 00:00:00
309,10/03/2025 16:02:00
344,13/03/2025 15:57:00
138,08/03/2025 20:51:00
189,01/03/2025 06:58:00
729,28/03/2025 05:58:00
286,14/03/2025 05:25:00
609,05/03/2025 15:47:00
113,23/03/2025 03:57:00
134,04/03/2025 05:04:00
379,29/03/2025 18:50:00
200,14/03/2025 12:52:00
627,16/03/2025 10:01:00
612,23/03/2025 05:22:00
596,01/03/2025 10:56:00
492,27/03/2025 05:04:00
428,02/03/2025 12:41:00
478,19/03/2025 05:04:00
644,03/03/2025 02:32:00
533,27/03/2025 03:26:00
331,19/03/2025 13:55:00
546,21/03/2025 16:27:00
649,17/03/2025 00:31:00
613,23/03/2025 22:58:00
639,12/03/2025 13:53:00
159,07/03/2025 06:39:00
217,01/03/2025 19:17:00
520,22/03/2025 11:49:00
393,13/03/2025 23:21:00
450,03/03/2025 17:40:00
195,31/03/2025 15:04:00
562,18/03/2025 09:51:00
391,15/03/2025 12:38:00
530,27/03/2025 16:35:00
552,01/03/2025 12:22:00
589,16/03/2025 02:31:00
325,21/03/2025 00:17:00
588,29/03/2025 05:24:00
297,13/03/2025 21:31:00
591,09/03/2025 09:37:00
275,30/03/2025 00:51:00
144,29/03/2025 18:25:00
132,12/03/2025 13:57:00
438,03/03/2025 13:45:00
157,28/03/2025 12:19:00
643,24/03/2025 10:24:00
568,06/03/2025 04:19:00
688,06/03/2025 11:58:00
275,15/03/2025 11:56:00
107,11/03/2025 22:09:00
656,17/03/2025 06:00:00
373,04/03/2025 19:31:00
268,11/03/2025 08:32:00
661,01/03/2025 20:54:00
530,27/03/2025 20:52:00
269,24/03/2025 04:58:00
687,23/03/2025 03:54:00
504,09/03/2025 20:22:00
548,15/03/2025 00:15:00
515,12/03/2025 17:28:00
580,05/03/2025 02:30:00
712,06/03/2025 05:00:00
608,30/03/2025 10:18:00
259,06/03/2025 15:28:00
564,10/03/2025 14:42:00
234,06/03/2025 08:00:00
246,01/03/2025 07:57:00
485,14/03/2025 09:06:00
204,02/03/2025 15:07:00
653,19/03/2025 23:40:00
642,05/03/2025 20:01:00
416,05/03/2025 11:37:00
502,13/03/2025 21:15:00
707,05/03/2025 18:14:00
498,06/03/2025 03:10:00
459,18/03/2025 23:22:00
704,23/03/2025 02:27:00
616,05/03/2025 21:56:00
190,06/03/2025 19:06:00
455,17/03/2025 14:51:00
703,25/03/2025 12:32:00
156,25/03/2025 10:28:00
613,17/03/2025 11:00:00
706,17/03/2025 19:24:00
255,19/03/2025 22:38:00
136,28/03/2025 15:30:00
598,28/03/2025 09:13:00
566,14/03/2025 19:42:00
241,07/03/2025 11:13:00
150,28/03/2025 16:16:00
305,07/03/2025 08:07:00
437,18/03/2025 06:31:00
422,19/03/2025 07:56:00
180,18/03/2025 11:15:00
320,30/03/2025 21:14:00
114,23/03/2025 08:31:00
672,12/03/2025 02:00:00
443,01/03/2025 17:44:00
608,10/03/2025 22:08:00
255,10/03/2025 05:06:00
495,12/03/2025 15:31:00
120,30/03/2025 10:58:00
720,22/03/2025 03:32:00
109,12/03/2025 23:14:00
368,22/03/2025 05:13:00
311,28/03/2025 06:31:00
454,27/03/2025 18:25:00
321,29/03/2025 10:41:00
303,19/03/2025 03:56:00
635,13/03/2025 02:42:00
321,08/03/2025 00:14:00
669,30/03/2025 19:51:00
119,23/03/2025 02:56:00
114,07/03/2025 12:22:00
494,18/03/2025 20:09:00
559,05/03/2025 18:37:00
708,18/03/2025 18:21:00
342,25/03/2025 14:15:00
256,05/03/2025 02:58:00
298,09/03/2025 19:16:00
315,20/03/2025 22:48:00
227,29/03/2025 08:43:00
285,16/03/2025 19:35:00
592,14/03/2025 11:24:00
445,19/03/2025 16:39:00
566,19/03/2025 22:38:00
135,16/03/2025 11:24:00
485,29/03/2025 12:43:00
473,14/03/2025 06:27:00
566,26/03/2025 23:27:00
632,23/03/2025 15:03:00
428,31/03/2025 12:16:00
446,22/03/2025 05:01:00
673,30/03/2025 09:35:00
302,17/03/2025 19:35:00
576,27/03/2025 07:40:00
120,30/03/2025 17:15:00
335,07/03/2025 02:51:00
725,18/03/2025 10:06:00
426,23/03/2025 16:05:00
540,07/03/2025 00:40:00
508,31/03/2025 19:54:00
272,31/03/2025 21:06:00
674,27/03/2025 20:20:00
366,02/03/2025 02:27:00
658,04/03/2025 08:08:00
693,18/03/2025 12:26:00
334,19/03/2025 13:40:00
131,18/03/2025 20:19:00
729,30/03/2025 18:40:00
400,08/03/2025 13:54:00
184,31/03/2025 20:37:00
283,13/03/2025 00:40:00
488,04/03/2025 07:54:00
302,12/03/2025 19:47:00
491,29/03/2025 17:08:00
486,21/03/2025 22:39:00
437,11/03/2025 07:06:00
101,15/03/2025 03:00:00
186,08/03/2025 14:03:00
636,03/03/2025 19:07:00
493,05/03/2025 21:06:00
170,30/03/2025 18:43:00
602,15/03/2025 02:30:00
414,20/03/2025 11:24:00
462,29/03/2025 19:27:00
235,23/03/2025 09:34:00
545,11/03/2025 15:00:00
443,30/03/2025 19:06:00
237,24/03/2025 13:29:00
227,08/03/2025 08:02:00
240,27/03/2025 02:02:00
625,19/03/2025 03:52:00
571,17/03/2025 13:06:00
238,30/03/2025 18:46:00
550,30/03/2025 12:03:00
516,07/03/2025 10:48:00
491,08/03/2025 07:42:00
469,12/03/2025 02:47:00
214,13/03/2025 15:22:00
320,25/03/2025 09:19:00
567,25/03/2025 13:44:00
424,07/03/2025 18:58:00
431,20/03/2025 08:37:00
592,08/03/2025 20:01:00
536,18/03/2025 17:21:00
445,12/03/2025 09:49:00
619,27/03/2025 17:43:00
138,07/03/2025 22:03:00
588,23/03/2025 09:35:00
117,20/03/2025 14:20:00
658,22/03/2025 12:19:00
724,27/03/2025 14:30:00
645,07/03/2025 20:44:00
551,06/03/2025 15:02:00
562,21/03/2025 02:42:00
330,19/03/2025 14:50:00
358,02/03/2025 05:21:00
652,08/03/2025 13:53:00
140,28/03/2025 09:09:00
103,19/03/2025 15:06:00
607,19/03/2025 04:57:00
651,07/03/2025 12:47:00
405,30/03/2025 16:17:00
217,05/03/2025 09:19:00
132,13/03/2025 22:38:00
699,03/03/2025 06:54:00
570,24/03/2025 16:06:00
662,25/03/2025 20:56:00
725,30/03/2025 04:51:00
487,17/03/2025 17:21:00
444,28/03/2025 20:46:00
724,28/03/2025 23:57:00
274,10/03/2025 11:13:00
418,30/03/2025 22:30:00
576,10/03/2025 05:05:00
287,07/03/2025 04:28:00
698,08/03/2025 03:43:00
679,23/03/2025 16:50:00
495,07/03/2025 09:44:00
457,16/03/2025 23:44:00
679,08/03/2025 05:33:00
165,31/03/2025 16:11:00
131,10/03/2025 20:43:00
581,08/03/2025 12:32:00
586,11/03/2025 04:34:00
497,03/03/2025 06:22:00
424,01/03/2025 22:00:00
569,15/03/2025 05:50:00
121,08/03/2025 23:20:00
452,25/03/2025 12:06:00
447,08/03/2025 00:14:00
628,23/03/2025 16:27:00
603,15/03/2025 06:27:00
520,12/03/2025 14:42:00
190,15/03/2025 17:47:00
427,16/03/2025 17:50:00
730,31/03/2025 23:22:00
455,04/03/2025 21:41:00
338,17/03/2025 08:37:00
144,19/03/2025 12:48:00
631,23/03/2025 02:15:00
152,27/03/2025 21:47:00
560,27/03/2025 12:14:00
507,16/03/2025 03:19:00
265,15/03/2025 17:18:00
652,09/03/2025 12:51:00
631,18/03/2025 03:00:00
368,06/03/2025 12:26:00
382,27/03/2025 19:39:00
591,25/03/2025 11:06:00
603,10/03/2025 09:31:00
186,31/03/2025 11:16:00
588,20/03/2025 13:33:00
640,22/03/2025 15:28:00
272,21/03/2025 09:32:00
334,20/03/2025 22:13:00
319,08/03/2025 18:12:00
686,29/03/2025 20:03:00
578,29/03/2025 10:36:00
408,05/03/2025 00:27:00
394,29/03/2025 09:06:00
151,27/03/2025 09:02:00
588,30/03/2025 22:41:00
620,14/03/2025 06:19:00
579,16/03/2025 13:13:00
354,19/03/2025 05:29:00
322,23/03/2025 17:51:00
283,06/03/2025 11:50:00
280,19/03/2025 08:39:00
131,07/03/2025 23:08:00
142,09/03/2025 22:17:00
461,10/03/2025 10:12:00
308,26/03/2025 14:02:00
186,26/03/2025 15:55:00
466,27/03/2025 04:13:00
583,12/03/2025 21:31:00
322,13/03/2025 20:47:00
380,10/03/2025 15:01:00
384,27/03/2025 16:56:00
277,09/03/2025 17:31:00
545,04/03/2025 09:31:00
522,14/03/2025 18:46:00
256,07/03/2025 07:13:00
307,15/03/2025 22:21:00
103,15/03/2025 12:07:00
558,15/03/2025 03:40:00
296,26/03/2025 05:08:00
282,25/03/2025 03:08:00
559,05/03/2025 11:31:00
441,31/03/2025 05:31:00
722,27/03/2025 06:08:00
223,01/03/2025 06:35:00
225,22/03/2025 05:45:00
451,27/03/2025 05:13:00
326,22/03/2025 00:35:00
192,12/03/2025 22:17:00
402,01/04/2025 00:07:00
264,15/03/2025 17:50:00
518,29/03/2025 22:08:00
414,24/03/2025 21:25:00
720,10/03/2025 14:14:00
233,01/03/2025 18:18:00
325,07/03/2025 19:46:00
315,03/03/2025 09:23:00
165,31/03/2025 21:54:00
457,15/03/2025 23:14:00
435,14/03/2025 00:58:00
458,01/03/2025 04:29:00
182,21/03/2025 11:57:00
454,17/03/2025 19:30:00
696,11/03/2025 11:11:00
493,27/03/2025 18:32:00
610,05/03/2025 22:24:00
666,13/03/2025 05:25:00
549,11/03/2025 09:14:00
564,07/03/2025 14:15:00
385,29/03/2025 13:10:00
592,22/03/2025 16:36:00
595,04/03/2025 03:04:00
639,08/03/2025 23:31:00
255,01/03/2025 15:31:00
389,24/03/2025 17:01:00
363,01/03/2025 13:50:00
517,16/03/2025 09:09:00
436,26/03/2025 04:41:00
458,21/03/2025 06:20:00
141,03/03/2025 18:17:00
102,07/03/2025 06:47:00
309,17/03/2025 21:26:00
204,24/03/2025 15:08:00
432,17/03/2025 15:31:00
173,25/03/2025 03:00:00
387,01/03/2025 06:17:00
335,27/03/2025 09:54:00
430,12/03/2025 18:18:00
636,03/03/2025 15:08:00
164,20/03/2025 04:09:00
459,07/03/2025 02:13:00
490,20/03/2025 19:29:00
190,17/03/2025 17:06:00
687,03/03/2025 22:06:00
669,21/03/2025 17:37:00
298,28/03/2025 11:01:00
671,12/03/2025 08:01:00
302,19/03/2025 17:45:00
236,15/03/2025 18:05:00
127,03/03/2025 20:03:00
254,23/03/2025 07:09:00
352,24/03/2025 12:41:00
511,10/03/2025 00:13:00
178,23/03/2025 03:51:00
338,15/03/2025 15:04:00
362,07/03/2025 16:55:00
435,28/03/2025 19:13:00
451,25/03/2025 10:57:00
727,21/03/2025 08:17:00
540,05/03/2025 18:08:00
333,19/03/2025 06:16:00
578,06/03/2025 13:58:00
717,08/03/2025 11:17:00
137,20/03/2025 11:36:00
723,07/03/2025 14:06:00
384,27/03/2025 14:25:00
497,19/03/2025 19:19:00
472,17/03/2025 02:42:00
649,16/03/2025 06:24:00
138,16/03/2025 12:25:00
371,15/03/2025 06:13:00
669,20/03/2025 23:49:00
617,14/03/2025 02:01:00
257,05/03/2025 15:29:00
246,29/03/2025 04:20:00
146,24/03/2025 10:42:00
473,19/03/2025 08:48:00
259,29/03/2025 17:17:00
376,31/03/2025 05:50:00
713,05/03/2025 05:40:00
150,20/03/2025 06:12:00
183,04/03/2025 18:18:00
126,02/03/2025 23:38:00
619,20/03/2025 15:54:00
633,24/03/2025 19:40:00
123,25/03/2025 15:07:00
665,15/03/2025 13:53:00
542,17/03/2025 12:07:00
556,08/03/2025 13:10:00
532,31/03/2025 11:54:00
348,30/03/2025 15:41:00
131,10/03/2025 09:20:00
388,10/03/2025 14:13:00
286,12/03/2025 05:32:00
292,23/03/2025 11:29:00
145,26/03/2025 11:07:00
537,09/03/2025 16:00:00
300,29/03/2025 13:11:00
616,21/03/2025 20:23:00
162,28/03/2025 22:32:00
670,14/03/2025 23:00:00
586,02/03/2025 15:16:00
362,02/03/2025 00:47:00
272,12/03/2025 05:41:00
706,18/03/2025 22:09:00
313,18/03/2025 02:23:00
689,14/03/2025 12:58:00
485,04/03/2025 22:55:00
162,05/03/2025 18:43:00
709,15/03/2025 14:36:00
589,29/03/2025 22:40:00
264,09/03/2025 21:57:00
726,06/03/2025 03:18:00
426,28/03/2025 07:16:00
109,16/03/2025 17:54:00
114,01/03/2025 23:25:00
408,02/03/2025 18:12:00
288,12/03/2025 16:22:00
336,14/03/2025 06:32:00
424,16/03/2025 08:00:00
475,29/03/2025 23:10:00
730,25/03/2025 02:50:00
127,24/03/2025 11:39:00
500,25/03/2025 12:41:00
414,10/03/2025 10:19:00
540,14/03/2025 14:50:00
722,22/03/2025 05:36:00
489,18/03/2025 18:47:00
273,16/03/2025 23:16:00
540,12/03/2025 14:01:00
703,03/03/2025 03:15:00
640,08/03/2025 14:58:00
426,05/03/2025 07:15:00
485,01/03/2025 14:54:00
408,07/03/2025 10:11:00
687,02/03/2025 20:54:00
516,14/03/2025 10:38:00
158,15/03/2025 14:37:00
213,08/03/2025 07:21:00
185,22/03/2025 03:22:00
614,06/03/2025 22:23:00
661,25/03/2025 09:12:00
262,03/03/2025 02:43:00
312,06/03/2025 00:53:00
145,01/03/2025 22:52:00
481,13/03/2025 22:39:00
372,19/03/2025 00:39:00
631,15/03/2025 11:03:00
495,17/03/2025 09:21:00
321,05/03/2025 07:02:00
127,14/03/2025 06:33:00
309,14/03/2025 17:04:00
485,12/03/2025 06:28:00
564,24/03/2025 02:00:00
292,15/03/2025 08:08:00
289,20/03/2025 08:50:00
521,21/03/2025 09:02:00
725,22/03/2025 09:11:00
273,06/03/2025 03:06:00
155,06/03/2025 20:45:00
484,10/03/2025 09:21:00
710,04/03/2025 13:41:00
246,30/03/2025 19:47:00
200,27/03/2025 02:22:00
174,25/03/2025 18:50:00
551,24/03/2025 03:24:00
399,07/03/2025 21:47:00
482,04/03/2025 00:19:00
239,29/03/2025 05:25:00
229,08/03/2025 06:01:00
513,18/03/2025 16:18:00
198,19/03/2025 22:15:00
169,06/03/2025 13:30:00
304,01/03/2025 14:27:00
582,30/03/2025 21:27:00
500,07/03/2025 12:06:00
180,26/03/2025 05:13:00
200,26/03/2025 17:52:00
336,01/03/2025 06:11:00
207,27/03/2025 13:35:00
289,03/03/2025 14:16:00
641,09/03/2025 19:52:00
544,12/03/2025 09:29:00
253,14/03/2025 13:24:00
172,24/03/2025 15:48:00
220,06/03/2025 07:52:00
637,14/03/2025 05:12:00
222,03/03/2025 12:43:00
465,30/03/2025 05:03:00
224,23/03/2025 19:46:00
591,17/03/2025 18:49:00
322,15/03/2025 04:24:00
639,15/03/2025 10:36:00
253,19/03/2025 03:01:00
690,30/03/2025 07:24:00
721,07/03/2025 22:12:00
343,27/03/2025 18:06:00
192,19/03/2025 03:18:00
563,10/03/2025 09:46:00
680,16/03/2025 02:30:00
667,18/03/2025 22:20:00
264,30/03/2025 18:57:00
719,27/03/2025 17:47:00
640,19/03/2025 20:17:00
123,06/03/2025 16:54:00
289,11/03/2025 17:48:00
384,29/03/2025 08:35:00
247,30/03/2025 08:22:00
199,28/03/2025 09:13:00
316,11/03/2025 11:13:00
594,10/03/2025 21:56:00
213,11/03/2025 15:17:00
105,17/03/2025 18:14:00
113,15/03/2025 03:16:00
194,23/03/2025 10:43:00
251,19/03/2025 16:58:00
588,21/03/2025 21:30:00
375,06/03/2025 20:18:00
332,30/03/2025 21:08:00
389,27/03/2025 16:11:00
300,10/03/2025 04:18:00
660,21/03/2025 14:55:00
104,14/03/2025 19:45:00
572,08/03/2025 07:08:00
631,21/03/2025 19:07:00
356,07/03/2025 11:03:00
653,04/03/2025 03:26:00
704,17/03/2025 11:38:00
275,18/03/2025 15:38:00
115,20/03/2025 23:02:00
238,27/03/2025 13:40:00
282,07/03/2025 13:05:00
220,16/03/2025 04:15:00
324,03/03/2025 17:15:00
440,03/03/2025 08:14:00
419,28/03/2025 18:30:00
383,19/03/2025 22:57:00
687,13/03/2025 09:40:00
385,16/03/2025 19:00:00
646,05/03/2025 00:13:00
387,14/03/2025 23:47:00
217,22/03/2025 12:31:00
609,14/03/2025 19:16:00
262,17/03/2025 21:00:00
510,16/03/2025 08:45:00
680,18/03/2025 05:25:00
589,16/03/2025 04:42:00
543,06/03/2025 00:37:00
696,25/03/2025 00:21:00
472,12/03/2025 05:07:00
410,31/03/2025 21:55:00
173,31/03/2025 07:09:00
351,19/03/2025 08:14:00
458,27/03/2025 07:54:00
474,24/03/2025 02:20:00
518,17/03/2025 11:04:00
275,25/03/2025 02:11:00
717,28/03/2025 16:23:00
391,04/03/2025 18:17:00
389,01/03/2025 09:50:00
438,02/03/2025 04:58:00
161,25/03/2025 08:39:00
169,05/03/2025 04:02:00
644,19/03/2025 13:24:00
173,06/03/2025 05:00:00
449,31/03/2025 17:23:00
127,11/03/2025 22:02:00
474,29/03/2025 21:45:00
448,13/03/2025 14:00:00
474,28/03/2025 23:00:00
598,05/03/2025 05:12:00
133,15/03/2025 05:28:00
674,17/03/2025 16:22:00
305,21/03/2025 23:18:00
696,30/03/2025 13:52:00
260,13/03/2025 10:49:00
136,21/03/2025 14:24:00
648,07/03/2025 00:50:00
465,19/03/2025 02:53:00
657,15/03/2025 16:54:00
341,22/03/2025 20:54:00
341,08/03/2025 15:11:00
218,23/03/2025 09:14:00
511,06/03/2025 16:58:00
574,10/03/2025 08:16:00
152,19/03/2025 22:58:00
512,07/03/2025 15:36:00
528,08/03/2025 18:29:00
546,01/03/2025 23:13:00
160,24/03/2025 19:44:00
123,09/03/2025 03:19:00
587,21/03/2025 15:36:00
153,16/03/2025 05:48:00
174,02/03/2025 19:55:00
622,01/03/2025 04:45:00
604,18/03/2025 18:58:00
467,07/03/2025 21:46:00
189,25/03/2025 18:52:00
660,18/03/2025 22:55:00
537,17/03/2025 14:44:00
433,03/03/2025 15:04:00
267,26/03/2025 23:34:00
237,13/03/2025 06:58:00
383,02/03/2025 02:34:00
111,15/03/2025 09:53:00
122,23/03/2025 02:58:00
578,23/03/2025 06:52:00
112,02/03/2025 20:43:00
143,16/03/2025 18:30:00
517,22/03/2025 13:57:00
552,14/03/2025 06:57:00
159,14/03/2025 19:42:00
621,01/03/2025 21:56:00
185,23/03/2025 19:21:00
507,22/03/2025 08:40:00
577,12/03/2025 10:06:00
202,19/03/2025 03:49:00
606,23/03/2025 03:35:00
109,23/03/2025 09:16:00
645,17/03/2025 10:33:00
248,30/03/2025 18:27:00
231,01/03/2025 12:13:00
108,01/03/2025 08:11:00
483,10/03/2025 17:19:00
614,21/03/2025 03:28:00
521,03/03/2025 17:55:00
711,18/03/2025 19:34:00
426,03/03/2025 03:54:00
218,25/03/2025 08:35:00
566,11/03/2025 19:22:00
582,22/03/2025 00:17:00
228,11/03/2025 17:58:00
375,28/03/2025 21:22:00
475,27/03/2025 10:27:00
671,11/03/2025 02:04:00
268,29/03/2025 16:41:00
496,12/03/2025 21:51:00
594,21/03/2025 05:45:00
472,15/03/2025 08:14:00
201,24/03/2025 11:56:00
645,29/03/2025 07:00:00
359,15/03/2025 14:29:00
571,19/03/2025 07:58:00
679,17/03/2025 14:35:00
185,26/03/2025 14:42:00
308,23/03/2025 03:48:00
503,15/03/2025 10:15:00
140,28/03/2025 19:37:00
553,17/03/2025 16:50:00
540,01/03/2025 05:50:00
531,23/03/2025 19:51:00
297,11/03/2025 17:05:00
348,10/03/2025 15:43:00
318,25/03/2025 09:40:00
455,11/03/2025 15:47:00
163,06/03/2025 14:54:00
220,08/03/2025 07:05:00
375,03/03/2025 05:12:00
299,26/03/2025 09:03:00
606,06/03/2025 22:54:00
680,26/03/2025 14:35:00
511,03/03/2025 19:00:00
