age,monthly_consumption,tenure,number_transactions_month,average_transaction_cost,average_purchase_value
42.82646752485122,382.12227049180717,60.40957845669729,7,1.009926531619247,54.58889578454388
39.86998019943955,43.50260974124402,59.79915680939566,9,0.39892858404398307,4.8336233045826695
42.739019809712666,216.06581334538484,59.9974651432994,7,0.5970621398983587,30.866544763626404
42.00423505795705,542.5283565063654,59.48051239402584,7,1.2314984886387352,77.50405092948077
37.21286816003948,220.88044073216963,60.305646595746715,7,0.6397531850714792,31.554348676024233
34.639334527995,193.85961880653292,59.907939310196625,7,0.629985643339211,27.694231258076133
46.02824790719578,248.87277081709573,59.5289974420299,7,0.6676516260672098,35.55325297387082
34.952788302235106,136.53368624381156,59.47979332073925,5,0.5258931776995203,27.30673724876231
43.93097854073038,139.69654989477968,60.48756860166017,7,0.46862648248300276,19.956649984968525
43.03600744692739,223.7605511112238,60.70621337242248,7,0.558920312791217,31.965793015889115
42.88349109982364,275.35376543560875,60.692052058568095,7,0.6264216717437258,39.336252205086964
39.698557488594915,320.36918078886436,60.23472425466619,7,0.8526025815230169,45.76702582698062
34.775314622535966,434.609654931761,60.865401352465284,7,0.9396204127750424,62.08709356168014
39.05225618318152,477.14527614366847,60.56499192726052,7,0.931520385222373,68.16361087766693
42.07108764601926,235.20360741463392,60.27040359071516,7,0.46557431503097946,33.6005153449477
42.102201128145104,250.9841936144167,59.824686931941756,7,0.7708835200115641,35.85488480205953
45.347877034506666,381.13216487504155,60.60353685881178,7,0.884879574451227,54.44745212500594
42.99559227398912,186.40146943121258,60.32929303303099,7,0.2706983342028022,26.62878134731608
37.818366286679705,27.29331901821886,60.90061811058595,7,0.30735296317313365,3.8990455740312657
42.47431253228858,419.91987280748197,60.280132211016834,6,0.8028209231318653,69.98664546791366
37.21060296924293,160.19113076241257,59.474182921424195,7,0.5998717103562398,22.884447251773224
41.38798286468672,221.3017495499627,60.31725404510114,8,0.782333392890586,27.662718693745337
34.489444381711614,261.39447262581,59.26278349428639,7,0.57779954846559,37.34206751797286
37.14413633956119,171.08574846024356,60.08541628483921,7,0.7001013873204139,24.440821208606224
29.281904243891127,512.5609867469016,60.519603850368156,8,0.9019048090947089,64.0701233433627
42.05471300403826,221.47803187415312,60.03757711708537,7,0.7187174348688741,31.639718839164733
46.019393951715756,488.68150017496004,60.10749448952422,7,0.8415583427700064,69.81164288213715
39.93108054819338,896.4099082939081,59.7921261563482,7,1.5695237736565135,128.05855832770115
43.97197612096591,135.91265422588086,59.97962151415134,7,0.3553813202540207,19.416093460840123
44.69150241692487,423.4502324913939,59.313343207499564,7,1.0284356589219796,60.49289035591341
33.636280903612146,342.79663137029706,60.156377860231075,7,0.752069057869087,48.97094733861387
43.90966143791704,146.83451418699454,59.84796606850084,9,0.590915996815673,16.31494602077717
45.30245994469175,514.5988651347133,60.423267429432165,7,1.265592443069275,73.51412359067332
49.24642152768983,190.05337280560218,59.93441042406271,6,0.7140373188417444,31.67556213426703
32.00088670245546,176.25599942994185,59.81071276513939,7,0.47165355462835534,25.179428489991693
26.841523726632957,126.27970713951653,60.8199835491292,7,0.5750406959111666,18.039958162788075
40.345354096047764,702.9661332869008,60.84785898810226,7,1.505836816183943,100.42373332670012
42.227582537895785,226.58903890272688,60.01769569430711,7,0.6419716569203511,32.369862700389554
30.90522112607042,113.1823163989217,58.69639595625394,7,0.5928059975622237,16.1689023427031
38.56124971523289,529.6128255029307,60.30202633031521,7,0.9848729597628264,75.65897507184725
36.48981137968319,266.6735349477572,59.935257001416765,7,1.0583905863175074,38.096219278251034
37.572879078681815,391.37293426357536,59.99138675200908,8,0.6488797456696329,48.92161678294692
41.23177675768274,232.43816029394628,60.907681121154326,8,0.7652436240595187,29.054770036743285
41.12019798533715,151.9527543274859,59.96199633948224,7,0.6740900515052242,21.707536332497988
38.8338945643206,333.9625849514348,60.14848289092616,7,0.6447362831420272,47.70894070734783
37.00801195675247,337.8716938519885,59.86330752626613,7,0.811573366396709,48.26738483599836
36.6885931505022,106.72785062211848,60.134478423587176,7,0.3671199089258459,15.246835803159783
44.7681287085953,138.87881385328149,60.42155330698351,7,0.41826074439951755,19.839830550468783
35.33617178815473,280.40323086271036,60.03783855196468,6,0.7874236328715118,46.733871810451724
38.47172473933389,325.9446708388272,60.60248135991104,7,1.0073886883207692,46.563524405546744
35.06779297092802,176.17827019318466,60.07777034842961,8,0.5234344167588066,22.022283774148082
43.60633537788327,181.73192489898938,60.460326171121736,7,0.4410151789342761,25.961703556998483
38.1747459150341,279.43050888329424,60.485941571871535,7,0.8088904691287652,39.918644126184894
43.262125521145805,105.11629310027932,60.63095869331601,7,0.4762283946765133,15.016613300039904
43.532455183623924,183.73486916964103,60.09730519606488,8,0.6202157692948325,22.96685864620513
38.96805600039507,186.8651300345167,60.1101016469611,6,0.6658392784533883,31.144188339086117
38.261100436693745,590.9533475891013,60.19213515853071,7,1.3040792109080432,84.42190679844305
36.71343621136624,154.17430017052152,59.68199281510251,7,0.3484912889844771,22.024900024360218
35.55912508860372,317.14043432273,59.49556191300604,6,0.7311927089393236,52.85673905378834
45.931160834241766,253.32944839855034,59.85732880268376,8,0.48471185439879333,31.666181049818793
43.058575812372155,364.21384257562806,59.824094830587356,6,1.0091890703766075,60.70230709593801
36.37150248526911,475.1935171314732,59.41437098256865,7,0.9868588094892908,67.88478816163902
35.66092575926884,208.2063116121735,58.48018498000893,7,0.6950627629129341,29.74375880173907
40.027588488078564,279.6547797194808,60.58278493790933,8,0.6005584575124636,34.9568474649351
42.357975932245296,101.71525506878456,60.66140600745774,6,0.5266074062714508,16.95254251146409
44.319101326908836,190.9727793292592,60.11714115250892,8,0.6034690653260939,23.8715974161574
39.90309418142478,133.39071099557532,60.25212386246238,7,0.38187670045738636,19.05581585651076
42.16678574242565,311.0711212540595,60.08369673149612,7,0.8764608081461871,44.43873160772279
31.035281362516045,186.671538543558,60.44388243470588,7,0.6868145200232761,26.667362649079713
37.03752627801664,149.24484054825646,60.53630234393822,8,0.522139544805031,18.655605068532058
39.9199202989039,543.6432701347384,59.39061332470121,7,1.2492084137328798,77.66332430496263
41.75958939492261,513.0055978867964,60.29796808084987,7,0.9668637159822697,73.28651398382806
39.08217825860001,131.0517419669252,58.1375695229706,6,0.6448431368372951,21.841956994487532
35.65648733153438,354.01311236177906,60.484350792372354,6,0.8527242323210964,59.002185393629844
44.43135529908202,154.2326869202259,60.20456381158859,7,0.4144810542470216,22.033240988603698
31.676625266128212,293.96598343329566,60.39204380729991,7,0.8393345415192394,41.99514049047081
36.5522104465916,195.20477593452233,59.41663760064536,7,0.4915060003242162,27.88639656207462
48.968219933525994,151.5829763246307,60.74310060014132,7,0.5202064667833669,21.65471090351867
40.91351210570606,121.1707105156876,59.890422861867044,7,0.3311957180173063,17.310101502241086
43.829637635241895,141.5141191599468,59.5213384607581,7,0.609228301570551,20.21630273713526
40.96892739566431,114.59482749826793,60.060002113648395,7,0.4159072295176031,16.370689642609705
38.547954488661105,413.9066244759146,60.237801546186894,7,0.8358004210134069,59.12951778227352
37.93828528552622,241.10240889420766,60.41181411592755,7,0.5536033205697759,34.443201270601094
43.691228406764814,145.92279554456874,60.19440606576594,6,0.5343474207815788,24.32046592409479
35.335197885802174,170.08343017039311,60.41414553771904,7,0.838038785873291,24.29763288148473
37.21538915695125,117.36722353660433,60.589182352731655,6,0.5882276533924053,19.561203922767387
37.77362139563776,279.2597076498913,59.62655724212676,7,0.6332536283998026,39.89424394998447
39.88547013843135,158.99035320412568,59.324168919070395,7,0.5446673251346463,22.712907600589382
40.505214009075864,294.4617784130027,59.91023131789643,7,0.7887921827447112,42.065968344714676
43.5440203961464,188.12397745648104,60.838289935274446,7,0.6196996788544087,26.874853922354436
43.04527707173409,288.52981315207757,59.86523079015965,7,0.736124672040804,41.21854473601108
41.99117312595601,160.68644047245107,59.40217525287357,8,0.36482072341908,20.085805059056383
40.67388564251819,200.96964035187713,60.641344115651265,6,0.571311813356757,33.494940058646186
37.86437328749159,134.3383226234298,60.16693130383781,3,0.8428080435280967,44.7794408744766
40.924460870517166,201.66237392221564,60.45057256829313,9,0.5385418344269527,22.406930435801737
43.22011599220623,430.62312957884086,60.021268339401445,8,1.0302441173018617,53.82789119735511
38.117427621821165,194.8833623905025,59.60693301800451,7,0.45003059330664424,27.840480341500356
36.806595869087246,406.1323234384369,59.85929564065978,7,0.7304923849572835,58.01890334834813
34.21053249472499,73.43815366075073,60.555234430054405,9,0.5044562582279273,8.159794851194526
42.39535720296712,258.25593716720834,60.29263594785591,8,0.592911278797653,32.28199214590104
45.35824793186001,231.18882775187654,60.165424084546984,5,0.5600741219196548,46.23776555037531
36.36933087342459,193.7478192930182,59.90796910713864,9,0.6818552463859412,21.527535477002022
46.355726779213576,192.44654173197304,59.42855213951162,8,0.5746609654771884,24.05581771649663
44.97311816907454,248.9528367218712,59.84943099361503,7,0.7553063901775308,35.56469096026731
40.921292620466154,99.53457819037824,58.83687352587432,5,0.6254550212962128,19.90691563807565
33.211996072533154,216.10338562670597,60.54925440002092,7,0.4162787094896325,30.871912232386567
28.94171786544015,26.69462451522595,60.47956053848608,7,0.22066482845619,3.8135177878894213
39.41579425252785,108.26439165035822,59.58377376055597,7,0.2237523662116116,15.46634166433689
37.125733793139624,728.3080631223437,59.72729541647095,7,1.5554688648440689,104.04400901747768
34.81996848417146,246.0393730611488,59.803416578368676,8,0.556316229160222,30.7549216326436
33.092043632642415,250.473079081333,60.30728085503612,8,0.8009593436540791,31.309134885166625
36.988015637220144,584.570059743422,59.80848302149641,8,1.285310385188744,73.07125746792775
40.23678117979823,644.7148286365608,59.82428251105786,8,1.0564703973154292,80.5893535795701
40.104455549521795,380.7738357602929,60.19617116507753,8,0.7026053824493917,47.596729470036614
41.023994375752345,228.53191163682703,60.03183561926453,7,0.5141393326836772,32.647415948118145
34.53441912647402,298.04016323610244,59.84290797111529,7,0.8360678302466247,42.57716617658606
37.06609976806091,168.7183493713797,60.27143941648281,7,0.42900076604070203,24.10262133876853
39.12947872100112,358.64838607574865,60.17047317982712,7,0.8427035616980566,51.23548372510695
46.20295901633176,210.07327184909408,60.56929183942655,6,0.773867848238311,35.012211974849016
42.19209008035941,431.3550907542681,60.48634177127668,6,0.9624511829839496,71.89251512571134
42.26913263840736,404.5692011777204,60.73230512544893,5,1.0551025626479515,80.91384023554409
42.683731311992744,179.7063896039775,60.301629783062204,7,0.6100142720167431,25.672341371996787
40.23877061953623,93.27305585603786,59.54156354665042,7,0.47147836872987897,13.324722265148266
39.190460892753606,84.35268300694771,59.075049213483894,7,0.42403813618819935,12.050383286706817
39.662298395027,125.6436780165254,60.00029428940951,8,0.24498268413416682,15.705459752065675
41.58574111639907,222.98930936906928,58.79990187366391,7,0.7632889212605739,31.855615624152755
45.48068060722818,302.4803986873025,59.29493820164751,7,0.8510830324851678,43.2114855267575
40.84964423480778,419.9128986835563,60.18167102767401,7,1.002468096618646,59.98755695479376
39.89426475552978,748.1165960219205,59.810913629010294,7,1.2660284790442002,106.87379943170292
35.96400521660849,115.31405868972237,60.11395364167972,9,0.39646399233949775,12.812673187746931
39.158299679676425,179.8491599764043,60.60841309901861,7,0.5864239057239886,25.69273713948633
35.01589193094458,124.45880935348379,60.47592346810766,7,0.5177550891160494,17.77982990764054
40.54863865296291,387.47796502762696,60.234832598648495,9,0.7387191454631862,43.05310722529188
38.82722440369501,137.46571224023577,60.75410449999428,7,0.36636594768357444,19.637958891462254
40.5841899486641,140.67991721473945,60.03661459035969,4,0.4900874099595028,35.16997930368486
46.337829783114216,644.1101356096212,59.6388672081509,7,1.2051911658735746,92.01573365851732
38.75756575009592,370.16442650452814,60.55204601627782,7,0.6637759212120695,52.880632357789736
38.101369073437326,316.32400603789534,60.75436629671615,7,0.8218679573881887,45.18914371969934
42.76341441965688,389.4302592763116,59.37454190693661,7,0.6523908493830861,55.632894182330226
36.600433296429514,66.37397089436622,59.27210732606136,7,0.06021114693559282,9.481995842052317
36.07015154908712,206.2624654893669,60.0803911039603,7,0.5679286491957662,29.466066498480984
39.55707050790978,130.7930346771389,60.764554117908,7,0.6439310119851844,18.68471923959127
42.061063761827924,170.42028653452633,60.01704871666126,7,0.666322347541359,24.345755219218045
41.364057612279765,152.78905525543553,60.545885252965064,10,0.24056513836139598,15.278905525543554
35.65357159195565,326.89004735445627,60.195686754420365,6,0.5312138173928507,54.48167455907605
34.93904160548712,151.0248838746621,59.62071117467832,6,0.48526164534140237,25.17081397911035
43.415869857234064,312.4561277520713,59.20114279387537,7,0.6675759371953531,44.63658967886733
39.58507182947016,212.67505829316752,59.75778115893516,7,0.36296563871171333,30.382151184738216
35.03733598865846,160.27701593433306,60.568747899753,10,0.34203814693142753,16.027701593433306
33.6689333288525,283.40730158310123,60.562391712263555,7,0.7844526750755556,40.48675736901446
46.81604509776317,298.96041938518505,60.51740683820219,7,0.6026565821204569,42.70863134074072
39.57666392601502,318.70322018127786,59.37712141770694,7,0.7862807518648329,45.52903145446827
36.55314785409767,170.35650892629522,59.49316865737274,6,0.6664703747708312,28.39275148771587
41.51374873457238,170.07085254374425,59.96598734977218,7,0.7269268350157736,24.29583607767775
33.98162066366489,275.06762061185196,60.24595752857313,9,0.5924421989283973,30.563068956872442
38.169572174353476,67.60240315566952,60.81630181589424,7,0.7247065472589408,9.657486165095646
48.281271338848796,309.55954988614235,60.75626628958084,6,0.8115997244458565,51.59325831435706
49.60444581497245,486.46733804931927,60.00386046808177,8,0.9224805949057086,60.80841725616491
45.21325914472203,507.3266502048579,60.097019000041904,7,0.9536126693711642,72.47523574355112
43.78052729322742,297.5249410096885,59.355137910457636,7,0.8794212793367309,42.50356300138407
37.99933258720594,580.5064729453019,59.56075152863336,7,1.29912206842299,82.92949613504312
42.74910028300909,292.9078062231187,59.27748612618726,7,0.8338440939976923,41.84397231758839
40.311936241124066,372.6032654301656,60.774063520069845,4,1.279495256032125,93.1508163575414
38.77211580560412,110.83651277106773,60.87004336615756,8,0.37725006958372764,13.854564096383466
43.58835328985455,213.75338769030947,60.404217368511844,7,0.36281084372850914,30.536198241472782
43.69688810533964,220.98355584968746,60.010383436546995,9,0.5572405864575649,24.553728427743053
33.577630790829545,140.36342593971938,60.74493972404203,7,0.4392147800146045,20.051917991388482
35.489708681377,368.5903626333859,60.08556762911799,6,0.8570395375548583,61.43172710556431
43.27525524541935,237.9581207680299,59.615586072009734,8,0.5499333670724047,29.744765096003736
41.07859766357721,143.23409141900885,60.43048629713615,8,0.6824140897656197,17.904261427376106
38.59030752665438,65.46460003587953,60.33542065459144,5,0.20455730525256677,13.092920007175906
37.67372436416094,272.34074106432934,59.9724318935614,7,0.4804236912587164,38.90582015204705
39.515276982985725,204.82489084358798,60.33970203024971,6,0.47964733637175316,34.13748180726466
45.268642099687206,448.58345868119,59.4927018354387,8,1.007602084619731,56.07293233514875
35.4445531782569,442.50468068707903,59.62406185252694,7,1.0410404486233842,63.21495438386843
37.144310408294565,378.0393124308141,60.28724612186461,7,0.9993667856044175,54.00561606154487
39.851565642525934,339.73969895992366,60.03569225030753,7,0.7821373254163494,48.53424270856052
44.758639254216426,646.1735221150526,60.75316898050195,6,1.2711263011607858,107.69558701917543
36.99597133664522,213.4819961879373,60.0749241036991,8,0.5361102264450723,26.685249523492164
45.06974284568158,268.99485293075725,59.523391628538576,6,0.8206718426385788,44.832475488459544
27.469612015589732,215.7418831816302,60.327720897162,7,0.5589272492889433,30.82026902594717
36.16767774945061,311.88507387373136,59.895784234973505,7,0.8297190455050075,44.5550105533902
47.011526872183516,296.31534261812556,60.276522168100854,7,0.6152011766488303,42.330763231160795
37.244595571887714,292.82740916701175,60.5082726304348,7,0.6439589141233433,41.832487023858825
41.09397160285393,400.4247172800966,60.100363086374365,7,0.7430767563318019,57.2035310400138
47.057099768554984,93.06752373831056,60.19155258804789,7,0.7439171598207917,13.295360534044365
33.60002076735411,170.52552094243134,59.969632292361815,8,0.591570886151605,21.315690117803918
38.3391181785211,377.10100173954083,60.58930487910825,7,0.8719723781122961,53.87157167707726
37.04756244714168,352.5861560524026,60.12248359862692,7,0.7144490178243125,50.369450864628945
38.02468689317163,234.05667920028418,60.455641953326186,7,0.7632807730194413,33.43666845718345
40.819965891004976,215.62871716211032,60.254998189743574,7,0.7239479747605184,30.804102451730046
37.83273396702156,116.30264653711603,60.28004684805941,7,0.3232414291734662,16.614663791016575
40.792839356784086,395.8283175151765,60.029928986853704,9,0.7320088606722257,43.98092416835294
44.28356342751658,358.1942979523231,60.15927532952905,7,0.7725365900338498,51.170613993189015
35.548089735504654,382.29494781190374,59.48676673692253,6,0.9331735650402235,63.71582463531729
39.68616150462381,255.69689700091328,59.479976288208746,8,0.42129935882797953,31.96211212511416
37.655925864035446,581.5986313541222,60.097186089654,7,1.0662002028925648,83.08551876487459
40.333828708954144,212.89869236490816,60.785959906675394,9,0.44298101646055454,23.655410262767575
38.61167395322249,142.2338566042085,59.79656706669636,7,0.8834044396971023,20.31912237202979
40.76840213150656,126.13625142418528,59.77576937604963,7,0.3489322926721609,18.019464489169327
30.6774878855609,595.3845334895137,60.41026087999598,7,1.2607543061526965,85.05493335564482
31.928485633697278,232.8781152331746,60.51702902373537,8,0.6436486609312421,29.109764404146826
42.82794015625027,227.25910748313862,60.06414216476558,7,0.35427695113648683,32.46558678330552
37.168515451323294,271.3036798868896,60.264833549339706,8,0.48046579647422555,33.9129599858612
35.619486631042655,334.91945377595044,60.04130788072161,7,1.0556164910003376,47.845636253707205
36.851552087700846,207.25092345361546,60.47960445396843,7,0.6065016289125346,29.607274779087923
41.33432797932682,239.04172613073825,60.6506598868421,7,0.533363372933199,34.14881801867689
40.20224711472361,266.84901093538747,59.66884427220714,8,0.7183314524265914,33.356126366923434
41.02171872782384,215.31707201799242,60.449879062523394,8,0.8543301707976785,26.914634002249052
41.3911196251228,415.7270616706017,60.923872342452825,7,0.9710893668017389,59.38958023865739
38.536584773139744,438.2759618579506,60.47470163762155,7,0.9183012697455943,62.61085169399295
40.59319210630348,272.81753769758296,60.43357577421835,6,0.74735633078187,45.469589616263825
47.21012677206495,90.61633889210599,60.24858525321457,7,0.4135724704848479,12.945191270300855
42.45031389686306,125.2159359100402,59.61431377956077,7,0.2614693721709628,17.88799084429146
39.8810460287657,83.05330589215059,60.48750381426984,7,0.05019708944282858,11.864757984592941
42.26027283362205,252.78175579867428,60.455265482082076,7,0.5744510913829626,36.11167939981061
41.92058048798873,153.25592131243124,59.98917986178093,8,0.59731395471854,19.156990164053905
34.29271591376525,180.75308395061867,59.29948334096173,5,0.7221219032793034,36.150616790123735
41.60758225187657,272.07817169507103,60.14669795474836,8,0.5697196793493999,34.00977146188388
41.13705463774731,391.85988464625143,60.33947350681154,7,0.7365448900700281,55.979983520893065
46.30581941071053,229.74680398649346,60.51230063956674,6,0.5363370390078263,38.29113399774891
35.61479440107151,372.2666894466954,60.745180238117996,7,0.8285825067284263,53.1809556352422
45.45425724595226,144.66465714004278,60.57342803476308,8,0.3278859971784259,18.083082142505347
43.111364597281735,226.723233735478,59.263057835331736,7,0.6330994906960583,32.38903339078257
38.56891503200193,116.469360857702,60.78528112855553,7,0.3541935830758439,16.638480122528858
41.38054892592603,230.99565551730146,60.600164947669235,5,0.49230612351041614,46.19913110346029
27.253536785589198,135.90590156545863,60.32010889585253,7,0.5072053824953119,19.41512879506552
35.4007527277743,133.27030545904594,60.200894216563526,5,0.34182144401710157,26.65406109180919
31.17299395951728,458.26084996500805,59.294294632926594,7,0.7309076928357651,65.46583570928686
38.19916849542477,26.083098472799414,60.02877874209174,7,0.278527970988118,3.7261569246856303
38.81090737433664,151.177207050954,60.19100457146691,7,0.6397340742853084,21.596743864422
40.06060489729775,358.6242715705208,60.54735640897408,7,0.9059151798968581,51.23203879578869
48.520054386457865,297.8386159660712,59.888551250478244,7,0.47740170066733567,42.54837370943874
40.88738072650343,242.69535330614193,59.75899201416041,7,0.8813188809465212,34.670764758020276
36.23944320598875,234.47492876954252,59.44630432091507,8,0.7186855268294994,29.309366096192814
34.24500760025033,215.88560071827158,60.0188991341026,6,0.667313208908767,35.98093345304526
44.02755018276141,255.64458466231633,60.2440499630824,7,0.5074217763147066,36.520654951759475
36.3401226270837,188.94444885833585,60.778036925864626,6,0.5533896010822563,31.490741476389307
31.815832734587488,110.75440830502507,59.949355444348704,8,0.5417762351910452,13.844301038128133
39.319604464020074,148.98780479800226,60.38918861120732,7,0.6445200874572027,21.283972114000324
29.21895887420048,321.579517383954,58.56501565543575,7,0.6794311161968096,45.93993105485057
34.2813469500672,132.74900066594412,60.636694453648396,7,0.373962310332749,18.964142952277733
41.98634419134963,456.4248427140712,59.768974813907924,7,0.7475808589952677,65.20354895915303
37.132827334255936,158.24175306752346,60.57272086946258,7,0.4880959717443823,22.605964723931923
41.26414459273433,141.8942936185846,60.40853561648592,6,0.3829052776251406,23.64904893643077
39.24897162808259,187.02572632139098,60.492781521754,7,0.5401165782360021,26.717960903055854
43.71113207778625,168.89314677732463,60.12672203217361,7,0.5213335663535268,24.12759239676066
38.92679822270768,85.92165892986661,59.595403073536076,8,0.5006166050341304,10.740207366233326
37.832319670617196,249.8641452021724,60.496091883038766,7,0.5433305562360397,35.69487788602463
44.70159225067079,292.4142478167651,60.67952852208934,7,0.7168368596030823,41.77346397382359
39.46808164427307,356.5840436228372,60.78857052361968,5,0.9481528191220971,71.31680872456744
44.54586814309315,118.43831239649728,60.38699411178259,7,0.3777514554191923,16.919758913785326
42.61493457387358,356.87536033939676,60.16426034081024,5,0.9789611757331509,71.37507206787936
48.43394604648944,69.39376899047977,60.51691705178237,7,0.3072581633620384,9.91339557006854
28.14617929611991,283.40228637270303,60.44871855040006,8,0.6372687789254607,35.42528579658788
41.05546217579802,331.6186824558644,60.27839012344615,7,0.7804981763998713,47.37409749369492
40.79840146853423,495.1768762471284,59.26022143114526,6,1.1218299874300526,82.5294793745214
37.00954981794098,692.9991468141593,59.98256667810242,6,1.6951299266732913,115.49985780235988
34.84774177335814,185.96894083316855,59.50027179951307,7,0.5036087226444658,26.566991547595507
41.60364181284166,207.7177095895736,60.38002078010083,7,0.4818417698662551,29.673958512796226
38.578472040950615,880.7980399817986,58.51524637380717,7,1.6165121313266813,125.82829142597123
42.857094181187364,267.5878926292211,59.924150371136456,5,0.7165178488376115,53.517578525844215
44.51000664334972,465.7915530511633,60.110900597760704,7,0.944405261440989,66.54165043588047
41.07857964599763,174.66653807105928,57.41297357641573,7,0.5639130588997545,24.952362581579898
34.84066700862474,183.00812332658577,60.19420748811314,6,0.48347112466122844,30.501353887764296
38.84177963473139,223.42736051498073,59.9646228035734,7,0.8246823443248184,31.91819435928296
45.85463473631596,636.0711571503182,59.47303394982758,10,1.0297545446141765,63.60711571503182
38.98337639861694,126.42582779950652,59.934979086832236,7,0.4367961222839736,18.060832542786645
41.09981751794509,309.79421469323216,60.26323950655156,4,1.1476885838185487,77.44855367330804
38.32109005724238,276.65329198475774,59.965286016024805,7,0.9152722986152595,39.52189885496539
39.086673720095625,237.83537583681542,59.30034318603026,7,0.6410094997623991,33.9764822624022
35.87938655481029,278.505389813332,58.98817058475889,6,0.8331113731152038,46.41756496888866
39.45116766988344,248.20225662095257,60.247122961077245,8,0.696079003992224,31.02528207761907
34.6982929124783,440.9623843966794,59.078427432810216,7,0.9023761732559742,62.99462634238277
46.32511071550651,185.9387502342446,59.382932163587355,7,0.7131938196983917,26.562678604892085
40.08715090832605,87.50521124742376,59.53650008801615,8,0.5315531252139498,10.93815140592797
37.81764059740811,357.5680642252012,59.10315409710408,7,0.853025876518568,51.0811520321716
34.0637064680898,337.78363887630115,60.41041541569974,7,0.9330853229990894,48.25480555375731
48.9568205699772,189.61519270744276,60.22990260432686,7,0.5814948824156115,27.08788467249182
38.71483873925131,196.04345845749455,59.8645599854291,7,0.5782227402784279,28.00620835107065
31.917135388751248,499.7151344512909,60.6150972365781,6,1.1613074870835205,83.28585574188182
36.71285617467276,127.75523839446906,59.162241948326276,7,0.6435736259170777,18.25074834206701
43.93925989223721,325.7774775808763,59.91379958387204,6,0.8027703400639309,54.29624626347938
39.37523107283661,86.87415223041648,60.37172637251698,7,0.1991402015626177,12.410593175773784
41.58149599507103,120.09351213873292,59.512964691350874,8,0.43440237987747143,15.011689017341615
38.74155695828585,258.88896738605655,59.68453039058355,8,0.7144014625539358,32.36112092325707
40.419620535012086,255.74139642316865,59.52997439444024,9,0.48032527489821947,28.415710713685407
37.335175209701646,406.11651235200725,59.841328830152115,6,1.0987884326788164,67.6860853920012
44.288854271740824,318.4038623950181,59.553079796240944,7,0.6375900063499065,45.486266056431155
40.99703641453353,168.48011605195993,59.70570805753678,7,0.5861029646499172,24.068588007422846
44.13383489770279,162.26983281124268,60.156949994794175,7,0.5790247147667371,23.181404687320384
39.013720525425214,479.65982270157275,59.32825867957508,8,0.8894619761326323,59.957477837696594
41.10536557976226,143.3965009772677,59.05335664348287,7,0.9214579070186012,20.485214425323957
32.134619254327774,230.5276896909103,59.11877942761964,7,0.5477632018489726,32.93252709870147
36.46177637035006,537.7746114253207,60.525289566137694,7,1.0622706475693469,76.82494448933153
46.86894288466378,213.28815642804884,59.72708501845593,7,0.49846714346778753,30.469736632578407
34.83811136383752,345.53401187409,59.252870958752666,7,0.666026557581444,49.36200169629858
39.97621317426655,143.26320338299902,60.39416427776208,7,0.649276791665554,20.466171911857003
43.15372336322322,90.04408326516771,60.109102568157844,8,0.3297250787412021,11.255510408145964
42.97728930710684,135.3985360506096,59.06201109908869,7,0.29982607753152446,19.342648007229943
37.90176207503591,342.8745603865923,58.935924461904634,7,1.0645401204252838,48.98208005522747
45.50782855915034,348.8858128482819,60.58614189829367,7,0.8173370875043987,49.84083040689741
42.845112710009616,279.98376765862224,60.272204288863186,6,0.9922367302260853,46.66396127643704
35.89133248828977,174.29020669130725,60.79838651964041,7,0.41308755350873616,24.898600955901035
33.82180825593102,372.0227158051554,60.35018536740925,5,0.9788285074257089,74.40454316103109
44.290735799635016,323.33520338261536,59.89722295356871,7,0.5015258582554516,46.19074334037362
43.54420820750876,290.10008531827214,60.19991543291574,8,0.6508473557596742,36.26251066478402
42.14456882553212,207.5264996352403,59.739656830398054,7,0.4757664217975293,29.64664280503433
42.67757167845647,398.40715327941297,60.6188922858238,7,0.8659151606014222,56.91530761134471
45.22959463184312,59.41645878651522,58.84108314626746,6,0.5321713026158821,9.90274313108587
36.89696407774182,237.87859206851005,60.36183349546404,7,0.7486606951894046,33.98265600978715
33.18743203824265,200.35929537303315,59.205780912440694,7,0.5114847741530609,28.622756481861877
42.114245075411,266.490740279267,60.39752826132863,6,0.7874135913612152,44.41512337987783
37.70481292883395,441.30248777435435,60.30334491849823,5,1.0815351624312082,88.26049755487087
38.74866107731546,105.11445267545987,59.55541347556564,7,0.3134006843518089,15.016350382208554
43.62065355504682,356.9888633146306,59.846586512995174,7,0.8836602784727625,50.99840904494722
49.547293210609894,378.5611125974888,60.267725451641965,7,1.0865613308166786,54.08015894249839
47.43830294163141,369.7829405597604,59.64604722052401,7,0.6488864950225129,52.826134365680055
41.5586398213539,258.9925948276335,58.83330342874478,6,0.6079100331674195,43.165432471272254
28.480745216456874,252.47648013736975,60.28060231953432,7,0.6264661412921502,36.06806859105282
42.71272625183507,431.6840677415459,59.971343486545294,8,0.9158254861792174,53.96050846769324
34.41465110210658,127.1494424221985,60.18938163365109,5,0.4541854598239458,25.4298884844397
36.15946911557741,252.26773675593753,60.26866194128203,7,0.629953080238528,36.03824810799107
43.826817817448685,50.69754701116573,60.54022830293306,8,0.4169288882767824,6.3371933763957164
45.917290971544126,266.71248113427464,60.464260093711154,7,0.47764710179728087,38.10178301918209
49.704833141866565,259.1926823476542,60.07125932538842,7,0.7897386599308861,37.02752604966489
38.035968152183656,312.83188848797664,59.85903451225569,7,0.5684005027538442,44.69026978399666
34.72158745541333,195.62241196046162,59.60223228625099,7,0.6535333687576141,27.946058851494517
37.70751639069194,279.59500788133215,60.22302896135095,6,0.9205674437717672,46.59916798022203
42.32576564778739,315.0598694992164,60.11417148511658,5,1.0082009101982448,63.011973899843284
36.84922433730374,411.29673683992115,60.231223358697946,8,0.952792503071029,51.412092104990144
32.91439481349411,155.39195361612136,59.914949934628694,7,0.5014980211439667,22.198850516588767
39.92583631743509,314.5485419688834,60.15019132278577,7,1.0877942571383068,44.93550599555477
43.653630977659596,333.199150856935,60.38568288914728,8,0.6859212006941857,41.64989385711687
46.28592949989598,299.0342204830357,60.38155818554988,8,0.5060466994754914,37.379277560379464
38.723860783510816,339.529021764535,59.6331423875104,8,0.6538472440801582,42.441127720566875
37.185531884264144,169.87128141991766,60.04441489291856,9,0.47325764241735246,18.874586824435298
35.110472351908435,334.73322389314995,59.99644580211282,8,0.6806069992757194,41.841652986643744
38.79726702213308,371.0623223147886,60.78872042680937,7,0.7184548295848118,53.008903187826945
44.93751488434255,311.9219290072345,60.21434330399324,9,0.6891210709750323,34.65799211191494
41.922318185853,160.75687787916456,59.06640145897396,7,0.6489645172270992,22.965268268452082
43.24635293828716,244.91857407401193,59.39918615522308,7,0.7954786643406787,34.98836772485885
45.26161709525733,278.6163618273454,60.52658288038283,7,0.7775064394656691,39.802337403906485
36.38494496508434,298.20208831816046,59.757903325107726,7,0.7776795069147461,42.60029833116578
33.10466718241237,355.2024002268928,60.16976483222365,7,0.8041408283235204,50.743200032413256
35.278978328591506,198.50166055099783,59.457479923603145,7,0.5745538841932597,28.357380078713977
37.999232047321456,448.9541572255647,59.94015996451823,7,0.8918142414928434,64.13630817508067
42.04681983072386,325.4216372074464,60.3666130401227,7,0.9386540588055144,46.48880531534949
42.51703273816607,653.8139433954278,59.661383680867274,7,1.0840577074833355,93.40199191363254
33.516664425957785,453.05358614706756,60.467256255445186,8,0.8554408789328235,56.631698268383445
38.54527841615763,138.3969390023514,60.748361290328326,7,0.4962918254015202,19.770991286050197
44.28694472221608,271.2606974728882,60.55594780417143,8,0.5791870700258637,33.90758718411102
44.31944478442257,263.1753112719294,59.84418265100255,6,0.8104671729708801,43.8625518786549
39.36210338594834,314.6991517205703,58.87964712909924,9,0.7898816056857981,34.9665724133967
49.70160598863237,367.5719343974177,59.45855705371757,7,0.976390920239996,52.51027634248824
36.38730141508512,291.6873601322356,60.20793295585918,6,0.7996602517883714,48.614560022039264
44.18583120026563,242.62095842591526,59.55407676131643,7,0.6734498316149391,34.66013691798789
36.45608173732895,333.6634342658365,60.499600919311355,7,0.7788206446179805,47.6662048951195
38.7832182547313,445.1696800487421,60.71683307964977,6,1.2738361705872046,74.19494667479036
37.88202368037479,111.0073909692517,60.07778610214963,7,0.38875304587180454,15.8581987098931
45.219429338914615,460.54342090411734,60.153888773386015,8,0.9469949467205055,57.56792761301467
41.600083660925435,281.1875434663983,58.203081658828296,6,0.5321852131901208,46.864590577733054
40.61799922329634,497.5833190083653,59.96230938218659,6,1.0214105872912729,82.93055316806088
45.46319973809856,459.31662336423574,60.63132441692463,7,1.1772927781161866,65.6166604806051
28.627592245532256,414.077053400323,60.346746008928044,7,0.8779242710330313,59.153864771474716
38.245946992127415,161.3161220400694,60.0408510955047,7,0.7126907090077341,23.045160291438485
39.69177872139554,123.91895859355887,60.45432102623843,7,0.4818894575066839,17.70270837050841
47.22174376505857,322.60598954814634,59.88413745991938,7,0.6632360799397853,46.086569935449475
35.16370758441736,263.69219122745994,59.42944499682378,7,0.671111656410137,37.67031303249428
41.14573501048603,290.2506866390583,60.007052262121476,2,1.504911301206108,145.12534331952915
38.2634826055549,44.65794734206174,59.61304537456195,7,0.378690016279682,6.379706763151677
38.2686085735219,198.3579187544348,59.762256901963326,7,0.6904495858548404,28.336845536347827
40.537594630023655,183.5907629506015,60.32594936706908,8,0.42748522180340187,22.948845368825186
36.35145152735505,287.69518699575127,59.16453467727329,6,0.5108735604468527,47.94919783262521
39.878892278379766,248.61528582879816,59.56419930707457,7,0.549724885241085,35.51646940411403
42.8186626014535,232.82685469468095,59.964071827340014,9,0.45243866720489556,25.869650521631215
37.6480807704136,151.31836884621973,60.39423999301105,9,0.6397012911602531,16.813152094024414
49.24359991393425,415.5564029056047,59.792848893979034,7,0.9162575432794449,59.36520041508639
41.94431565819036,77.86287924430827,60.43849047911527,7,0.3264362671793671,11.123268463472611
38.95508433733072,218.66871800141166,59.8027843768776,7,0.6057010276723432,31.238388285915953
43.20848359782448,154.8985036406986,59.847380913989184,6,0.3606564612393327,25.81641727344977
36.3147724235371,175.5155723798678,60.3876666993054,7,0.5946809132448082,25.07365319712397
36.14404814634611,98.43141936831067,60.86218707497681,8,0.34470062268533924,12.303927421038834
36.57597644225608,111.93196462598031,60.423786542853705,7,0.5007699809103581,15.99028066085433
41.50174479362168,437.6642908838419,60.65915921935274,7,0.8884294680529635,62.52347012626313
42.449197957948314,310.5116664826175,59.776568354356435,9,0.5613109892708135,34.501296275846386
42.00183715376572,390.2389694012267,60.003986853753545,6,0.8312381660332256,65.03982823353779
44.753426870669216,434.6653774198766,58.6048035650221,7,0.8044517338852664,62.095053917125234
36.909855621282,205.45859914523578,60.62001611555853,8,0.6737116373514133,25.682324893154473
34.93926182222013,172.71878913178898,60.527935749060255,7,0.695112991124891,24.67411273311271
38.916545014759535,261.4375118186174,60.348888970645284,9,0.6350279581619843,29.048612424290823
28.800284051222626,358.85778229555456,60.513809181999996,5,0.8667776038607025,71.77155645911091
48.32783996064241,198.6210222002315,58.974691958634004,7,0.4973481234010754,28.374431742890213
35.133082897838115,380.0868550245916,59.82924202394356,7,0.7355592297166926,54.29812214637023
45.469750869819926,37.59805542872134,59.55687505240837,6,0.4516707317013384,6.266342571453556
38.16330583925189,177.4515182711874,60.36952515239776,7,0.8349335158690728,25.350216895883914
44.45083116769661,278.72653618100384,60.08284777793494,8,0.6302803279897253,34.84081702262548
42.18798059052762,163.4612896678815,60.027828050721844,7,0.49032721455435524,23.351612809697354
39.850744838817086,510.0132598683203,60.09008818696986,7,1.2681917341117195,72.85903712404576
52.3382479856272,174.6244585042924,60.297316921585356,6,0.5934598477577803,29.104076417382064
36.99398964661967,136.48463725244147,60.38731388562405,7,0.5001692985378489,19.497805321777353
40.17336119383244,477.17497496971396,60.37028111382921,7,0.842419953885913,68.167853567102
34.85919541682288,152.32803502051624,60.42785488494315,6,0.32910781594213545,25.388005836752708
39.86983661194753,178.87500035984252,60.212255597298785,6,0.6291478618696373,29.812500059973754
48.8213014410385,239.9692896193009,60.307241472213825,8,0.6390725106540118,29.996161202412612
42.6939059630377,161.8876494298513,59.0679420350601,7,0.7239805712367267,23.12680706140733
38.60193186162162,206.15205091264392,59.5616832354645,7,0.23345422794596732,29.45029298752056
28.775281518875598,349.9417512275825,60.168595526668106,7,0.9787385638856732,49.9916787467975
44.099403534438295,555.0233319761597,60.12168296050482,7,1.1937629804372831,79.28904742516568
37.319775348331035,162.34247645886697,60.08324527488549,6,0.5719104631495553,27.057079409811163
37.238529614916764,284.75876578277797,59.73978425837962,7,0.6106625001273952,40.67982368325399
44.2942851715553,412.5591022283785,59.888931932490934,7,0.8490657058035781,58.93701460405407
38.0032812529666,118.31732314967707,60.53207142149141,8,0.3778373591942685,14.789665393709633
38.87907712935831,175.09263001245475,60.0681218196389,7,0.7672670233577672,25.013232858922105
43.56825855987438,181.06849788004354,60.54070438986052,7,0.462759055595344,25.86692826857765
38.831164709146876,306.12088610533954,60.504124013760254,7,0.6086817839607392,43.731555157905646
33.68476504223443,95.2109264933059,60.35265788418433,7,0.35470169663003515,13.601560927615129
33.30753695904493,146.31426752108513,60.12778173108604,7,0.4979168046797269,20.902038217297875
38.93552994521845,316.51914444406924,60.07619049565897,5,0.6463383835811998,63.30382888881385
35.955664191882846,104.05624132331295,60.4617389600348,7,0.3280426823470041,14.86517733190185
36.225156275201016,255.88831990894718,59.72812841328479,8,0.586416865867295,31.986039988618398
39.33491033519219,197.93730635233183,60.79434367587629,7,0.5816608443423478,28.276758050333118
42.22673819480985,493.89311962599237,59.725436761163635,7,1.1338471362181402,70.55615994657033
46.16348995466186,180.40563051429413,59.53805316912508,6,0.467942091630446,30.067605085715687
37.00246331578276,226.54191348503852,60.099817483427415,7,0.9756521227878276,32.36313049786265
35.201281592574446,456.9107480286903,60.47543980239962,7,0.9855991120181882,65.27296400409861
44.36045917260169,317.0708700819633,60.084457166663526,5,1.0934289194286464,63.41417401639266
35.27210488235904,435.4363291548099,59.71913367116331,9,0.7116936944229134,48.381814350534434
43.72888161462019,860.0625478647509,60.67740186805495,7,1.3639764572014053,122.86607826639298
47.541576936296536,251.0531685289827,59.68909173614647,5,0.9208693980643372,50.21063370579654
43.64586187298743,221.4095610310845,60.2312006284648,7,0.5207974208927093,31.62993729015493
40.371015943981895,298.5434292644626,60.19110239038467,7,0.7477764790555484,42.64906132349466
37.57990626218411,334.20466105087877,60.180545291745446,7,0.7816469521896646,47.743523007268394
38.515846694824525,271.5092268887237,59.6666121219278,7,0.8735942524461924,38.78703241267481
42.93155163316113,345.2907448972174,59.21881807294342,7,0.7650326135482702,49.32724927103106
43.72329659697131,77.7396061386098,59.590404870002764,7,0.27205020938527,11.1056580198014
42.25464457505383,52.26153426587936,59.67464557585796,7,0.28337418390711483,7.465933466554195
42.77403085042051,403.06956722560165,60.21675621060649,5,1.275464290312183,80.61391344512033
45.252256020859114,295.5315132607472,60.45481321026084,7,0.7203357475879931,42.21878760867817
40.06755451674743,172.03106206660163,58.847593454128585,8,0.6415651549032644,21.503882758325204
40.126608764028376,407.1558382718376,58.6274884161423,7,0.6776809427068976,58.165119753119654
36.167609499704035,114.30792395378428,59.70498268048438,3,0.7583485680956585,38.1026413179281
46.07321833069668,171.89562411424802,59.85115932781367,7,0.525061831066533,24.55651773060686
43.566057858952156,358.66376374864245,60.63143928282602,7,0.8576698543905648,51.23768053552035
37.185362015376064,161.11721417358885,60.227116458904554,8,0.35975232855151673,20.139651771698606
42.23283964454714,361.52397880051416,59.827472232109635,7,0.587581249013357,51.64628268578774
35.1250635001263,186.9571536050741,60.350423624337346,5,0.4233011217701352,37.39143072101482
34.85679879136239,423.56471343976204,60.41892678516297,8,0.7979697910756356,52.945589179970256
34.944508634408095,602.7643951241489,60.001247300932604,6,1.3063999688488164,100.46073252069148
41.34885753275856,231.16377239261752,59.59260598278959,7,0.5566290282824988,33.02339605608822
45.64746492063203,158.3939633152024,60.468589482834396,7,0.3951702796001122,22.627709045028915
46.965121400338354,303.24938287221283,60.823965354724855,6,0.6694405381577933,50.54156381203547
42.42011332029152,189.47275433053284,60.46205275948794,8,0.5838588514802556,23.684094291316605
42.67238600319401,285.1399773919927,60.55613138212531,8,0.7526325991486535,35.64249717399909
35.309853571372145,431.92806473480147,60.56498696437313,6,1.0208121376518853,71.98801078913358
45.348976862484584,279.7650531170202,59.24877308551531,7,0.5869465700550308,39.966436159574315
43.473043808675904,293.9489859763684,60.080267194546636,7,0.6635047804205929,41.992712282338346
43.354454424265036,309.6705311050436,60.01500343403284,8,0.7098305380522865,38.70881638813045
37.601307098203876,105.67799627305263,60.3959987409997,7,0.502542215214664,15.09685661043609
38.81801903697231,112.79829117462113,59.816946890406044,8,0.4553438876701215,14.099786396827641
41.00620084664073,471.82491047066844,60.79272278086048,8,0.7467108922478376,58.978113808833555
42.816202315437494,294.07535855462646,60.445484045961315,7,0.5121614958822575,42.01076550780378
42.35851412628246,266.8368647969087,59.748738348027956,7,0.8135789211192685,38.1195521138441
40.70078257289552,295.42413905993266,60.35591963959091,5,0.7652097274373388,59.08482781198653
44.31872967223073,171.76080521531102,60.04324153885586,7,0.543123463965233,24.537257887901575
38.59055701839666,274.2921904602832,60.38332919501448,8,0.5088072460029603,34.2865238075354
38.9122481548786,128.3531686456446,60.76753664238343,7,0.6082382322420526,18.336166949377798
35.98410988240617,311.46769011568466,60.66551147835799,7,0.5662513519233036,44.495384302240666
44.83602004780693,349.9556684119076,60.2839224369496,7,0.8251054590198057,49.9936669159868
38.45948196882205,327.2981051345614,59.85545138801,5,1.0434037902198836,65.45962102691229
42.18198947835776,288.32541215888443,58.93969474599164,7,0.511151542959612,41.18934459412635
32.08962738998744,383.91474363866405,60.82849095286702,7,0.8577696551591172,54.84496337695201
47.237045007026964,144.26597679923654,59.643012948094345,7,0.5165770407756584,20.60942525703379
36.341027364728205,350.7452955370393,60.70042485858614,7,0.8485518351138733,50.10647079100561
45.01397494722854,308.7768735011837,60.272183554588686,7,0.4256539698581172,44.11098192874052
35.58397438629267,291.3750340972636,60.51398762892313,7,0.9720157405801496,41.62500487103766
43.69867281861173,479.0430007762483,59.78156329484344,5,1.3034367211010152,95.80860015524965
36.67403058081627,404.00161467588697,59.38744611930064,9,0.773479618856088,44.889068297320776
40.29937224543896,200.63468964132392,59.13134231457462,6,0.785889628620604,33.439114940220655
39.61326409919098,359.97535301008105,59.623631349759144,6,0.8563632950767276,59.99589216834684
37.868989612934,796.8540498433039,60.071911557636824,8,1.0726809547031522,99.60675623041298
38.9624173776191,279.9788379274177,60.228069314094625,7,0.7093586603613479,39.99697684677396
35.253900432384,322.587172017872,60.07153408629557,7,0.8873825388492661,46.08388171683885
40.61180986564299,198.02594925436335,59.320315218779484,7,0.8434167672540771,28.289421322051908
41.89438240276967,540.8387396465806,60.47363839095296,7,0.9729744716557527,77.26267709236866
41.248548278139644,276.1329200224529,60.50843162947185,7,0.527321599974671,39.447560003207556
41.024698822789986,251.40133363875816,60.49756556671561,7,0.616611155030845,35.91447623410831
40.51736887820249,453.3071502627695,60.79964314429246,7,1.0429347225290688,64.75816432325279
46.018171303726994,596.9811423033923,60.31946433184449,7,1.222571770889621,85.28302032905604
42.7618879798446,281.9980554609412,60.32442519626618,7,0.6636583278315005,40.285436494420175
36.519988996501,265.79056440765527,60.13419107503674,7,0.6592844918320864,37.97008062966504
39.382714891304246,382.8808178498243,59.81811555696218,7,0.706512468532845,54.69725969283205
37.88430034642503,134.93141945034643,60.716029552955234,7,0.5025702206595807,19.275917064335204
41.9689596811754,263.86084828577367,59.96211731888087,6,0.37250056286859656,43.97680804762894
37.86905584587487,158.59981702348085,60.40024927409085,7,0.6690438815273474,22.657116717640122
37.989006303131106,258.6271318783294,60.21955646941866,8,0.35844107882348364,32.328391484791176
39.96106723198286,253.17997816730738,60.706096065660745,7,0.44188694749840196,36.16856830961534
34.787826179751455,141.60352076742382,60.267292191420076,7,0.704074695376728,20.22907439534626
36.76347967760538,436.8891769404136,60.12572597492913,7,0.9413208637577557,62.41273956291623
38.656363942888724,311.8596088805077,58.610680601334174,7,0.6880721905250778,44.55137269721539
37.879467684536685,231.41450864349272,60.30794008400572,8,0.6677532663124108,28.92681358043659
38.64358052946061,240.00440094038277,60.15140088018968,7,0.8437013034890289,34.28634299148325
45.12948328752686,255.50623643014305,60.29521336988723,7,0.6755301617014241,36.500890918591864
44.654646213423895,254.71208288253428,60.22329785328822,7,0.7328804836731525,36.387440411790614
43.53780995779677,273.9797343273211,60.29178331339407,8,0.7004620331251348,34.24746679091514
41.649453386600634,163.44824114704386,59.61436138688331,7,0.721918654242419,23.34974873529198
45.02772548154276,132.56813269086163,60.78550832126597,8,0.5003632612204394,16.571016586357704
36.05927316908398,283.190406136591,59.90129655813682,7,0.545564145664051,40.455772305227285
34.83431292843756,467.02811495047894,59.88340851869264,7,0.8492999090649884,66.71830213578271
44.72763624809897,152.9006718864278,60.583685088907195,7,0.6404272023834539,21.842953126632544
41.219537914375486,96.04844016776774,60.335996019154415,7,0.3827717367900208,13.721205738252534
41.584516751294025,219.77847260690973,60.19748422403059,7,0.5248599821291223,31.39692465812996
39.30952545405371,203.2296887376401,59.764561623388836,7,0.5187402244001048,29.032812676805726
38.64508471189005,181.99320364302008,60.23520102249231,6,0.4371137411951793,30.332200607170012
44.41211859654313,395.4033392729848,60.118330135631474,7,1.134556452935303,56.48619132471212
40.159406160638135,426.0797394673702,60.23502835791404,9,0.6837250998689367,47.342193274152244
42.35106089468594,499.3307930166826,60.588353321061184,7,1.1680035535789162,71.33297043095466
41.28392201682981,115.3281231594489,60.46251457046611,7,0.6177416936476612,16.475446165635557
46.188068233658115,150.28463986551873,60.35289494580189,7,0.40720350293301544,21.469234266502674
43.69796131024283,272.28667871337103,60.22439887159705,7,0.6579398274698463,38.89809695905301
40.309985105008764,395.4137550218959,59.89520787538177,7,0.8059983810719374,56.48767928884227
41.017806622146,576.9245519544138,59.769622019136854,8,1.0184121050665005,72.11556899430173
29.97687915509394,179.01802402441626,59.80757844235536,7,0.6393758898058879,25.574003432059467
43.50082288253258,439.56362590736785,59.50163008608946,7,0.8345544988170275,62.79480370105255
42.064664617604734,569.4521482031176,58.83645174485024,7,1.1436760233261978,81.35030688615966
43.298249969584155,124.78487114432363,60.3676907030475,7,0.48769624778093995,17.826410163474804
37.19430313961934,454.1553525625967,60.459672938368406,6,0.7149079582619136,75.69255876043279
46.38775043703655,157.47742695786349,60.32562581478143,8,0.7901655044463534,19.684678369732936
41.64332237381732,337.95213612807356,59.87336880058438,7,0.7660308392362707,48.278876589724796
37.19336958686187,337.8411696500024,59.18860926519717,7,0.6369546089318032,48.26302423571463
36.57849568819452,218.59058468485762,60.77560000189619,8,0.5850858557395582,27.323823085607202
30.034274594391206,135.9274703843831,60.4169019555123,9,0.3324898320794649,15.103052264931456
34.93627806952299,259.03762113367844,60.28122589983887,6,0.7584010136412951,43.172936855613074
45.19593363385467,114.40592008326973,59.633187124234205,7,0.4426470204567032,16.343702869038534
43.007436503194754,279.6794991773597,60.664985110719165,7,0.75167575614796,39.95421416819424
42.43465479530235,287.75137502080133,60.127629872496435,7,0.6456227419630992,41.10733928868591
38.955201821943724,553.7392605192068,58.796835323722746,10,0.8671981179119987,55.373926051920684
39.34349430816544,269.36771854609935,60.46127076481627,7,0.787138549903743,38.48110264944277
36.667951848466785,119.68335232947075,60.54776341779796,7,0.392759683292833,17.097621761352965
41.429785891743684,358.60825406418746,58.68522413095667,9,0.765515954594993,39.84536156268749
37.6938356991398,183.12286216047687,60.405712284750095,6,0.49337090575495335,30.520477026746146
33.39370368046032,155.29738877774483,60.828040931687816,7,0.5218308416862106,22.185341253963546
38.90884835051862,212.72847699950918,60.11338831612256,7,0.5192599595989498,30.389782428501313
42.843718582631794,313.58039821282,59.52744145594306,7,0.8671095834421246,44.79719974468857
45.58775895820473,136.39137368325885,60.07415804461418,7,0.5068083975858168,19.484481954751264
39.398987517724706,442.7001489776755,59.182593910040296,6,1.303205734112385,73.78335816294592
36.844227184326954,105.53409733308585,60.153314645977936,7,0.4335933854560101,15.076299619012264
30.710779928390444,600.1594044806262,60.081633759167474,7,1.1807621226839624,85.73705778294661
43.44341734407549,223.11477789585354,60.41165744595384,6,0.6290301771044898,37.18579631597559
40.598543521695504,298.1395677496166,60.188068835823,7,0.5867339424775238,42.5913668213738
40.626934286992956,118.30220074303752,59.63891752969527,7,0.44532187886827224,16.9003143918625
45.01817974228288,210.94772636770418,59.38387025568973,7,0.5401994461358767,30.135389481100596
41.48788805626354,213.241688410976,60.81166163685427,6,0.8490221993981002,35.54028140182933
38.78781042161249,142.8607310308575,60.452773339391904,7,0.46951889784580353,20.40867586155107
36.88772479691771,105.18026206086657,60.53675579513353,7,0.413810478113144,15.025751722980939
43.83318229703583,375.72883311374625,59.09916296043657,6,1.0156337508554125,62.62147218562438
36.84417336380455,229.50150935838158,60.31695876719317,7,0.7069077561929499,32.78592990834023
40.12260780761165,132.51698073185642,59.55665625011927,7,0.30477505794687754,18.93099724740806
39.692008858216724,174.78294556140366,60.368812763208524,7,0.6050450197926655,24.968992223057665
31.725733682678413,245.4981918601087,60.56539794691743,8,0.7207769280290904,30.687273982513588
44.462994200711535,505.6344553171708,60.87134055269814,7,1.1074529944725584,72.23349361673868
36.196663244152305,296.9219977079594,59.79779905860835,9,0.4502632980056643,32.99133307866216
39.514183145478405,349.579232113631,59.48739922315076,7,0.880967369352888,49.93989030194729
42.50944094780141,398.8523017825035,59.53004860024349,7,1.1007332172387958,56.97890025464336
39.04559243841602,126.59079877584507,60.37042969928439,7,0.41329517495118934,18.084399825120723
33.07030701259241,357.66628068738356,60.42261535145669,7,0.713043926798697,51.09518295534051
32.753568210376706,291.8890487678427,59.96121340395798,7,0.7175446060844687,41.69843553826325
46.34901918768177,124.16571499672382,60.339844744175224,6,0.6664749149403429,20.694285832787305
37.94273626706797,176.34000254263495,59.64274846918364,7,0.49483780674100275,25.191428934662135
38.637454497349786,321.6487670092566,59.651379256564425,6,1.0546915065821811,53.60812783487609
38.50520083825056,354.6198058576869,59.8844309981563,7,0.7533430668691021,50.65997226538384
46.81593829968172,57.82039617085589,60.39109072944948,7,0.5270620616248217,8.260056595836556
41.19207217214155,226.69986125018556,60.00962580817858,7,0.6365578406679111,32.38569446431222
38.109632763970104,369.6888069568536,59.73516693906782,6,0.812615485976577,61.614801159475604
43.15949903571325,186.9364849749528,60.48885797614355,7,0.7962145135688796,26.705212139278974
43.97909346972932,290.6323487635381,59.22209500594746,7,0.8287430318302882,41.51890696621973
42.29104561264557,370.47433195659045,59.84495314536547,4,1.2950656997873171,92.61858298914761
43.91366284056817,30.00917257701379,60.559753644732005,7,0.44891859577601717,4.287024653859112
45.194604726243476,474.1153344637518,60.35722097083886,7,0.9181504890537778,67.73076206625026
43.64599630234658,90.37876991912975,60.209081276782655,7,0.29096240340993196,12.911252845589965
39.67138430373496,153.5296779053125,60.64887114894196,7,0.3578480092306115,21.932811129330357
44.406123214931476,456.9316789373329,60.6445542075116,8,0.8846643342328431,57.11645986716661
38.65276570119757,244.29033226039198,60.53889983321197,7,0.5651346383410367,34.89861889434171
42.56717001166433,446.5915147588964,60.81905916539827,8,0.9638788712995062,55.82393934486205
40.883680016841744,278.4546290401681,59.15288086171685,5,0.8353318341016651,55.69092580803361
37.22281695837035,299.5087480472456,60.71873503729325,7,0.7209151658839938,42.78696400674937
40.479810069460804,65.15566190294894,59.32909673676103,8,0.39647913467345386,8.144457737868617
40.44584728474608,172.86137142243246,60.956154274868666,7,0.5309521966306119,24.694481631776064
38.133727318047725,216.33118445059807,60.00888940334379,6,0.8822108140682517,36.05519740843301
40.056071667045316,306.2317437742665,60.484203529809456,7,0.780364962000576,43.74739196775236
39.385240544094586,362.4574761239644,59.69679609003894,7,0.740290798931593,51.779639446280626
35.96438687322037,517.1942912730074,60.021749348695735,7,0.8812856614358008,73.88489875328676
38.871416524293565,432.9633536886359,60.66577606622932,7,0.9034689293890505,61.85190766980513
35.97417551018577,253.293303627053,60.84700926618654,7,0.5635532008412799,36.18475766100757
44.9555086965197,401.4303533893249,60.54594242908482,7,0.7428023766251861,57.34719334133213
44.32591336990156,309.67692828407684,59.952814068129,5,1.0051920450900378,61.93538565681537
39.397032589554456,187.85087161721128,59.97233459454442,6,0.6960177333289561,31.308478602868547
38.98895162428211,141.61219316202727,59.66988383284664,8,0.44375719200415686,17.70152414525341
40.57242713791866,310.9590060692044,59.10031672433516,7,0.5371202870304158,44.422715152743486
39.2354683238305,546.3703182005997,60.46060158809476,7,1.1066140331461218,78.05290260008567
37.72342281064928,263.2280379227763,59.888059310197036,7,0.6990518928965017,37.604005417539476
45.16808641062231,471.6316307370384,59.166731549055655,7,1.044204544276345,67.37594724814834
43.50195354585232,117.11413973081586,60.6090871250638,7,0.3942642782752283,16.73059139011655
40.010209243664065,228.95815844216867,59.85144574378193,6,0.6391316067740057,38.159693073694775
34.07205459961814,361.4020556344598,59.41791310340414,7,0.7514545723501816,51.62886509063712
36.66455843397397,294.2047320662325,59.8816888556006,7,0.6501882024300212,42.02924743803322
34.881580945089205,213.4831154827963,60.15440470323799,7,0.556199046439998,30.49758792611376
40.19356933183443,438.16054545964306,59.54517171318111,7,0.9044498636675959,62.59436363709187
38.13764577640077,270.63962411403196,59.97845508888029,7,0.6643605873677444,38.66280344486171
41.83966162154473,378.3155393495734,60.507469429424845,6,0.9903572116512162,63.05258989159557
40.35337850172905,206.56089030068208,59.76457103377072,7,0.7937739936701584,29.508698614383153
44.273320332094606,230.79547892889673,60.07184429265201,7,0.5950439563485814,32.970782704128105
41.830751808738974,392.1744615719731,60.08142381785364,8,0.8169534896578826,49.02180769649664
42.05220479832626,305.6594051510705,60.31953686972699,7,0.9609915506422335,43.66562930729578
34.973443226840935,288.92447237395135,60.30239309275114,7,0.36278948836916075,41.27492462485019
36.96972848554137,296.5102072395601,60.50978692197579,9,0.7403481423007426,32.94557858217334
33.09928183391721,271.95655360001007,59.10826682100605,6,0.6219698305005978,45.32609226666835
41.94325591636012,87.89227533212052,60.399310382282906,7,0.485981116905054,12.556039333160074
29.96658376853413,398.6894292928842,59.87479543745798,7,0.9933600765299873,56.95563275612631
34.80439054958971,164.20495248800478,59.88021406297613,7,0.7597994400445218,23.457850355429255
36.10341712161893,413.7020292391701,60.7874793174418,7,1.256531835811895,59.10028989131001
43.84421633165354,327.23409800358115,60.14020814929485,7,1.0482634126614747,46.74772828622588
33.27649846143943,216.06795240115719,60.488718303702385,7,0.6890676085193818,30.866850343022456
36.50458401044345,463.79624345232486,59.984787537853975,6,1.0708075262223633,77.29937390872081
41.44349324612596,304.349705607343,59.816828441628154,7,0.5481776408972078,43.478529372477574
45.72995441357924,282.47328955393266,60.221008673815504,7,0.8752224243118927,40.35332707913324
43.37386349942996,140.54012309935086,60.49274962639681,7,0.6550032512473211,20.07716044276441
41.121978388098256,270.97058630012987,60.118975390854175,7,0.4817800329471988,38.71008375716141
38.97366042187872,91.59230389966253,60.054269363897866,6,0.4449410170600186,15.265383983277088
44.16026993530188,286.6175786011793,60.71496475072558,7,0.8317383011569462,40.94536837159704
44.76035705531458,218.30232462967325,60.14904799410797,7,0.7493000489644313,31.18604637566761
38.99061712049409,356.43169398686507,59.06259789174673,7,0.7032221468357713,50.91881342669501
42.376337571951154,83.69799732131835,60.56422622427359,7,0.40928008811711225,11.956856760188336
36.63817162859687,224.26063139107032,60.34888331458824,7,0.6232382830829994,32.03723305586719
41.856490333789246,564.6151112168716,60.7433808681248,8,1.117419715199342,70.57688890210895
37.747406264237114,130.93227490406107,58.2336034508849,7,0.27197091934113027,18.704610700580155
38.3929783316341,266.5151401438793,60.03392381831787,8,0.7705690784863443,33.31439251798491
44.221857515659586,78.79160005982332,59.753001914636954,7,0.296047860968382,11.255942865689047
44.069789117814224,164.91331257527028,60.13052288627726,7,0.7279531064060265,23.55904465361004
36.615443313642295,172.48745197886626,60.00528777646442,6,0.35232813067692514,28.747908663144376
37.06488936789279,371.4038220725607,60.07370568043413,8,1.0896027787468363,46.425477759070084
44.856282249800245,166.8893136403725,59.34454991583655,8,0.4663414068928485,20.861164205046563
41.063239352408104,158.26303760406915,60.45722931122863,7,0.6953448712170045,22.60900537200988
38.74900025563005,301.81154895834726,59.77802899056713,7,0.658211239225357,43.11593556547818
41.160721144983654,124.65311158200312,59.05345810402822,7,0.47729810029142783,17.80758736885759
36.799069228506625,785.6396438710957,59.14905461323694,6,1.5831328250860286,130.93994064518262
37.36364218615293,348.1496335755327,60.38753631054633,7,0.621140331706455,49.73566193936181
44.67527713469509,102.6128149332847,58.98133565368607,5,0.6896991249214569,20.52256298665694
39.150001739184724,287.31993269300244,59.83352454475204,7,0.7548472638387355,41.04570467042892
40.253168091586694,360.99793155559826,58.63119542804549,9,0.6486482677161595,40.110881283955365
40.84257216613865,219.93388094059733,60.107567912194455,7,0.6264020068335562,31.419125848656762
32.968882762334204,377.89129647744716,60.6247205983999,7,0.8520034905993898,53.98447092534959
40.01962674938935,144.63634858614628,60.55287437199079,6,0.4244724475529111,24.106058097691047
42.484502902736914,140.53906842041602,60.46002554746275,9,0.45655449473730286,15.61545204671289
41.81683411475251,299.3053029408792,59.03785194386651,7,0.5807107065037951,42.7579004201256
38.185058012127534,284.1187478502347,60.594120900698876,7,0.7977215539566493,40.588392550033525
41.968111009508426,887.6377406771311,59.58796831086803,7,1.5173485251176428,126.80539152530444
35.585068290277775,236.8005085631135,60.21071831799334,7,0.7955445313575928,33.82864408044479
38.6873948016033,222.59148178050623,60.27450877410314,7,0.7222887347029475,31.79878311150089
38.953754596334534,318.61512011406967,60.00801736098826,7,0.7163612255710983,45.51644573058138
42.60467776908395,182.71084492693467,59.756513858568006,8,0.7688172269343361,22.838855615866834
39.4501449730882,429.52081949923115,59.83086882186437,7,0.8905881550501833,61.36011707131873
40.603623768684976,186.6332739147018,59.92248780445787,8,0.6466048022071724,23.329159239337724
42.38158102417893,301.208558865405,59.698345729423245,7,0.6512538591176726,43.02979412362929
37.934337988426776,111.39356560291152,59.58433092498689,7,0.446656646256272,15.913366514701647
43.30153044527281,400.6840040913816,60.01451744036796,6,1.006093124075708,66.7806673485636
44.62296371311524,376.50468033540386,60.39501928513597,7,0.8663455628718616,53.78638290505769
40.267886887489716,235.72048891049826,60.326022302945724,7,0.8086916090747316,33.67435555864261
40.62589781716204,265.31764645353775,60.2846292741496,7,0.7046115034461008,37.90252092193396
40.19750041382153,71.50575023214351,60.47131933542648,9,0.2970401410832746,7.945083359127057
45.2053119632388,218.62330805599413,58.70754747213565,6,0.7847597482420576,36.437218009332355
39.68933229461649,603.1599427512016,60.124830749568815,7,1.2477618933503778,86.1657061073145
43.604497844375274,52.46854254653961,59.355359829979356,8,0.1776453692976074,6.558567818317451
38.326182626260064,134.18458662200464,60.830057221234384,9,0.43016610237653086,14.909398513556072
42.97998687170808,210.04938176406384,60.13511669984645,8,0.40961151149393704,26.25617272050798
41.36156977533297,65.4991451561296,60.36301679544148,7,0.511609157038205,9.357020736589943
44.70901468670997,357.8183689677713,59.81649924196569,7,0.783435062373709,51.116909852538754
42.237328696675604,182.22731250140734,60.132589269752174,7,0.5302732002448017,26.032473214486764
38.28566055196278,431.59278690256883,60.50713441468993,4,1.6492015471084895,107.89819672564221
41.051913480570825,274.77219398078375,59.793258707547245,8,0.7120193011902042,34.34652424759797
49.2201111494553,347.0187956497156,58.79938326025536,7,0.9035329271167287,49.57411366424509
44.93837981521439,161.31867202703165,60.73653376335498,7,0.2834077516153761,23.045524575290237
40.439221622066896,260.28847666843507,60.17107005691541,9,0.36974304839166944,28.92094185204834
36.09005899331672,206.6297747381951,58.987726779315885,6,0.4301336650881553,34.43829578969918
44.97428568419244,263.99505433617844,59.40925722053744,7,0.8928340354766364,37.71357919088263
54.05965571932644,206.75270985837616,60.27237065398268,7,0.7265734587857661,29.53610140833945
37.10913286288884,116.87328828721131,60.55331955854582,8,0.5089260873927842,14.609161035901414
35.09618270744191,391.04305511097556,60.755986809218314,7,0.693542396786157,55.86329358728222
43.64115037702209,274.1345111812695,60.14293551350118,7,0.8330738848682129,39.162073025895644
41.72799350725429,506.8776962977906,60.2886481206666,7,0.8301930081222955,72.41109947111293
40.468676914374235,152.65591216205092,59.934375653434415,7,0.38351863024125854,21.807987451721562
45.002399624838056,88.38186034025128,60.164541821873996,8,0.4791322269212235,11.04773254253141
42.53874772873241,175.132401846818,59.704582772553564,7,0.643913937434838,25.01891454954543
47.41589261564952,319.93318637491024,60.60704003935516,6,0.8962938521211561,53.3221977291517
37.80484492898427,338.49128911820566,60.24952710636877,7,0.8741863238410972,48.35589844545795
34.445343106398134,137.58267851395192,59.72730101792183,7,0.5334705544584438,19.65466835913599
44.02297560748353,205.4551311781052,59.83993881981917,6,0.5863646540821058,34.24252186301754
36.84290237215874,233.3635258794347,59.9464163057376,7,0.4454828048050876,33.33764655420496
37.187862374771285,194.147587697183,60.096190358703595,7,0.5769212385362683,27.735369671026145
43.14857433967982,257.0714567771584,60.472159341462415,7,0.7488703235311116,36.72449382530834
35.694696818311954,413.88135934247987,60.441105704343265,7,0.8770015835601641,59.12590847749713
43.25680989796325,253.6920262066428,60.717088130720654,7,0.9052677727387352,36.2417180295204
40.54476205665896,502.847050320962,58.15824452253587,7,0.9957068766779104,71.83529290299457
36.620025885283745,252.34656911429542,60.84027085046544,9,0.44454086090869405,28.03850767936616
36.109489812028436,462.265513193639,60.07404433938312,5,1.021178106728065,92.4531026387278
30.975500131319258,194.4720954267909,59.16424959063719,7,0.45857394862102746,27.781727918112985
36.64697201006888,110.80985439007553,60.1976317339602,7,0.1058433884482558,15.829979198582219
46.84057340091964,308.07243514186246,59.67972266419017,8,0.6033253051270402,38.50905439273281
38.923950097841534,220.34230982872623,60.72617863754376,9,0.6748544728689008,24.48247886985847
36.31438695663287,90.34729378730276,60.32355641934473,6,0.34292498970146346,15.057882297883793
38.67919850680852,383.1170491392198,59.962294569268536,7,0.969343243321786,54.73100701988854
32.839208698963446,105.43363126020503,58.985164102034304,6,0.6035539610679999,17.57227187670084
43.827604782483014,300.70365617755226,58.87897906689001,7,0.9423328364382237,42.95766516822175
48.81110578658706,489.83401459256913,60.1522125428027,5,1.1583088597315696,97.96680291851382
39.91985277741926,588.995437563144,60.69190749389877,6,1.2142617120163688,98.16590626052401
46.017681261238394,157.70764181344677,59.813301936536874,7,0.6775927681422023,22.52966311620668
38.493845155682855,164.34214889642203,59.76395579144199,7,0.29710575893324975,23.477449842346005
43.49610054394959,268.4639573494168,60.191253454346686,7,0.8604196518041465,38.35199390705954
37.76727832832521,333.5606447927733,60.0706966519868,7,0.859073957817231,47.6515206846819
35.90865658913974,336.66396775415853,60.19858657005809,6,0.8471443612549838,56.11066129235976
37.96339105872836,106.35470406595604,60.18678603556048,7,0.7443987019403219,15.193529152279435
33.71669918987041,85.55163708256023,58.60903872693073,7,0.4817283991646499,12.221662440365748
40.02717071061825,378.9920238966416,60.44730594959331,6,0.8690180665133048,63.165337316106935
36.70004699216114,272.6950850059348,60.05027097344453,7,0.780681513711762,38.956440715133546
34.759272492446705,474.19283042591036,59.9965407465499,7,0.8239818558292945,67.7418329179872
43.596613641159124,377.81786465958317,59.9298075304857,8,0.747603036347601,47.227233082447896
41.12428187229105,338.1761604092785,59.79297336079869,8,0.9899787485410434,42.272020051159814
36.77737902503751,686.4985850704945,60.56772624227015,7,1.309326114517452,98.07122643864207
43.90313323429632,608.3562749317575,59.1832827170002,10,0.9902133685992578,60.83562749317575
30.374032564081375,277.25280144350614,60.52230779711462,7,0.6021874526229297,39.60754306335802
40.8666395111273,381.79878396416507,59.319467958236416,7,0.7259421192379495,54.542683423452154
41.89168303822419,284.45639529596843,60.39393277091016,7,0.6089757074568467,40.63662789942406
37.559830078360775,327.1362602413878,59.53775023173989,6,0.858259451853502,54.522710040231296
36.31316310220185,462.1104186482304,60.748949848822,7,1.0527147233130998,66.01577409260435
39.99587791299021,270.46633726186803,60.14811222566975,6,0.7661596491963216,45.07772287697801
40.410111268044034,206.32931393598,60.215232257332694,5,0.8207679373393741,41.265862787196
42.199154743929846,452.87148137609637,60.310925678551456,7,0.9437141200084747,64.69592591087091
39.58104326667771,175.78234863671923,60.176661436497405,6,0.5114231193745596,29.297058106119874
44.63843450174781,313.97660278304943,59.44847910958079,6,0.9256521471932929,52.32943379717491
42.35174759882638,343.543240090435,59.9548055730569,7,0.6639284215366708,49.077605727205004
38.84733699839726,122.53045735564231,60.2087609714323,8,0.4856230304482459,15.316307169455289
38.39339310216415,198.99867500394421,60.504925531391585,8,0.5402240540927903,24.874834375493027
36.86671129709556,83.08898100420474,60.32372244494365,7,0.45205020760177755,11.869854429172106
47.265719963742384,576.1161787175292,59.389560280279326,8,1.0814422484297581,72.01452233969115
38.85014023113081,96.64533007953233,60.46883885794088,6,0.5220385257088908,16.10755501325539
44.09051798672804,64.36606633191906,60.622766815816384,8,0.27439577931993653,8.045758291489882
29.634861876594115,210.77080965466905,59.71019603218546,7,0.5201267728548788,30.110115664952723
38.58492270347229,186.64400035552512,60.40117239110153,10,0.609624496431843,18.66440003555251
41.32671279794922,166.59431923299607,60.13111797403162,6,0.438398098008007,27.765719872166013
44.961838476139626,237.78693359117287,60.140395826011925,9,0.7020600121114889,26.420770399019208
39.36245953944893,255.2708081178477,60.21527980524601,6,0.812005053514915,42.545134686307954
45.755667272166185,400.65712263938354,60.54696897560434,8,0.9379601056752029,50.08214032992294
35.13257072582292,257.9836833271313,60.04117518151763,8,0.7733434627206788,32.24796041589141
38.80297362069346,104.7462582175236,58.761340394862735,6,0.6196170670480948,17.4577097029206
43.190237396813856,239.44631075016076,59.38690396149015,7,0.7988213932656689,34.206615821451535
42.53636179208729,96.49543189374349,60.730936635062,4,0.33113406156362835,24.12385797343587
43.23835987381397,182.7186925810333,60.40110951750219,7,0.38886406766034476,26.102670368719043
41.68621996282482,510.231837146843,60.5269491271435,8,1.0909916476938897,63.77897964335538
37.88751043089321,469.65660240460045,60.46612703663989,10,0.7341039447138789,46.965660240460046
39.00320162535132,406.79738117410875,60.27558503336423,7,0.8640228486642576,58.11391159630125
43.172449212966065,101.04124985198892,60.02845595444301,6,0.6126000078246994,16.84020830866482
44.28519496217528,389.24659820718324,59.876493647286665,6,1.003481807194949,64.87443303453054
38.09572935351499,387.15769447592703,60.124124283277204,7,0.7362832544127448,55.308242067989575
37.77036487950789,240.58764349896197,60.56168064471922,7,0.7293926102610233,34.369663356994565
39.22750517072247,412.99181523519263,60.73625961303457,7,0.8844676716712876,58.99883074788466
39.43906480936863,256.30157247856187,60.30553501181042,6,0.7879332512230798,42.71692874642698
36.77783131517754,213.16674753722305,60.87125438623124,7,0.570470099495149,30.45239250531758
42.5446004153642,448.60655974103673,59.12978212821934,7,0.7715098570257379,64.08665139157668
37.49814960621728,114.88881982019149,60.148664193051985,7,0.43530099433437197,16.41268854574164
39.0922256622882,339.0872080641761,59.62592878764788,7,0.748891457043993,48.441029723453724
37.65125715543849,282.5604362654298,59.89837925824702,6,0.8533738939917621,47.0934060442383
36.83216530206033,366.16016559406563,60.52954253407879,7,0.7403472757279002,52.30859508486652
32.19676073106633,185.54087835593745,60.13790295570368,7,0.6545772770985268,26.50583976513392
42.26952693037007,106.6138398117992,59.70273463948119,7,0.5047184197250394,15.230548544542742
45.455536778345014,245.4765372109998,59.599843682636475,8,0.5640055419874803,30.684567151374974
42.39354291408012,111.50354093811113,60.31336228296216,8,0.3051304777711312,13.937942617263891
45.97351107168453,136.5936727070484,59.16241545404314,7,0.7093538295924132,19.51338181529263
41.00338040453037,349.84500592788163,60.274432889767006,7,0.9526154100340531,49.97785798969738
43.38898366072952,418.90078752238924,60.789659741730915,7,0.8071488731768826,59.84296964605561
43.090703168998516,392.368922021736,60.17651929802623,7,0.8512106108078782,56.05270314596229
36.75138612025124,116.75408169093366,60.283925757126575,6,0.5156146626242548,19.45901361515561
32.662309618414234,163.18073385985275,59.291102188125514,7,0.5160930909248793,23.311533408550392
43.82227667489873,239.17245290646886,60.40927690118667,7,0.6647657359193372,34.167493272352694
35.37598156864667,541.3983076779584,60.23578507953042,7,1.1153970849869057,77.34261538256548
40.74998137129203,231.1111985817004,60.035870922447785,7,0.5499717243332678,33.015885511671485
41.529867760068946,332.846304298637,60.66078843920786,6,0.994316714603471,55.47438404977283
38.73418479867877,126.76681641236569,60.83841110521924,8,0.5072865568727809,15.84585205154571
44.69046930090165,624.3993944536422,59.95397226028125,7,1.3156009686326218,89.19991349337747
34.537846367817224,211.51266126177995,60.43795286141982,6,0.5107404368654249,35.25211021029666
46.155119253133094,346.4336464297245,60.19763351682515,3,1.4253461399652996,115.4778821432415
39.311167309655,338.34017578802576,59.65234875153699,7,0.7966866539310737,48.33431082686082
42.27115264033219,365.986271475799,58.913267746843516,7,0.5999413409930487,52.28375306797129
40.715453047290566,170.04209158763703,59.45902102748033,9,0.33045755160315865,18.89356573195967
43.13105003953512,281.3500343232819,59.012406690329456,7,0.8887210857215557,40.19286204618312
41.609443792148504,513.2820633213408,60.78298770934429,7,1.1060400580326002,73.32600904590583
37.764450365607715,144.96472735394076,60.9057129481841,7,0.49266044523862307,20.70924676484868
34.97680919417191,200.95426505967055,60.025331774787226,7,0.6178165288996031,28.707752151381506
32.9000328985591,343.12978801503084,60.3548097837721,7,0.6393507310949111,49.018541145004406
38.60227295392497,105.34464338300248,59.891719644877526,7,0.3480803338711289,15.049234769000353
33.36719061461428,135.63610099346272,59.89157980380204,7,0.21072130445943443,19.37658585620896
39.454770936077274,355.55224571702627,59.917580083390504,7,0.7692136970810945,50.79317795957518
42.6717803302307,421.33727662222236,60.22530273623734,8,0.8395846089321908,52.667159577777795
43.86482177447599,286.4419500168706,59.523862193915875,8,0.7376771808755189,35.80524375210882
43.747163389524005,110.09504811912805,59.49025773577135,7,0.441985956577418,15.727864017018293
42.45763711670539,501.77713305037065,59.723010774013304,6,0.9918728043625462,83.62952217506178
49.15624059197506,254.4109403312172,60.71060093117597,7,0.8961325301303292,36.344420047316746
34.53498360564069,524.8367351215835,60.77604110261445,5,1.3190922255034658,104.9673470243167
31.806913495956366,247.13310973750472,60.48480270683892,7,0.6860581899887586,35.30472996250067
40.11104330372377,217.05050609517264,59.62154204138793,6,0.748593005499681,36.17508434919544
44.50254486231256,473.60993635139886,60.36559034362082,7,0.7073422095882744,67.65856233591413
31.088523540947154,218.93758266108776,60.28595693429042,7,0.560749639397518,31.276797523012537
40.956269089364746,673.0580851393495,60.5150817588785,7,1.2878316250593536,96.15115501990707
37.622050835741064,282.99568636583336,60.24984513747253,8,0.5666216449149805,35.37446079572917
38.36819752049621,235.91921854126502,59.7671404214405,7,0.6107171339681925,33.702745505895
39.178179425330455,183.82477674419408,60.472265715159395,7,0.5190139322192938,26.260682392027725
34.99763953539979,281.21131257659675,59.56728606667529,7,0.8194181956118415,40.173044653799536
42.0815898105443,210.70813774161937,59.60123086995131,6,0.702558874502825,35.118022956936564
35.3240421378704,250.46677359078762,59.917913955148286,7,0.5883149688822968,35.78096765582681
39.19323096099477,324.6654904665689,60.191525936057694,8,0.6037502597564299,40.58318630832111
35.493226380779234,269.620817461613,59.80294311931283,5,0.9431825443450592,53.9241634923226
38.44641418520222,184.04600489442615,59.99440494254588,6,0.6446521122983293,30.674334149071026
35.80748296817049,192.53823291269123,59.94087475565789,8,0.47035138177613767,24.067279114086404
42.62821336100503,662.8671120027603,58.64527946012732,7,1.067221659868903,94.69530171468004
40.780408137576735,184.34847855218268,60.716087000417026,7,0.7611104211968838,26.335496936026097
37.73143429473799,467.12707610695685,59.96694099865274,7,0.9368394142376667,66.73243944385098
41.78752108433994,164.88330128126844,59.99305037163036,9,0.6664811587122957,18.320366809029828
40.236234834132475,219.53829593592573,60.58528547238469,7,0.39301844495735583,31.362613705132247
38.72820729596891,243.28942626603578,59.842076166964624,5,0.8585510210983939,48.657885253207155
43.217513715209016,179.453582696549,60.055874071206,7,0.5958126135370964,25.636226099507002
35.35880792532679,518.1531504601187,60.447937708725235,7,0.8948419727433463,74.02187863715982
35.765627562931314,342.48537847804835,59.12825912921814,6,0.7561565445582007,57.080896413008055
