alert_id,alert_time
1,2026-09-01 08:00:00.000000000
2,2026-09-01 08:05:37.873024783
3,2026-09-01 08:41:45.160455043
4,2026-09-01 08:57:33.217354395
5,2026-09-01 09:08:30.535993113
6,2026-09-01 09:10:32.665899845
7,2026-09-01 09:12:34.775230023
8,2026-09-01 09:13:17.859143421
9,2026-09-01 09:37:25.945365846
10,2026-09-01 09:48:27.684516457
11,2026-09-01 10:03:14.184560884
12,2026-09-01 10:03:29.160062643
13,2026-09-01 10:45:31.721444756
14,2026-09-01 11:06:57.950715971
15,2026-09-01 11:09:49.805806150
16,2026-09-01 11:12:14.294678049
17,2026-09-01 11:14:40.174902488
18,2026-09-01 11:19:01.357587699
19,2026-09-01 11:27:56.985625918
20,2026-09-01 11:34:44.172313999
21,2026-09-01 11:38:52.012868637
22,2026-09-01 11:50:13.399897844
23,2026-09-01 11:52:01.568758527
24,2026-09-01 11:56:10.339927168
25,2026-09-01 12:01:38.859524287
26,2026-09-01 12:08:57.292499546
27,2026-09-01 12:27:24.606427488
28,2026-09-01 12:30:04.976248220
29,2026-09-01 12:38:44.837239843
30,2026-09-01 12:49:31.040639186
31,2026-09-01 12:50:05.286611010
32,2026-09-01 13:01:18.726385877
33,2026-09-01 13:03:33.338487300
34,2026-09-01 13:04:21.768517533
35,2026-09-01 13:40:02.823728857
36,2026-09-01 14:20:29.677575429
37,2026-09-01 14:40:19.356307854
38,2026-09-01 14:44:40.923567031
39,2026-09-01 14:45:54.923233832
40,2026-09-01 14:59:44.903783263
41,2026-09-01 15:06:42.569189924
42,2026-09-01 15:08:16.278798371
43,2026-09-01 15:16:28.432802627
44,2026-09-01 15:16:53.628282066
45,2026-09-01 15:45:41.932760988
46,2026-09-01 15:49:17.542360313
47,2026-09-01 16:02:19.646535279
48,2026-09-01 16:06:48.600074072
49,2026-09-01 16:15:37.159919126
50,2026-09-01 16:25:06.841053672
51,2026-09-01 16:27:34.000845317
52,2026-09-01 17:09:28.821980887
53,2026-09-01 17:27:23.238652426
54,2026-09-01 18:01:02.906634315
55,2026-09-01 18:28:04.456072539
56,2026-09-01 18:39:00.415249454
57,2026-09-01 19:09:36.008722527
58,2026-09-01 19:10:42.720652973
59,2026-09-01 19:13:19.777633107
60,2026-09-01 19:13:53.100648401
61,2026-09-01 19:18:36.443750899
62,2026-09-01 19:24:30.777560990
63,2026-09-01 19:28:18.701080100
64,2026-09-01 19:49:29.182743073
65,2026-09-01 19:54:46.866182734
66,2026-09-01 19:58:44.324227630
67,2026-09-01 20:08:07.657327539
68,2026-09-01 20:09:57.023993969
69,2026-09-01 20:29:23.772182926
70,2026-09-01 20:30:19.554808470
71,2026-09-01 21:22:20.140172972
72,2026-09-01 21:40:05.368491865
73,2026-09-01 21:42:44.876889029
74,2026-09-01 21:42:48.863831699
75,2026-09-01 22:03:05.589511489
76,2026-09-01 22:17:49.098564807
77,2026-09-01 22:33:29.175859134
78,2026-09-01 22:51:11.330317885
79,2026-09-01 22:52:06.719389054
80,2026-09-01 22:57:26.322113193
81,2026-09-01 22:58:54.990188508
82,2026-09-01 23:22:46.731480101
83,2026-09-01 23:34:29.668338133
84,2026-09-01 23:39:18.977875033
85,2026-09-01 23:40:06.258882412
86,2026-09-01 23:44:34.450494707
87,2026-09-01 23:49:17.636728199
88,2026-09-02 00:04:59.307292648
89,2026-09-02 00:17:10.027631074
90,2026-09-02 00:43:21.249008003
91,2026-09-02 00:51:01.376624033
92,2026-09-02 00:52:33.084747436
93,2026-09-02 01:07:32.455715343
94,2026-09-02 01:24:42.338497558
95,2026-09-02 01:34:35.537493875
96,2026-09-02 01:52:16.738269914
97,2026-09-02 02:00:26.924876601
98,2026-09-02 02:09:19.493640520
99,2026-09-02 02:16:01.119860134
100,2026-09-02 02:16:19.658257406
101,2026-09-02 02:17:41.858810744
102,2026-09-02 02:18:04.851061274
103,2026-09-02 02:30:13.296337941
104,2026-09-02 02:34:45.021968273
105,2026-09-02 02:43:16.536735809
106,2026-09-02 03:11:51.047917298
107,2026-09-02 03:15:17.499869845
108,2026-09-02 03:21:37.862891760
109,2026-09-02 03:38:32.162277987
110,2026-09-02 03:41:39.221990967
111,2026-09-02 03:42:36.897071523
112,2026-09-02 03:46:43.238090321
113,2026-09-02 03:48:49.820108441
114,2026-09-02 04:20:41.384170275
115,2026-09-02 04:40:30.022868223
116,2026-09-02 04:52:32.538685397
117,2026-09-02 05:17:09.632891371
118,2026-09-02 05:36:41.770528704
119,2026-09-02 05:39:10.447271682
120,2026-09-02 06:05:56.632923451
121,2026-09-02 06:15:14.704852866
122,2026-09-02 06:35:00.795622604
123,2026-09-02 07:02:11.050330090
124,2026-09-02 07:06:46.616445911
125,2026-09-02 07:08:10.562801200
126,2026-09-02 07:11:16.817258420
127,2026-09-02 07:17:57.898797199
128,2026-09-02 07:38:24.656200379
129,2026-09-02 08:02:04.024580132
130,2026-09-02 08:02:09.047594742
131,2026-09-02 08:10:43.758429465
132,2026-09-02 08:17:12.755220526
133,2026-09-02 08:20:13.595704084
134,2026-09-02 08:21:45.525585996
135,2026-09-02 08:26:42.099763496
136,2026-09-02 09:01:03.546971833
137,2026-09-02 09:05:44.623309907
138,2026-09-02 09:14:31.269330054
139,2026-09-02 09:29:05.411953408
140,2026-09-02 09:34:30.833592664
141,2026-09-02 10:17:19.648252234
142,2026-09-02 10:56:42.695354703
143,2026-09-02 11:00:11.539487097
144,2026-09-02 11:08:26.654167590
145,2026-09-02 11:12:44.364098846
146,2026-09-02 11:16:45.743865840
147,2026-09-02 11:17:12.804689831
148,2026-09-02 11:28:29.958980938
149,2026-09-02 11:36:52.893116575
150,2026-09-02 11:37:30.945899488
151,2026-09-02 11:41:26.116562615
152,2026-09-02 12:10:06.096447399
153,2026-09-02 12:13:23.276044941
154,2026-09-02 12:15:15.978264850
155,2026-09-02 12:23:20.014183671
156,2026-09-02 13:14:15.720811153
157,2026-09-02 13:17:35.265076916
158,2026-09-02 13:30:58.176684330
159,2026-09-02 13:48:10.575775222
160,2026-09-02 13:51:25.935659303
161,2026-09-02 14:07:03.914887817
162,2026-09-02 14:12:34.051303287
163,2026-09-02 14:24:34.414001653
164,2026-09-02 14:36:37.177237192
165,2026-09-02 14:45:49.694617157
166,2026-09-02 14:46:57.827611501
167,2026-09-02 15:08:36.451863358
168,2026-09-02 15:13:14.955274798
169,2026-09-02 15:15:43.586391555
170,2026-09-02 15:16:13.559818606
171,2026-09-02 15:26:57.080269914
172,2026-09-02 15:40:32.013518586
173,2026-09-02 15:40:44.056920828
174,2026-09-02 15:49:20.750941703
175,2026-09-02 15:52:25.664327582
176,2026-09-02 16:04:51.673853496
177,2026-09-02 16:07:09.628893724
178,2026-09-02 16:21:15.061913572
179,2026-09-02 16:27:07.112178278
180,2026-09-02 17:00:14.559727097
181,2026-09-02 17:02:01.079704773
182,2026-09-02 17:07:01.415057249
183,2026-09-02 17:08:28.134942475
184,2026-09-02 17:39:30.192028423
185,2026-09-02 18:04:40.992297578
186,2026-09-02 18:08:15.788004022
187,2026-09-02 18:21:12.497176133
188,2026-09-02 18:41:36.125708433
189,2026-09-02 18:51:19.421008127
190,2026-09-02 19:00:22.502183466
191,2026-09-02 19:03:41.853656181
192,2026-09-02 19:04:52.216477322
193,2026-09-02 19:32:10.305199462
194,2026-09-02 19:59:51.182787368
195,2026-09-02 20:11:53.105129395
196,2026-09-02 20:16:51.218616459
197,2026-09-02 20:22:00.507299843
198,2026-09-02 20:37:32.522409246
199,2026-09-02 21:04:49.872500603
200,2026-09-02 21:31:00.287950568
