Country,region,gdp2011,gdp2012,gdp2013,gdp2014,goverment_effectiveness,articles,percent_internet_users,Gross_fixed_capital,investment,trade,health_expenditure,employment,lfexp,pop_growth
Albania,ECS,3678.04770145146,3736.34007957648,3780.69919254096,3855.76074409659,-0.202177077531815,140.71,47.0,29.3662326698569,31.4135814808892,81.218568933066,6.18297672,51.858,78.092,-0.269017331764615
Algeria,MEA,4501.35430135827,4518.4397895726,4543.23444004859,4634.10149183949,-0.520578742027283,2405.01,14.9,32.5550419569134,39.7538222142123,62.2200899610479,5.26748085,39.006,74.123,1.9568943735315
Angola,SSF,3099.9422899117,3236.57494513146,3268.63890723473,3300.73510980871,-1.19323122501373,17.78,4.7,26.3924036529294,26.4243531675539,99.9825063313368,2.64560771,64.35,57.596,3.8879459971363
Argentina,LCN,14040.6189124444,13754.4254235596,13946.0950832252,13456.1319159151,-0.0723610669374466,7625.07,51.0,17.2482847013515,18.39845891735,35.2061549999644,9.41819859,56.296,76.124,1.06474009749784
Armenia,ECS,2943.83687119315,3159.75860786889,3266.29882999873,3393.09252326884,-0.11502830684185,588.71,32.0,30.7367448594284,31.9217989798477,69.4355736620453,9.38,49.94,73.305,-0.556590762896162
Australia,EAS,54111.357240336,55257.5739287362,55728.0174035719,56327.8533063277,1.69013810157776,45374.3,79.5,26.0235915460689,26.4641090007536,41.851132029052,8.53744984,62.184,81.8951219512195,1.38952731561803
Austria,ECS,44146.1957578601,44221.4600041556,43851.3675464788,43838.8346845363,1.60288524627686,11806.83,78.7,22.7073592505649,24.3521600435893,105.775098372378,10.03,57.131,80.9829268292683,0.337080841831645
Azerbaijan,ECS,5152.83850244744,5194.92091665083,5426.09594155961,5506.18169600319,-0.772403717041016,640.75,50.0,20.1776045466764,20.2678468568795,80.5080450059522,2.6,57.873,69.984,1.30300085487651
"Bahamas, The",LCN,30510.3112586785,31111.9605332274,29943.2833151727,30229.5788172228,0.97444885969162,10.78,65.0,28.3661603999821,30.1833582411908,88.3336891598687,5.32398558,62.024,72.564,1.15016412529445
Bahrain,MEA,23288.0449398313,23894.8804447088,24271.6278814506,24135.4991304849,0.495083898305893,180.98,77.0,20.2646355948478,25.3549100633717,167.529552130527,3.8651762,70.327,78.89,-2.76659927564461
Bangladesh,SAS,995.579947155662,1050.39140404066,1103.15695907123,1159.40753475981,-0.772120714187622,1391.46,4.5,27.4209733686034,27.4209733686034,47.4208498356898,2.36418128,55.941,68.809,0.908525895582217
Belarus,ECS,5941.70254722329,6052.65016288478,6115.445804695,6212.92980286522,-1.19257616996765,1114.89,39.6,37.685885856564,37.2175950788459,157.974255073313,4.87,59.473,70.5536585365854,-0.234282914157686
Belgium,ECS,40236.9596151297,40074.4928091814,40007.8997697861,40533.9134833922,1.72347581386566,15583.08,81.6,22.7900061624511,24.4795580355563,160.765516888126,10.36337948,49.491,80.5853658536585,1.3010029017038
Belize,LCN,5777.83112948952,5866.25148992843,5998.17830945783,6109.47778375326,-0.248732417821884,2.26,30.7,13.902192058236,11.521304835664,107.194658055335,4.54942894,56.921,72.651,2.17847430341063
Benin,SSF,927.716412864011,943.918771558781,982.399206319429,1014.43300624336,-0.547139346599579,128.9,4.15,18.2263279960581,16.4625572802737,47.2170288118403,2.99707985,69.977,58.462,2.97782202797765
Bhutan,SAS,2552.48871081346,2654.7479890751,2671.07460167268,2797.81883896042,0.691294491291046,16.25,14.4,67.7904383518945,68.2199910305574,102.795600232875,3.34921789,65.233,68.881,1.0978069996978
Bolivia,LCN,2568.52051362119,2657.23884603876,2793.51456770698,2900.90241433528,-0.46942475438118,82.48,30.0,18.9656256308952,19.8155524290026,82.4803954243518,5.17306805,66.707,66.534,1.62276978666345
Bosnia and Herzegovina,ECS,4093.05152243746,4138.70218363601,4305.4675564178,4411.38102277262,-0.736359298229218,551.18,43.9,21.9769289026201,22.199889582133,87.8363477136556,9.18,37.068,77.007,-1.84492216631166
Botswana,SSF,5850.21717127884,5743.05277966638,6285.11821840855,6547.1232682172,0.411628901958466,167.78,9.0,30.1982921302029,39.1181150467037,98.9614677801469,5.86915016,49.635,60.53,1.96877479635498
Brazil,LCN,9067.99316393419,9167.49923975685,9366.73932481225,9338.34278324839,-0.152404069900513,44155.52,45.7,20.6089642083346,21.8262711161868,23.9344051753252,7.78819132,59.955,73.343,0.81381388423754
Brunei Darussalam,EAS,33754.3639675001,33544.538880398,32381.0738305277,31148.729616258,0.891406118869781,79.69,56.0,25.9140203271338,26.0242927416393,99.5379308564156,1.86409724,62.221,74.858,1.78274591747739
Bulgaria,ECS,6611.30386682636,6699.50303013555,6700.53599670634,6802.71036465632,-0.0711113885045052,2459.0,48.0,20.8392514705093,21.3581829600151,117.41810388629,7.1,46.633,74.1634146341463,-0.641228920515067
Burkina Faso,SSF,581.603658737407,600.731343697818,616.741331164082,624.576885187665,-0.568243741989136,150.19,3.0,21.1137502536834,22.1235118043343,57.4972531038508,4.64868164,65.77,57.125,2.95657078370668
Burundi,SSF,290.948032142504,293.232620547249,296.816900573427,299.077479357732,-1.08492064476013,10.02,1.11,15.4457474178357,16.3457475597031,43.0000028373483,10.06996346,77.307,57.769,3.57769854786004
Cambodia,EAS,1221.38839852454,1295.25271477893,1376.29557595926,1464.53115866927,-0.872488141059875,71.36,3.1,21.3854992854878,22.3677149230901,109.790505166814,7.50353098,84.946,68.416,1.51839242344005
Cameroon,SSF,1297.3064962694,1319.66961634054,1347.2130636706,1381.81938454907,-0.894476115703583,402.04,5.0,18.9348906367022,18.732400822037,51.521987603918,3.85282946,72.238,57.133,2.82842297078772
Canada,NAC,42043.6419607016,42320.6431282192,42851.1705330235,43643.2356474848,1.77254545688629,57715.63,83.0,23.5104953995433,24.1514534714945,62.4987387708328,10.37950897,61.508,81.4826829268293,0.97540725097113
Central African Republic,SSF,532.38295493852,553.729578314912,349.821171688973,351.561554911625,-1.31311178207397,15.27,2.2,13.4133986017882,13.7084644737209,34.4756183327299,3.67561865,69.08,49.948,1.59035970102042
Chad,SSF,679.01873437328,713.813698623546,728.044325802741,750.984908083218,-1.37401640415192,7.06,1.9,28.2803675917128,28.4721327154028,80.6810748936415,3.91046357,63.065,50.009,3.53020185416521
Chile,LCN,12252.8441071997,12882.8344179443,13182.7329616958,13285.9540361176,1.15227234363556,4534.62,52.2,24.7203922138749,26.6462967172305,72.4816428100372,6.79947519,57.09,79.11,0.986604121119825
China,EAS,6152.69687271855,6591.66249405644,7056.42309152349,7532.78530130172,0.0836087092757225,323331.81,38.3,43.8613614635564,46.6601210962037,50.7409045864209,4.34274387,67.636,75.903,0.546457594880274
Colombia,LCN,5517.1011086899,5675.75617978305,5910.80592301166,6121.83982019825,-0.0504269637167454,3541.93,40.4,21.9158254216725,22.9955914400596,39.4704235545367,6.78076792,60.568,75.32,1.07133727666266
Comoros,SSF,1299.11100609207,1313.58194779807,1343.54690686187,1342.32965963909,-1.80939316749573,3.95,5.5,16.7272314959236,16.0214714764544,40.0009955862344,5.3021183,41.703,61.503,1.99871797531046
"Congo, Dem. Rep.",SSF,393.616173563894,407.671076943679,427.458520350728,452.339650501681,-1.68099594116211,45.72,1.2,24.8153516125917,24.8921059217556,85.1981441919418,3.19435549,64.117,57.069,3.28016564590395
"Congo, Rep.",SSF,2307.49384399715,2467.06102906839,2390.65754938662,2488.68118548992,-1.20567786693573,46.01,5.6,33.8687168065183,36.8419012310002,124.591742710141,1.75237322,54.567,61.992,3.25058981932031
Costa Rica,LCN,10612.4694861141,11001.5192856576,11151.1437869768,11422.6735793176,0.283398628234863,266.45,39.2,19.4325156619155,20.0481795975156,68.6391465074016,8.12197781,54.85,79.348,1.17549258554055
Cote d'Ivoire,SSF,1426.46463864534,1503.43433046682,1632.32712787006,1742.53693001178,-1.18075549602509,180.31,2.9,17.8470592312248,16.5937189121478,64.7159030611345,4.39700699,62.332,55.52,2.17265768049368
Croatia,ECS,11995.1325319122,11780.5330067439,11839.2458156921,11863.8584044911,0.502175211906433,4522.9,57.8,19.8164850265987,18.9967683362615,77.7657386922551,7.66,44.678,76.7756097560976,-0.345264228485821
Cuba,LCN,6902.16397571139,7109.24834185635,7307.82004410741,7392.48324633027,-0.34895133972168,1520.7,16.0,7.71126250181186,8.47079286853167,46.9604290476881,11.31298637,53.109,77.76,0.0368335212213653
Cyprus,ECS,25538.78125,24285.49609375,22738.490234375,22581.828125,1.55788862705231,759.41,56.9,18.983541959631,18.548122111534,110.617136857424,6.43,58.759,79.999,1.6424698555703
Czechia,ECS,16926.2846655313,16772.3539228258,16759.7808654377,17118.0425569684,0.922613501548767,13384.8,70.5,26.098348006461,26.6053370220652,136.750855542438,7.5580225,54.354,77.8731707317073,0.206747667335417
Denmark,ECS,51667.5313181951,51470.6898338005,51970.3909405024,52368.3625852985,2.10107469558716,11432.71,89.8,18.1475309529928,18.9874945831856,102.012930474308,10.41,58.26,79.8,0.411737855195019
Dominican Republic,LCN,5802.84238987035,5886.66561521702,6098.90503670225,6451.88289713534,-0.63081967830658,19.39,38.0,24.7410705798353,25.0262554165433,58.9896658983352,5.03797865,54.617,72.221,1.26934108138221
Ecuador,LCN,5359.45724615639,5579.85624282158,5893.32172683036,6055.04172761485,-0.527820348739624,171.31,31.4,20.9410177780933,23.5320911453288,70.0356837525249,6.580935,59.644,75.743,1.6415369766541
"Egypt, Arab Rep.",MEA,3222.37650111856,3220.99194203067,3216.3783902629,3235.66246235257,-0.440889060497284,7169.3,25.6,16.7092115819415,17.1030559404857,45.2556341623514,4.35707569,43.004,69.88,2.1044607622412
El Salvador,LCN,3514.069144355,3601.44222914588,3665.1547327058,3713.94992016222,-0.109997875988483,17.51,18.9,16.2875460096688,17.7899287016523,79.2766437025052,8.87645435,57.019,71.859,0.359883978139975
Equatorial Guinea,SSF,11203.9073679091,11650.7196270884,10731.6455729191,10363.4872473549,-1.25789260864258,1.71,11.5,38.1605608101647,32.0492712659016,114.37734663649,1.42923808,54.756,58.412,4.34060206449919
Eritrea,SSF,751.374899794668,,,,-1.49212002754211,11.6,0.7,12.626317662696,12.626317662696,47.3937901188684,5.16795397,74.786,64.402,1.79351881087532
Estonia,ECS,15820.9215165125,16460.6838753207,16809.532320526,17413.6860003066,1.06727397441864,1397.32,76.5,26.3556426267409,25.4681664047184,166.7460724339,6.0781703,53.703,76.2292682926829,-0.303582823643979
Ethiopia,SSF,474.159034335211,500.919355284732,539.072451759433,578.632922927813,-0.521041929721832,492.24,1.1,32.1076664694521,32.1076664694521,48.232935411689,4.46897745,79.583,60.721,2.84354457485296
Fiji,EAS,4375.58089378139,4427.97848460232,4630.35130732961,4883.2430712014,-0.898599445819855,65.93,28.0,18.0769788728157,20.9985485237523,124.476125636503,3.14293504,60.278,67.523,0.28188992280493
Finland,ECS,44391.4537002772,43507.9345996826,42883.6385589185,42502.4881250833,2.23519229888916,10343.68,88.7,22.9086033745668,24.3388732893172,78.7159444486606,9.22,55.166,80.4707317073171,0.463558707499131
France,ECS,36269.9561589984,36161.2918334209,36256.0866889623,36444.3949135827,1.39230680465698,70701.69,77.8,21.6992927837053,22.4996452716579,60.6056354816406,11.18497562,50.85,82.1146341463415,0.482667411007127
Gabon,SSF,6699.23394606512,6803.22668079211,6938.25753862236,6998.60545439576,-0.847473442554474,57.18,18.0,28.6802170005618,26.6423895609865,90.4983773331323,2.55771565,39.456,64.045,3.54739719912158
"Gambia, The",SSF,625.464360270983,639.139881889048,638.522368532214,611.879472952196,-0.673657119274139,33.81,10.9,12.8961682852301,12.8961682852301,42.6397020468894,4.36967373,43.131,61.526,2.92337692748517
Georgia,ECS,3362.1030031968,3609.780798626,3806.50600649051,3960.35080091901,0.578812718391418,479.16,31.5,19.830910379708,23.1207490708456,85.4659350932986,8.01,53.218,72.39,-0.802164039694326
Germany,ECS,40712.6577363042,40829.034893805,40875.0262803178,41588.0763875592,1.50013899803162,101238.25,81.3,20.0015648825792,21.2927749735244,78.4073134605377,10.77844906,56.282,80.4365853658537,-1.8537146287573
Ghana,SSF,1536.86037125821,1639.51876204035,1717.52646443251,1725.29387642979,-0.0901554822921753,409.64,9.0,11.9769402266932,12.8099929663177,86.2954538549695,4.69264126,67.754,61.652,2.40497145453178
Greece,ECS,19448.2557511168,17924.6620516477,17644.8766792834,17903.5252559978,0.451953709125519,11931.57,51.7,13.8655955400985,14.0714513074627,56.2929962856516,9.19330311,42.781,80.7317073170732,-0.147951277402184
Guatemala,LCN,3621.37399118594,3655.57305040072,3717.30452588449,3809.61576365876,-0.724510610103607,44.39,12.3,15.0459163364946,15.4821754242397,65.0470510420457,5.96306896,59.454,71.177,1.99386386318175
Guinea,SSF,696.199991395571,719.505916794546,729.833143236326,738.272274481308,-1.14293134212494,10.5,2.0,23.6021886756075,24.0533327443322,85.9546732708386,3.78955102,55.45,57.019,2.47697352651722
Guinea-Bissau,SSF,658.953470528116,630.66862302825,634.095456089352,623.610159103365,-1.07567989826202,10.38,2.67,15.724714459189,15.8456824536409,48.6174602066373,6.21634817,61.53,56.967,2.62922766462762
Haiti,LCN,1369.16921255852,1354.88546124499,1392.38204736859,1411.76834802154,-1.69178152084351,18.13,9.0,20.9967494829716,20.9967494829716,44.1635704019387,5.91197777,56.249,61.623,1.13206279763289
Honduras,LCN,2144.56265540491,2188.39378817891,2205.40126728067,2229.24772232218,-0.520890951156616,19.1,15.9,24.4407777503837,25.9999916424846,122.216902597337,8.79187012,57.055,71.439,2.06679823709264
Hungary,ECS,11551.4989289342,11466.1419094704,11705.0092523564,12233.299367172,0.65021163225174,6441.42,68.0,19.5372960076462,20.7939519104953,166.433183141671,7.48,46.482,74.8585365853659,-0.283360435946948
Iceland,ECS,48933.5456614347,49191.574417162,50946.8162625339,51233.2440468041,1.5774759054184,548.23,94.8,15.3675300643141,15.5831625461647,101.408701748757,8.2,68.862,82.3585365853659,0.305468368224399
India,SAS,1281.61054354933,1333.09626557668,1399.4537980287,1484.31640682913,0.0225540697574615,71374.74,10.1,34.3134166469557,39.590421855219,55.6238800135298,3.25,50.008,67.359,1.41682761544376
Indonesia,EAS,2799.62468800564,2930.51844543024,3055.2424601765,3170.72103023033,-0.321591943502426,1942.53,12.3,31.3074540365725,32.9843332593049,50.1800131841104,2.98942471,63.465,68.823,1.27668830646548
"Iran, Islamic Rep.",MEA,5321.75870744451,5058.64637811833,4916.97291948474,5093.20319702186,-0.452714681625366,31161.44,19.0,29.0537287312461,36.0168035751403,41.2194147918578,6.09787989,35.542,73.679,1.2358675452331
Iraq,MEA,4030.01686860986,4387.90469058707,4504.82687537354,4446.97343234862,-1.07451224327087,597.39,5.0,17.1424862023448,16.7595018107714,72.1713282233655,2.80316377,37.764,67.659,3.53181678520421
Ireland,ECS,47607.8852921203,47217.4433846332,47999.1237980737,52098.1049579337,1.45015203952789,7200.18,74.9,16.5402587656577,17.0788245574895,186.025845166548,10.60614967,52.419,80.7463414634146,0.436072439258428
Israel,MEA,34314.6503871244,34542.8817579662,35338.6242052342,36013.6686508041,1.33679676055908,11268.18,68.9,22.8579098550877,23.507471496902,69.4963783803272,6.84,58.536,81.6560975609756,1.84807786159597
Italy,ECS,32388.8180099136,31292.1311312137,30369.1293679326,30091.3481539205,0.403479129076004,60521.84,54.4,19.9088467204091,20.6773631014391,54.4722149449288,8.77,43.879,82.1878048780488,0.171978290995717
Jamaica,LCN,5063.19380143837,5010.45967443592,5016.0313458778,5032.44263080999,0.291849315166473,199.55,37.4,20.9424986821977,21.4363320120383,83.8218202275808,5.23845339,55.93,73.094,0.432960044008846
Japan,EAS,33011.13423011,33518.444936892,34239.8862473683,34386.905855287,1.46691274642944,110457.48,79.1,23.3511623002885,23.5405686895679,30.1949607286296,10.49,56.553,82.5912195121951,-0.185226486410846
Jordan,MEA,4631.67703841605,4677.47613977192,4556.52023716712,4282.11872849239,0.0920686945319176,1416.08,34.9,28.4465151060703,31.7477038455304,118.699679501801,8.14807701,33.969,74.189,2.48202772730679
Kazakhstan,ECS,9223.3021336315,9531.91477617058,9959.72586930534,10226.7100539683,-0.511159062385559,381.98,50.6,21.4647023620078,22.9981460184012,73.1178570509129,2.6,67.902,68.69,1.35207363651395
Kenya,SSF,1370.58000874482,1396.30178709756,1413.94142522583,1450.59338202277,-0.578526675701141,830.81,8.8,20.7086390580308,21.8858122759467,58.4022059745625,5.20212841,71.827,61.046,2.75013743696978
"Korea, Rep.",EAS,26191.6442615421,26680.2754448705,27399.6159477521,28100.0102759544,1.15794360637665,53624.1,83.8,30.1543367115518,33.3194258170924,105.566313581348,5.91454506,58.822,80.5682926829269,0.768971758582589
Kuwait,MEA,33545.3460715444,33578.3308233506,32311.1795193025,31073.1534776392,0.00304531049914658,795.37,65.8,12.8022570309269,13.5481349711082,99.1164927304135,2.33303547,68.27,78.464,6.23757792955185
Kyrgyz Republic,ECS,1005.48326882132,985.8472865972,1069.78404438716,1088.58223445646,-0.636238276958466,49.58,17.5,23.6912525687168,25.4729638297404,136.179840420492,7.11,68.0,69.6024390243903,1.44418816160002
Lao PDR,EAS,1666.40086189871,1774.63585203672,1890.27861294875,2006.31195444447,-0.839057266712189,49.51,9.0,28.0678025249814,28.0678025249814,91.6986958680216,1.94457507,59.987,64.736,1.44814949802327
Latvia,ECS,11018.5153747356,11971.0108776675,12353.5388527084,12731.6774205863,0.689273953437805,1270.69,69.8,23.7249741856312,26.7745639280943,129.734758014485,5.72,49.017,73.5756097560976,-1.82076700208005
Lebanon,MEA,8936.20027462737,8920.8056984673,8443.53856528784,7830.4151113336,-0.142604574561119,882.47,52.0,25.6354269787084,26.8463657489038,102.139882412503,8.17744446,41.897,78.404,1.07982379188685
Lesotho,SSF,1031.99721564343,1086.39034816283,1093.95323489272,1100.04993684215,-0.37685090303421,14.64,7.0,28.0318080027946,25.3316425094885,149.796606699153,9.07558823,55.672,46.692,0.885634151913232
Libya,MEA,6569.59477578957,12599.258882136,10126.314927806,7644.24843947404,-1.0535888671875,125.53,14.0,17.3944527825121,8.44242069649716,63.0054352895288,4.01902008,39.492,70.071,-2.4085814162192
Lithuania,ECS,11836.7199700848,12522.3408614335,13161.6342669635,13776.1052981213,0.698798894882202,2443.84,63.6,18.7988664422637,22.3672029077554,149.645306927215,6.49,48.569,73.5634146341464,-2.25846389882827
Luxembourg,ECS,105290.249048827,104487.744238704,105338.956059283,105583.937014123,1.74265909194946,587.83,90.0,19.213253764947,19.2687977063888,308.714453874162,5.95,53.973,80.9878048780488,2.22266050326725
Madagascar,SSF,441.755158414121,442.641500123543,440.674658903628,443.343869908205,-1.06907939910889,96.42,1.9,24.686024811429,23.3511667280009,56.4830925951893,4.521595,84.263,63.494,2.83965714379658
Malaysia,EAS,8400.32248683558,8710.52671359902,8964.80724896203,9341.73055971278,0.98675674200058,13550.23,61.0,22.1831391427095,23.1882579658738,154.937684607226,3.31451917,60.039,74.746,1.75128008243176
Mali,SSF,689.951621809593,664.489488855298,660.173389348304,684.949913127196,-0.796498656272888,86.07,2.2,18.6566173448451,19.723448785902,53.9135577829201,4.01483774,69.423,56.755,3.23250831038309
Malta,MEA,20867.8390565654,21529.4927880365,22565.0085794121,23806.8319393667,1.18965113162994,197.48,68.0,17.9885307678723,17.5050827826477,192.028383542894,8.45,47.892,80.7463414634146,0.423700885195294
Mauritania,SSF,1472.55245572229,1488.97177557214,1502.90142381083,1520.64621634902,-0.961429834365845,13.44,4.5,29.426133347,38.6535658062962,98.485329604158,2.47383666,39.393,63.346,3.24512473547367
Mauritius,SSF,8324.78328337964,8591.96715947096,8859.2121832294,9181.61575362564,0.882513642311096,63.59,35.0,23.4591573490762,23.9463839079139,117.538946368786,4.25059652,54.075,73.2668292682927,0.160140420765724
Mexico,LCN,9575.93437788582,9782.51776305354,9738.71059803658,9862.48125444199,0.25232720375061,11751.8,37.2,23.4720687923852,24.2517581318792,62.1623872764498,5.51883602,57.394,74.365,1.41534883852036
Moldova,ECS,2402.94446306051,2389.08666147529,2605.85029986142,2737.80185056647,-0.607601761817932,188.17,32.1,23.1620459782063,24.0486714251096,98.6175965326556,9.1,62.69,69.192,-0.0578362648793712
Mongolia,EAS,3010.81642672623,3318.16496597089,3628.90708069575,3830.35892049593,-0.575659573078156,101.83,12.5,48.4123299193304,58.1507247959228,126.999228633482,3.58612084,56.953,67.439,1.7265777901103
Montenegro,ECS,6168.84838637415,5995.77445120446,6202.50670294785,6307.01856129174,0.0766544565558434,138.33,35.6,19.510956477632,19.3288615683563,106.658853993576,7.97,38.731,75.9829268292683,0.10504177223011
Morocco,MEA,2879.53930664063,2927.45043945313,3008.185546875,3051.458984375,-0.266206502914429,1887.25,46.1,29.0032363847791,32.9462436922694,76.8258714906247,5.37019396,44.78,71.269,1.36305168989377
Namibia,SSF,4302.72451368462,4420.96741373862,4549.26759093897,4701.95694189098,0.134519279003143,49.14,12.0,22.3725520036532,22.0540088688971,102.189147754138,9.83193302,46.101,56.553,1.71587072736176
Nepal,SAS,742.617252662576,775.310578479839,801.039060847856,846.665541773599,-0.920482873916626,390.74,9.0,23.9823872669993,27.8103116684927,36.2967588899367,4.45,36.547,67.313,0.447181720951167
Netherlands,ECS,45239.7318784562,44631.8744697382,44487.0306140116,45042.0669609307,1.82099711894989,30229.23,91.4,19.9314647728018,19.9116480923396,141.757099325776,10.23,63.171,81.2048780487805,0.466428782200821
New Zealand,EAS,35910.4173636577,36531.7484498327,37252.7570550478,38014.6435529728,1.87170588970184,7675.32,81.2,19.9647936910294,20.5600150213585,59.2390743087828,9.51987362,63.495,81.1560975609756,0.762479795105218
Nicaragua,LCN,1786.64293904555,1876.188223644,1941.45084735102,2006.66284522362,-0.893715918064117,30.44,10.6,24.6183536969277,30.9829274301722,111.827613581407,7.44982004,59.733,72.416,1.41223292768918
Niger,SSF,434.986264873953,463.066265496402,469.690214200878,482.74524741946,-0.652889311313629,31.39,0.9,31.5627689193736,31.613128828242,50.2463951569345,4.87323856,79.265,58.994,3.72138303234104
North Macedonia,ECS,4711.13027870081,4708.05168535923,4863.68088666968,5053.75001236367,-0.221158087253571,462.76,56.7,23.529145644203,26.9131339592319,113.19191013947,6.52,37.349,75.1,-0.458327097678151
Norway,ECS,72660.6754085214,73661.6785918009,73515.9144885958,74180.323865677,1.83171236515045,9707.54,93.5,21.3819281554801,25.4459810194492,69.5987336334833,8.73,64.067,81.2951219512195,1.297189390693
Oman,MEA,20993.9079436935,19824.1215485946,19299.9400516869,18726.2026946971,0.233887895941734,600.64,48.0,28.5527790642262,27.6617736879904,101.641731939942,2.23611403,60.257,76.608,10.9573181300856
Pakistan,SAS,1261.83161907857,1275.48806898966,1309.70080446386,1343.30778121043,-0.833723247051239,6069.82,8.0,12.9216262244821,14.6316230820464,32.3626382751438,2.14016914,50.371,64.648,2.23690940334662
Panama,LCN,11761.4988547604,12668.2945474105,13236.8306754449,13611.5490809559,0.130668714642525,130.16,42.7,30.57015299846,37.6185178425835,158.208395346813,7.08092785,60.467,76.627,1.774688616656
Paraguay,LCN,5342.19015717376,5230.26244858764,5583.12274473463,5794.47644401603,-0.84945946931839,49.15,24.8,20.9477801569244,24.6615700086435,78.4921238489348,5.82225847,64.745,72.131,1.32708039585856
Peru,LCN,5453.45718713631,5740.04346272472,6021.46142765232,6103.91864749969,-0.206647053360939,596.78,36.0,23.3485326044448,24.200875596397,55.9882802838607,4.53500509,75.917,74.133,0.746934823460309
Philippines,EAS,2416.75212076537,2533.74141971272,2654.41506946871,2776.92005916931,0.189581170678139,878.82,29.0,18.9666386612534,20.739936567426,60.7958366987089,4.03,59.995,70.788,1.96473852483036
Poland,ECS,11370.313427173,11542.2353368014,11628.2286809525,12093.1622787394,0.596360862255096,25612.69,62.0,20.3980983864419,22.3450463094694,86.9236892837618,6.29,50.692,76.6951219512195,0.0537697088781007
Portugal,ECS,19389.6395563318,18679.7626580948,18597.721407072,18836.8967511808,0.921245932579041,11915.85,55.3,18.4841132585209,18.6613799007397,73.0075756700531,9.73,52.823,80.4707317073171,-0.147084878575482
Romania,ECS,8044.57194920892,8234.28553425194,8287.95844089676,8661.47397274241,-0.194315671920776,9663.13,40.0,26.7682443996015,27.809701397226,76.271356441629,4.48,46.455,74.409756097561,-0.491866212866043
Russian Federation,ECS,9120.8203125,9464.0107421875,9601.537109375,9493.8125,-0.601444661617279,36397.08,58.0,21.3216555211764,24.2607379312639,48.0353994077919,4.79,58.824,69.6839024390244,0.118045544446964
Rwanda,SSF,614.539612560495,651.852778822614,666.408748050251,690.610352732156,-0.0210469923913479,47.07,7.0,20.5062993645138,20.9013969880418,39.71610247751,7.93879843,53.861,63.261,2.45262873450153
Samoa,EAS,4201.45663738908,4007.91092846814,3976.39289268132,3967.23730470679,0.0552023649215698,5.65,11.0,36.5956948810845,37.1493303117706,81.600955014363,5.38357162,51.71,72.26,0.871732674893699
Saudi Arabia,MEA,22754.1058113664,22997.746224663,22338.5338759623,22628.601848725,-0.317042857408524,4831.03,47.5,22.4179271532053,27.5410856868108,84.861392459939,3.68218255,50.291,76.234,4.53867163626294
Senegal,SSF,1139.74447892639,1154.05677992367,1147.3859217191,1180.7987108505,-0.496339857578278,261.02,9.8,21.016036842452,21.0003400122128,57.5768785989578,4.21416712,46.133,65.262,2.52791519909846
Serbia,ECS,5737.00119892159,5739.30750190714,5793.33614236087,5716.5404784933,-0.132481977343559,4820.0,42.2,17.3249042888346,18.149940401775,75.7493613069523,9.11380386,38.327,74.5365853658537,-0.756021911874037
Sierra Leone,SSF,898.064605764694,1008.71326115035,1191.69433194611,1216.61116951572,-1.18952429294586,10.62,0.9,26.6460526794421,26.8964392806753,46.2492578865852,10.76753807,57.065,54.62,2.60978263924562
Singapore,EAS,50713.5326393594,51679.352717333,53298.9728558286,54681.9336458253,2.19381713867188,10208.42,71.0,25.2649146379052,26.6919943455279,379.098631377539,3.15792179,64.755,81.7439024390244,2.08490245606007
Slovak Republic,ECS,14950.8735594537,15159.6571004823,15249.8825237603,15647.6491148855,0.776584029197693,3824.54,74.4,23.9414977059811,26.5333923090075,169.178076311066,7.3,50.784,75.9585365853659,0.128936462723796
Slovenia,ECS,20535.4157335883,19894.8697893882,19704.2184304723,20228.7077025728,0.97692596912384,3661.52,67.3,20.08483828855,21.8690049997807,140.332355750319,8.54,53.408,79.9707317073171,0.207732702329724
Solomon Islands,EAS,2132.01998399541,2105.90758922315,2136.72036781191,2085.15500132222,-0.908538818359375,7.3,6.0,15.0193738852328,15.0193738852328,107.247678208992,5.02313328,83.23,68.908,3.67971542315203
South Africa,SSF,6067.12482726885,6121.55783860713,6170.87670863373,6155.00589462516,0.217559650540352,8324.47,34.0,17.8093691839418,18.8532376550132,54.6363504358971,7.94434404,42.33,60.651,1.23631458705301
Spain,ECS,25510.5579601069,24763.5682703688,24490.2279309777,24937.0366118341,0.97240149974823,52408.62,67.1,20.1470024048134,20.7135839205008,58.5118228859632,9.1679697,46.673,82.4756097560976,0.355338396471428
Sweden,ECS,49355.6899419737,48788.8671231037,48927.5973053354,49556.7005007699,1.92519795894623,18466.61,92.8,22.4063419828413,23.2369592707907,86.3903250752058,10.42,58.585,81.8024390243903,0.755150133665177
Switzerland,ECS,81874.3361860796,81964.8864216996,82479.9215356402,83394.3711423724,1.86164331436157,19935.07,85.2,25.5188489817761,28.4924187348254,125.556273159907,10.04628563,64.548,82.6951219512195,1.11187894263206
Tajikistan,ECS,809.368229154093,849.519080831738,889.882383099979,925.970961482804,-0.957298815250397,40.86,13.0,28.592901490135,29.2094402931719,79.7842446734572,5.86,37.564,68.148,2.23107820470165
Tanzania,SSF,838.999267578125,851.910705566406,882.8115234375,913.811218261719,-0.660571336746216,401.13,3.2,35.0995294827868,34.7360333035223,56.1661241821809,5.0559845,82.773,61.049,2.79985031213535
Thailand,EAS,5070.23740191942,5403.87846036273,5516.61164164135,5541.46599361845,0.099299393594265,7243.97,23.7,25.8363693834547,26.7914582468449,139.675407224576,3.56825495,72.743,76.421,0.621807948253872
Timor-Leste,EAS,1237.48383284275,1269.41629276068,1281.92864092574,1312.96494079465,-1.18563520908356,3.06,4.0,70.1085796097319,70.3349318094574,140.766349625231,6.86541462,65.228,65.697,2.32623937394203
Togo,SSF,663.963778088896,687.495795744285,709.092304171157,730.291525419946,-1.37212538719177,48.88,3.5,21.5934118845366,19.9043687048786,76.6552742619342,4.55412722,57.06,57.925,2.69461885935872
Tonga,EAS,3892.76783333257,3932.59369314639,3962.1694894595,4058.815614369,-0.328386217355728,1.95,25.0,27.9219300625594,35.2538285987265,78.8578633613417,3.82126665,55.274,70.381,0.158161636914974
Tunisia,MEA,3784.74620448381,3900.05126518371,3947.59276091668,4021.60476871861,-0.00149573176167905,3699.17,39.1,23.1108457618913,25.0372425723868,100.106379304237,6.12299299,38.899,75.46,1.10896127086771
Turkiye,ECS,9201.33726059829,9519.81508910914,10195.8475785153,10556.1170411504,0.365056276321411,26838.73,43.1,27.7440476695124,31.0033305545783,53.3041756356468,4.65,44.983,74.941,1.46777416449143
Turkmenistan,ECS,4379.74943394339,4761.0792759807,5131.16736462999,5533.03528846527,-1.51512265205383,12.23,5.0,51.9318442057253,51.9318442057253,111.062833823441,3.24805617,47.299,68.567,2.11713816000684
Uganda,SSF,816.516366587228,823.580468285493,828.988669729986,845.978664791099,-0.559457004070282,416.4,4.6,26.381152491705,26.7549805283512,39.7552255606122,6.6959095,77.328,57.965,2.93194913680129
Ukraine,ECS,2418.12084960938,2426.92944335938,2432.41625976563,2308.6435546875,-0.867093980312347,6319.59,28.7,18.3513220642495,20.4440036822421,104.805073904259,6.82,51.849,70.8092682926829,-0.319413470604977
United Kingdom,ECS,42459.9629998419,42802.0207834042,43281.5764200721,44336.537861323,1.60419464111328,96414.12,85.4,15.7116306485664,15.9295436638017,63.5654009707745,9.92486763,56.715,80.9512195121951,0.781506562236639
United States,NAC,53259.2552138539,54080.2286497215,54844.2425797154,55817.5632471958,1.5137984752655,426831.73,69.7,18.7369821481549,19.0335385248926,30.842478575914,16.13996315,57.574,78.6414634146341,0.726786704810745
Uruguay,LCN,15443.9961926395,15949.3176985435,16639.4054750651,17122.0364563225,0.539623916149139,577.09,51.4,19.1185676352051,20.8823110125109,53.2470340109018,7.94897985,61.853,76.983,0.248141512237734
Uzbekistan,ECS,2271.00936222974,2395.84036755713,2530.68447898548,2659.99075095143,-0.698397278785706,380.73,18.6,20.7843666958551,26.7079576787461,49.6542884929068,5.26,54.879,69.649,1.5301816854096
Vanuatu,EAS,2857.67479579179,2823.80523018966,2774.47446807163,2798.19313971776,-0.213237464427948,7.94,9.2,26.9109643712358,28.7250562368478,96.9987664175314,3.59819388,60.685,69.551,2.16980126854337
Viet Nam,EAS,2132.90453762087,2224.11404253256,2320.08431444934,2439.28655744423,-0.209270849823952,1220.53,35.1,30.5694066495707,32.371143442921,125.26057794083,4.97468519,75.609,73.692,1.15183406119192
Zambia,SSF,1208.46424569634,1258.78938578996,1280.77012176778,1299.01241762504,-0.682568550109863,100.59,3.5,27.9747006392292,32.8892112236191,72.7954324366951,3.95913363,52.928,57.771,3.32527568350911
Zimbabwe,SSF,1187.31840676659,1352.13513611008,1375.85134222253,1377.25456014874,-1.42085576057434,141.74,8.4,14.6347097139671,17.3977660333253,89.4665267679892,8.08288383,62.524,53.347,1.7726514046574
