meat_price,chicken_price,GDP,cheese_price,fish_price,plant_based_price,advertising_spending,eggs_price,fuel_price,meat_sales
45.02027254764679,18.69902137407845,44183.28930833234,3.080630369570179,34.275174782611046,10.959887827566789,804.0973899274564,4.997503955198037,71.67134550183955,3812.932600118056
52.07961462968401,17.08453830093088,95627.6701482751,3.095945766592962,33.65008441029144,10.171464582795817,805.143189350864,5.9932799063759585,73.25412675218519,7979.764901297196
48.046685982885,15.832414432870092,24925.332289948292,3.1114571307001455,36.84640259798795,10.188278436025445,806.0769137489444,6.993639219445624,78.85936099240318,2242.092358935465
46.65537284155225,16.08930857667844,59443.45156805676,3.0430776354320797,31.736889436582402,10.4255775525267,807.0859168711077,8.003008370852646,74.59498503195665,5048.029316815953
45.50479611769669,16.122219546470298,191483.12465392333,3.0125400616213285,34.267532364144856,10.520505021544908,808.1500682334265,8.994621781694107,74.60301665645606,15771.359419412256
49.893355453025805,18.067467304220607,171100.9645966776,3.09673614469268,32.135964910081526,10.27848694970099,809.1905560937236,9.997179423177219,72.83174475368034,14112.54382397284
43.44980961961334,16.155016689149768,84129.25273372432,3.1047459500933474,33.61220259178167,10.677558622447565,810.0199023836572,10.99269041911753,66.76589567241753,7058.901825493173
47.64136367511328,15.860138770135668,100018.17607945003,3.137021992956008,36.644842415702996,11.051152048582562,811.0505230703614,12.016500262065438,67.96183350112102,8343.36133113022
48.84603738075998,14.9189044467645,120837.33498964469,3.1070312066762056,36.14146898709918,9.900632820549735,812.2242774702429,12.989047454785451,73.30773687917434,10030.740730876912
49.91780529040466,15.626398450247212,165197.93588822815,3.0787606914631587,33.42810476595509,9.479277921901074,813.0194977360766,14.007151278612117,78.19758282539551,13631.039743360932
47.73616336911118,15.418592443661897,146361.38686881584,3.0855981519095117,34.18525198977733,10.382733742231602,814.0666591482939,15.011266805101512,70.95216549533268,12105.912659971236
46.367080746898154,15.636282614128692,135374.23207148435,3.0858709936055853,32.7644752632466,10.49866200504068,815.0886314569365,15.999596060000053,68.49978109244535,11216.386836696287
47.23055734565779,17.74666560608032,43546.08236489058,3.10368855726773,34.75682467459476,10.542949871184256,816.1322022866817,16.985337827326934,70.58649114476592,3760.0454626752175
43.494766777905824,15.106417347099915,46698.17659539413,3.133836871430678,36.66419771814787,10.567983157843877,817.1013079887346,18.002825411620336,73.08234722665713,4018.65417739807
46.626849965494955,17.875383629479302,81243.06833830498,3.0695673648234347,34.98912031829174,10.842241562239856,818.1821050831879,18.995763324461667,76.08974585130535,6821.128944942055
53.574329128379894,15.720163977338812,169229.8081864622,3.0702873237646457,35.99922919190747,10.381893925432074,819.0877160944879,19.994534169914708,78.94933665445086,13954.674339857545
49.08494300821131,16.69177727047221,153663.1836756849,3.1339048788120736,35.638023194451634,10.79423761316668,820.2502355914077,21.004551379915835,79.2426447702458,12697.328419648971
51.90110114968279,16.996880608163913,156356.20054696465,3.0959895729068037,35.21586336951943,9.661143511153286,821.0697050094585,21.99560434233654,74.7695975767835,12913.640800755233
50.30473915074204,16.817706587081332,23054.113421742066,3.0714058168997096,34.569823384108595,10.327502325718996,822.2015244819798,23.01886052919734,78.87398860102073,2090.8029803609897
50.735325237109464,16.990072302484524,45032.611032160305,3.078711253218382,35.772665930144626,10.13068482252329,823.0653298336463,23.99400886342614,70.91780787071002,3876.8441633321204
51.638410460005076,14.982720355413477,68650.61505283993,3.113495660301284,34.74847090842154,10.908293695188995,823.9067903708184,25.003631052997036,71.90859306354976,5791.990330664786
49.755743707116366,16.86118509176044,53736.220577514316,3.0954628607771144,33.77567851901902,10.553426412098306,825.0144123936643,25.99689242581492,78.84710696156213,4583.446175408075
48.21486671473259,16.279906905424113,118549.36894309493,3.0644356796334593,31.766060187202314,10.10022795334728,825.988850618916,27.015556528646165,73.57906172635953,9849.151756432822
42.079848814886475,15.872391814003516,68777.741595867,3.0729657254701257,35.331245729603964,10.00285974050847,827.0357128761016,28.0110697507975,74.99921112693775,5815.276082375892
41.23183358537063,16.16302530097758,126053.98233422713,3.106789348054063,35.46403128029914,10.50673007997315,827.9241504249741,29.0204519280682,77.98128505631698,10466.946376803613
51.04834489366354,15.254329032211826,159695.67004945275,3.149263828464404,34.12466084956509,10.495596918978865,828.9833690710877,30.00846018750547,72.86488586883281,13186.51897037669
46.34886317576844,16.43125108447049,29048.04475118521,3.0657597303582538,34.2241530464589,10.603704207888129,829.9581466717723,30.99278646709142,73.69714515193117,2584.8656533458825
52.27464971993934,14.471593922801997,127252.58323674518,3.1146847407586056,35.45819703882183,10.438723557124847,831.2191839448425,31.983372320877827,69.41061931620207,10551.126052987418
50.23992309654878,17.307897843096033,85168.35637666714,3.07888018528317,36.3857800580265,10.162544102551724,832.2669054969824,33.00408298600005,68.3567577407489,7138.927290113925
53.38904466606648,16.43952916266757,30954.10895378575,3.119054324796732,36.90760589402299,10.102487846640816,833.0602995618956,33.992118468857605,71.10885687389171,2731.5935533730076
43.137145643056826,16.174340421095614,57025.743844517165,3.0615639906927683,36.309395630904866,10.162331055308547,834.0417799848997,35.00551673418227,73.75638289207356,4861.372829123533
50.41608959910775,16.833622240101988,7677.277841121258,3.100046204810118,34.794382795409184,10.463603400456657,835.133886164807,36.002889362733846,73.99658809757598,845.4223957974517
47.090038042615134,17.798013765517105,97088.1994226075,3.1110224312452393,32.852704363482175,10.307777523966315,836.0740230434201,36.99773139075748,74.88386561171377,8110.5710656655465
48.80341652915415,16.761682399106352,30488.68184157043,3.0914344041367228,32.51904712090802,10.87499976385433,837.0320694283121,38.01710377039228,73.81589937859138,2700.134135354585
45.85474893916749,16.152733867384427,98534.32261616903,3.1063970266306873,32.75982417743289,10.690423878348993,838.2353242707017,38.99529521034992,76.32842926349196,8228.536124742568
49.056474018462914,15.218520481587307,85051.15075214901,3.103541460411975,35.001983315913705,10.004879069950777,839.2345088971209,40.00037738420079,78.61207733896546,7128.586664547908
47.69615483615673,16.212941952743584,133104.5190248834,3.1492257854151076,36.45023851674268,10.670119986799124,840.0157672552971,41.01430370922493,78.59688376911954,11033.128495414885
52.268930695913404,16.88333793243204,93914.61748718357,3.140807874664135,36.63823905846479,9.5711718203276,841.1113080347623,41.99520918865348,75.32425114840548,7846.317609312412
51.75477720452171,15.772986675976043,9315.660971263731,3.1310274894080297,34.49984122074181,10.768191762936903,842.1346836131963,42.99418332615055,74.88924147130226,977.0490535153218
49.69491091231293,14.885365554996953,67940.37073096198,3.0716838412404037,32.84724410895193,10.381900957732494,843.0989475835883,44.011574164664054,73.41510086443533,5739.915114440118
51.40263482783363,16.425646713694373,51114.88782689311,3.124659534344098,35.32666397034117,10.122736572900719,843.9680008219424,44.992364046805335,73.28480449622074,4372.727850170866
45.17726430466597,16.18418424298098,151427.16306126604,3.119839589633296,35.596022415114916,10.541425209242023,845.0153316462979,46.00739439604113,79.26174646622471,12524.941918887249
47.46642661502445,17.430423272642344,63324.77878741755,3.141548393078918,36.3465309891077,10.800768748660165,846.2203544442428,46.98806578096304,76.9570356358159,5369.625665546065
51.473433583150104,16.449278091671573,99618.42657469132,3.1280792657633922,35.02340673708918,11.076058423861726,847.0568741219936,48.00457212919335,79.83157883278616,8310.320874658082
47.48332513541398,17.010977603132247,246381.54643323546,3.0497712742421017,39.58221771397697,10.573074663675552,848.0752325440498,49.00702919965243,71.24225949847101,20235.053599388124
48.30753561461702,16.90661292543384,127835.6267478509,3.082603443564037,34.39129152955161,10.178310249547414,849.065218676311,50.00878415126407,82.35398023930526,10605.825128185776
48.03481967625503,16.137236359785447,172980.07574485603,3.0558888885805082,36.92013778545428,10.897505832283581,849.9916808251743,50.9990450214246,77.12795594860994,14272.63458215435
52.376112963377835,16.20384885387482,120011.09149656439,3.177265150202733,32.34830860127219,10.493317417281487,850.9968329030833,51.99352332865039,73.21261760779241,9966.959157091267
50.09248182172094,15.649653628024287,158875.93125575213,3.130155404183672,32.10852763024832,11.23423791669775,852.1088206649188,52.994350254885084,77.60897216795433,13124.641852702869
48.709606997762585,17.04526748184016,55322.1012866448,3.1259774487645453,31.473687541170865,10.559122923598066,852.9489333917918,54.001653154209116,74.36373170518819,4719.6782469681875
47.38999642330816,15.710308518475749,122879.74692423551,3.0680400893909656,35.1960811244374,10.430041128654118,854.2201013786005,54.9995085386103,71.43292327730558,10206.98437522047
52.451447737470545,15.298362900104635,89954.7043681404,3.0688083434261513,32.55739894510192,10.761992573047866,855.006523878527,55.98248017013167,75.2590641018214,7525.940737501114
50.56583363005994,16.060764613274326,39843.60974841513,3.11350392292209,35.55923720048774,10.5344731237256,855.925411514497,56.990581996448384,72.21784280002944,3460.708890166126
49.557585894016086,16.11956127276889,98153.08418631862,3.1186142017907454,30.011889857761798,10.756692876432616,857.0913131704531,58.00235658237551,73.11481814398331,8196.811591718233
46.59138216886027,15.268023420238862,128152.20343326472,3.110391826571566,33.15576694416359,10.338374510688807,858.1080183436421,58.998058580483544,73.47889189989644,10636.106614358621
49.98449963586256,15.176490062174569,90818.09305887476,3.0931107153653303,37.29780171101818,10.537512613622528,859.0744128147927,59.994141080470015,77.73599176967699,7599.381685932562
47.14458212560299,15.453138356912511,25264.47393477196,3.0686780490295327,33.68129394195539,11.042976620015457,860.098863921935,61.00794672662175,66.60443925459954,2282.8353868525205
55.77507684253748,14.89791578898468,22568.231235055206,3.0835252904136325,34.292095790364044,10.616813063071532,861.1666641024367,61.9951942686772,76.17455715465198,2050.474659979435
52.240445897930925,17.00064704539692,90441.09124296834,3.1212264340342126,31.812359501877644,10.90543786318977,862.0397061543199,63.00668032887312,76.14868654475545,7567.980405126876
53.49536773925781,15.93797733309757,149341.14522539038,3.134233288200986,35.37589760895625,11.151514948719598,863.0468325714072,63.99935530870758,69.74979791868303,12349.814570673761
52.93366395630363,16.133633527351225,159051.7898304905,3.070933229752038,34.66000365256648,10.495875099626462,864.1913677187317,65.00075714094201,76.33718022028161,13138.008752904892
48.655274880798494,15.444185180548722,106941.27619382174,3.1016504817728983,35.00609739860487,10.462207759942112,865.1324077531568,66.00250180653387,75.16857106706517,8912.129132691156
52.626220550772715,15.62967624881251,87440.34678429695,3.137870981125799,33.64696253261182,10.164767495133152,866.1277893119064,66.99374783560378,73.23875105303433,7324.205709898083
48.359028252440986,15.352855364174916,178717.23840524312,3.164630057173658,33.553977129698836,10.053642729885494,866.925931190351,67.99251499318714,73.29079402063279,14741.375621402418
47.81327848225683,18.083664697295525,163236.86627636908,3.115099324131593,31.139519139183246,10.823241484947463,868.1395872887005,69.00904766765463,75.8378745070651,13486.674016967823
46.235526035783,15.196343328287812,81505.66069418172,3.0215213852398097,31.97305291951675,10.186753699003708,869.0117488069956,69.98331895916351,72.01444489187578,6851.0899862088045
47.566462028908745,16.111031095462995,70533.61215419859,3.1195831215269916,37.81602085314069,10.277215510657456,870.0398402880369,70.99493130901456,72.53418632706729,5959.145620173331
49.82173479257795,16.48092938015516,54728.889135182646,3.1416581500676264,33.497713329951985,10.664405894294214,871.236333465108,71.99990180933304,74.31208809027213,4672.97119463735
45.633112740152875,16.497366269702745,218067.41159167586,3.087615744065539,33.20190177628798,10.096532012122246,872.0621864576179,73.01024248268001,70.441790180473,17942.47734869514
52.002116000604964,16.33618598463479,79790.01195480466,3.094278332632869,36.249861168604674,11.272790306002342,873.0739488449067,74.00295758360325,76.69245915164035,6704.829444488834
46.568749613840545,15.850946159282364,32295.251123748174,3.087063444055464,34.28936831644188,10.78575040310144,874.1626142087182,75.00425893480833,78.14435161642729,2854.8696357799763
50.13388320033397,17.33208533861215,147509.67065365062,3.138017689239018,33.06034881647747,10.657275927773789,875.109647992465,76.00196658437372,75.08431330061826,12207.495699498537
47.16633604759657,16.18794822099288,28386.32094853296,3.0717047701303093,35.82213432886546,11.122079328513605,875.8377168536819,76.99161703621519,76.18269892235907,2537.637010173663
47.5059710398474,16.139968438380805,62016.44257846105,3.0720506391172906,33.65530250985006,10.429701745425039,877.0710086342605,77.99168758999096,70.34040253824696,5269.376649947237
42.97678963780665,15.399334095785825,110809.77025148549,3.1097374770047557,35.6621803575318,9.668580574802458,878.2660785101652,79.00521070399668,72.76543682515992,9236.470204157069
47.60821085967749,17.450666128657772,112366.19515576212,3.0498397805493203,35.82232632105706,10.397251804782298,879.1569425661014,80.01369514940362,76.3358069453694,9357.677569023734
48.99771753173201,15.280254421257224,133816.96254744928,3.110946394428501,35.8134365334893,10.262451014123005,880.1651977571938,81.00306030427562,75.14026203585934,11096.586784725276
43.873704992300574,16.34152503711955,61510.57824068725,3.0784545013160054,37.93201504703654,9.599166846234745,881.1647772162277,81.9852171438154,72.59470340865604,5233.426976362901
45.761613012905684,15.138736995075723,103790.41129247512,3.0918499331977998,37.207349569505034,10.965934025711691,882.3221914577831,82.99055545880803,69.65808611703005,8664.07821230658
42.96380171829294,16.652501427762353,44596.61258816597,3.097913421097998,36.58263042733421,10.702295463896345,883.064991347624,83.98619527786248,80.4898038128222,3860.0975905666087
47.20866462124671,14.957864872552562,113914.6672449046,3.090179498098875,35.6267037056829,9.968095946344112,884.3854739186227,85.0101421465339,77.91564998624723,9482.797320497659
47.121327166284836,15.810834065184523,10213.375534800394,3.1051756835079836,36.974123567003225,10.372216529873505,885.171999021408,85.99172543229686,75.7613780768279,1063.5570223829704
49.2933839106568,16.029088021200437,130731.03832090239,3.062357000884209,31.238586318572334,9.822466369200022,886.0141842077721,87.00018023681159,78.81825292665631,10846.429994231059
48.91326383505125,15.866537301160818,100073.10266128433,3.082191850401567,33.913758507440456,9.99533262121513,887.1474291427729,87.99907484544771,73.32390749075537,8358.743785894174
47.392640890564756,16.386718303723534,46819.094356958325,3.11349328594393,33.22868864122663,10.170482457098178,888.1081373067428,88.99738959704435,69.71542815482204,4037.789956242589
42.96838915800913,16.233362178223793,49039.79433470669,3.099209502235978,35.697137290398175,10.49001317633964,889.1978035539217,90.00647611763148,79.55536376507861,4221.884725846568
49.8181421531427,16.44180187896908,42131.24816704655,3.115879504661186,31.939279429971503,10.306145528184164,890.2469529181506,91.00828284051069,75.2493227023604,3653.245121438144
45.04780247315038,17.032326400345454,314561.86362833594,3.094029865826779,35.49533545227629,9.423789406031776,891.0082557660072,92.00759625187102,68.36079555319402,25782.809530857736
49.53147352187971,15.948877443202198,39211.00798282523,3.11703467526394,35.35561187648961,10.448900299944208,891.9829996266722,92.9764479239012,70.34478524534674,3417.491681868484
49.18670239987772,16.27080610202928,36071.02544116575,3.0758950856575926,33.251119147701274,10.403336568282631,893.0293692160162,93.99702187511507,74.65257323577902,3162.482363053607
49.89126869044823,14.850932033302493,40597.954640822885,3.107916956077025,32.7048629261846,10.783603066325899,894.2010182851069,94.99584374018316,72.30781010141968,3528.8624631305684
45.88437673498391,16.040244925391438,58063.86311599997,3.078043825386483,36.52140109712989,11.803012240928622,895.3627614502683,95.99568334029057,75.83840592549126,4952.603398528187
54.31379059677855,17.083058904282293,120126.32189367864,3.0891002185685488,35.46219289767453,10.395732127665,896.1422955547274,96.98873088441493,73.42889851198983,9982.493095736225
46.25387952121455,15.986329741923107,91614.52671400768,3.1220103006143742,30.16978643802767,10.454203255574349,897.1839424975609,98.00065419377442,73.12092176012222,7677.2976726991255
51.67424713651623,15.364791574258861,51150.48102097023,3.0416689857201042,37.60956300887818,10.601097825084771,897.9741622748147,99.00821042364615,67.44867281078048,4385.469019646494
50.25703560445069,15.379415236119993,86726.99534565877,3.088915077437755,37.18077792606343,9.835904699891532,899.2214508083327,99.99721901538771,74.11989767517969,7274.958149080702
45.70699420377925,15.893939286953685,29011.024124979245,3.160532052042805,33.83369967575125,11.417977545738644,899.9251481259064,101.01783361880935,73.18547027279106,2595.0194018896464
41.35745890491508,17.098525557787475,71220.1259922831,3.0919427571405387,35.94200408162993,10.22620046233379,901.1587258363367,101.99843981196767,76.49565739240496,6028.422984485584
51.54100172458187,15.462222759517454,32872.134571252,3.0600794705597805,35.130951755265755,10.65167398470607,901.9849036185274,102.99507668367986,75.0088058998458,2900.643014287735
46.70581038208216,14.963897810506174,43343.60651291435,3.069828998352988,37.16639952320631,10.004346299149596,903.026290178228,104.01373375280485,70.65144408841725,3757.965952792806
48.39982896922486,16.099697489091128,107699.2914399441,3.0418171856536675,35.368486798181344,10.225339018731663,904.0535774863702,104.99972900528498,74.05489502877369,8981.710591497336
51.717770841374524,14.866303377291159,61465.41991731497,3.1163217745995593,35.68642372555873,11.187572223485493,905.1389621310636,106.00638003832863,69.44371867070592,5223.507239819035
52.17488141762941,16.29645846068557,27653.926949936424,3.094142238358481,37.084219313436265,10.388144067652089,905.9950439709731,107.01190413619801,67.31514579328022,2479.0219707125852
45.81838403928423,16.65651749378258,112540.26040057378,3.074036269172196,33.43314330894347,10.091233923851265,907.2486314213769,108.00840885223249,74.41196607242772,9379.043048301806
50.43406732803559,15.445564197495086,43515.47856491015,3.064367824152156,34.47270933771023,10.967445183637334,908.121935893082,108.99926102609513,72.7088962482754,3767.897547131121
51.95393458865684,16.18162991934181,60041.346822328065,3.1270814655594235,35.95099971812348,9.908531028468825,909.0967873900184,109.99692954761946,77.01673477210694,5107.608295379386
45.82419583373635,13.57616111210412,60857.63578554207,3.059372206119044,35.52919925597813,10.693763676544387,910.1571304727331,110.99799601779159,77.42489757262615,5180.140938975472
49.78857294521343,15.06510376033569,26369.27953824053,3.1313405572371344,34.745465142894304,10.644577260966475,911.1947490892758,112.0091322684407,76.9155862608896,2375.8687080298714
44.027873559542115,16.008751645931603,75259.44202202334,3.0762690769754375,33.75204415193919,10.744431526546304,912.192593653816,113.00001088351567,75.40093628783869,6354.397052950283
49.73348746910645,16.262925018325667,173977.7305230835,3.0713394689539304,34.55152373427418,11.164474236647868,913.0754763727498,114.00659846986842,69.86087844373195,14364.40503355128
51.43834332222127,15.25054179263278,132413.157454273,3.125634688418261,37.51221957300929,9.905589128737795,914.0780176608647,114.98656891081527,79.65453400770969,10984.56050926026
46.69549910584385,17.036554936344544,192348.51798604507,3.083538965988966,34.95970007931054,10.553965781190836,915.2543316109048,115.99620816482171,76.58183208054962,15859.58469503775
43.34777308373252,16.847554129758752,194529.5640019635,3.094136133309276,35.95052012806081,10.456407003086028,915.9397101160804,116.99744059098185,75.30324236780628,16041.29724676507
46.74962523529918,14.943511062355709,51478.59261527438,3.1336085608991264,38.08257913636505,11.075011056586506,917.0670019828005,117.98556683393926,73.6283177300738,4420.357778931627
51.172162404215655,15.692994003541145,129221.43691642798,3.109209739269952,36.03851401121085,10.279783880323738,918.2495054537834,119.00351009963043,75.8286887267847,10727.602848640005
48.92722156377292,13.646611159332624,125027.40640618492,3.0645829135217384,34.45090594897863,10.922843121110436,919.0907172543776,119.9898835264893,74.60494427383298,10388.941930769126
49.010945423124106,16.634244806239607,130954.22823908222,3.118619569923868,36.55688244415732,10.590233273769279,920.2236561621833,120.99996728179049,75.3321148852942,10872.233589311063
48.731244366198254,15.396041350054423,91178.07173938956,3.145040559194012,32.87620665243967,11.057285727715112,921.0948948873695,121.99867422312117,75.89578014693062,7641.945003756284
44.01609856169577,14.428557012771767,76666.23002273738,3.072024573162529,34.52646705818512,10.862050111227504,922.1071408551903,123.00699146317767,67.96826972710917,6470.882888336251
44.82632843334272,14.27487971957577,129797.0958305166,3.0669139376983328,36.202923237435236,11.12884522147328,922.9897987182119,124.00375531133894,70.81582943746092,10783.509209865717
48.322023657588225,17.774122569482405,120378.85978699393,3.1087247471179125,36.20373452890161,10.620698575676522,924.1264748030079,124.99732431143507,71.03087568606358,10016.812951318147
49.6685181148638,15.68987698595135,71181.83842794529,3.038136444076205,34.68429421437679,10.536915221750393,925.1979542669628,125.99325130947537,73.26153815867382,6018.529829444732
51.496138654157015,16.995219436422264,89669.99853487959,3.1126574663226285,32.8236579578699,10.373086365102427,926.0878157990301,126.99024118079073,80.64646425390444,7516.915603737819
43.2227922421825,17.9861256752289,18124.003269034714,3.0586408238934837,32.64869871667646,10.42159285446457,927.1185575792147,127.999700258848,75.56458339787382,1720.0825013541469
41.67082046465339,14.919289759596193,83890.85892479707,3.0786089460491635,33.91695966800336,10.78796051733467,927.9341008702172,129.0092454764846,70.56362105086953,7061.4189586571465
50.30530789040879,15.474616943132888,80467.62714152224,3.072722565366088,35.13201266397921,10.381149356967212,929.0415418055945,130.01825675398786,75.05438654612077,6771.8727118445895
44.69362182259327,16.595111646338427,86064.41605837912,3.063635903581958,36.000697809102064,10.326828860968904,930.1651327873939,131.00411572811439,75.54271437967373,7234.511207605449
52.32247859578976,17.943481759867716,93222.2911301559,3.0675157828298345,36.470698679692816,10.695689041217394,931.053905847324,132.00608515776267,71.9339792657753,7807.674822232746
46.628158711704856,16.529266568330044,24652.59086660998,3.0743010009877967,33.21793428234746,10.404138373040992,932.2483513286064,132.99673019632954,77.75848392425078,2245.2196802564013
43.13640030221425,16.461397003461325,67839.08454666512,3.0805192603126494,32.63360751992716,10.24437818176255,933.0930307487956,133.97724548909446,67.23862419986585,5758.815957151563
47.1304570113647,16.942146612652458,91533.73466547295,3.1408613731169317,34.224490623354015,10.681225728862788,934.2556133441191,135.004357525154,71.88462765621169,7677.199401944622
45.4469600677771,15.80203409464644,60813.30688313179,3.1206786652614125,35.63341531014923,10.154214109992346,935.0501202495689,135.99917293699195,80.73056627294932,5182.376497416045
48.61781740796405,16.22294168770702,16929.069021764295,3.092225571748786,35.1455234173648,10.816150152082288,936.0782418337991,136.98534707688873,69.20063022488031,1617.7552523011614
50.82938746196449,15.446726576771384,96785.18389674397,3.1563397865876217,32.48397574701448,10.315177930226998,937.2035011744213,137.9909171176256,79.50191979100053,8096.692664374083
43.989692758273186,16.100855587892994,76017.09358712305,3.109576911529439,31.474970063198874,10.268049462166726,937.9825906877358,138.99727533891908,72.44476527035297,6421.2954632171795
48.669666712041895,15.714043803284135,20989.982553066868,3.115241039088456,31.85856595050069,10.979313503000697,939.1369828152992,140.0047174665697,69.38431145804,1947.5897987462392
49.79128435084525,16.808366869434607,139007.10417557164,3.082645450599275,37.507211199997286,9.848292677853339,940.0889371227994,141.00662251098848,76.88967648339381,11528.483222829513
49.584816522838366,15.19402073559462,82216.4007756853,3.1270000642624822,38.38600472054797,10.447282588707145,941.0520981959424,142.01178252570875,82.6612055674177,6915.177820526984
45.40885841812649,15.413355929443417,4468.590106876081,3.0953027698224185,34.06540861462605,10.668630147204318,942.0463116900764,143.00435294584554,78.09449931029428,608.7758411344357
51.06171546487622,14.080542853010572,90690.51054488559,3.0924955318553558,34.475855092833314,11.053935836926058,943.2701206218986,143.99480008671293,78.39748345591308,7601.870756323678
50.55480060696473,15.190578393497876,207710.63269028006,3.104732287845755,33.157917987242776,10.295135833587437,944.267822727789,144.99950186271033,73.71451267565544,17106.50369896625
50.254510804541304,15.406397992672776,71265.45977449356,3.1241363172475802,33.740358538432496,10.872657001211348,945.2485864750091,146.00954936241385,69.74115112670272,6028.708052066739
47.73667385132551,15.485211237182718,57947.386178769135,3.1013253991341028,35.892528907599875,10.283167205557103,946.0873217548152,146.99864625955,77.71776090929936,4949.0847177002715
46.33736089752269,15.929934089838527,103686.02731159327,3.1456257320062235,36.68486449607725,10.367686492688998,947.1268053744329,147.9936343815269,74.55048214901396,8666.045026113587
46.61134759301752,13.57750412039438,50747.9588261418,3.105947479784941,35.233491119067665,10.37267071996028,948.1120117511639,148.99788712121844,80.10174893379316,4364.48255253518
50.2318111024196,16.121289565690518,120353.66455495758,3.152408182202073,34.913071630928705,10.90633563844979,949.0571526015252,150.0132592987673,73.7852395524547,10015.036497287652
47.98634096077598,14.847189983275706,31627.19135130303,3.149266642056213,33.3092328824646,10.471265303690924,950.1012336136416,150.9839600810476,76.72967550017415,2812.043717660509
56.326759303111274,15.715838099084133,108407.80844542859,3.0879209672620385,32.52835995321439,10.42716418193671,951.1214171452299,152.01096853043802,65.70181031809351,9038.894820263456
50.70997288204027,15.65824449334205,11579.389475334448,3.049565839429874,32.851705003315146,10.371996259603495,951.9683167530906,152.99119143454624,80.40875846704881,1180.7526895333203
48.07232878377803,14.74253350507283,113207.9645812345,3.10448088944163,33.638259380608986,10.69817129527031,953.2814919141744,153.99416392552612,72.2702328663371,9437.7263896735
55.28495074481984,15.645224431844024,37314.477164723015,3.1597865539476584,34.914082505880955,10.18205548219568,954.2251529735479,155.00504519728716,81.38732317039587,3264.685956578989
47.60408769212169,15.86451959789643,120269.44313990283,3.114772470022199,32.710640433691125,11.297617125665006,955.0549384610399,156.01570520262985,73.26790675350185,10012.62226118363
50.435220201031505,15.789163154170385,128753.57316211693,3.0757706202645547,35.38155784790018,10.412184196317057,956.2087287447571,156.9816544985494,69.71741038936229,10698.753683702762
48.32549718974888,16.77992064998211,202792.28903877008,3.0958485410374204,33.52643449018135,10.310920721833378,957.2021666546998,158.0071442053698,75.1619542441081,16713.169047663025
46.78470150951498,16.094970278333292,121087.85410412928,3.13519161879453,31.64831207811413,10.313851877741632,958.2142003010007,159.01231176761988,79.21887923913508,10079.622711901722
52.121302374441335,18.473863674099235,42442.50356914291,3.0769898318798727,34.3775129165789,11.075995147008882,959.089198301461,160.00683253144527,81.01980192966712,3688.127198588533
41.88939875400783,13.888395206890408,100994.99327886486,3.115412445940012,35.006976704379525,10.338062035063322,960.1108156919353,160.99074969110734,70.3059390766148,8455.114812126898
49.26353232748726,16.798139248147862,147419.69403539822,3.091828353157085,34.645210606005506,9.785721007683877,961.2245475327167,161.9947281719871,72.3900071860062,12217.013778169132
51.33013493954897,15.129704905946223,69099.87840746682,3.121850409378214,35.522638742658465,10.843601448396111,962.1532537501494,162.99108185915588,70.01776596067683,5854.255599522338
54.12358872797296,16.363815339231145,82729.5854508453,3.1557440571082873,32.74744401443967,10.171580224254134,963.1295420641477,164.00185053362344,76.93031061695126,6956.944296341722
47.874882071675124,17.773335876270334,22102.655693278066,3.1072939614367487,33.36549138074571,11.035622648770572,964.275085217123,165.01207216213976,75.07114449009063,2043.7442057105536
46.07992149038109,16.740086476038847,154725.02412951336,3.096839967222568,34.40746873398972,10.557632107186308,965.3555267385385,166.00452273804552,74.102763999081,12814.688536285346
52.42108881495164,17.58717926206552,100652.25731239592,3.113364783939941,35.13312693470894,10.277775842229023,966.1318617536947,167.0100716081546,80.52331194785984,8415.120743397169
46.89358203410146,17.61890501069606,52075.820009700044,3.0504520990902346,33.424785707280044,11.200963038514452,967.194630683709,167.9991518466929,70.28743827017955,4480.262833137129
46.7766211261543,16.263722880137177,140812.41721803186,3.0861107210312846,36.923339963698,11.428333894019623,968.0536818290103,169.00152657498214,72.95212190743652,11684.472993784942
47.81464803712324,16.27500895690543,29837.71414175687,3.082885889522072,34.829657564843814,10.7863366981555,969.0323003917798,169.97315522180176,69.58020317457911,2672.8698235360903
49.05912375027159,15.178959193411647,17872.742283449657,3.029656133662992,33.97767475068734,10.894213625795937,970.1828837235967,171.00088604308206,71.97182788727109,1698.6339191900677
47.99146855798919,14.648816109646129,86599.7338184131,3.0675387126955274,32.222275715119835,10.528443383826128,971.0751852957084,171.98924369344363,77.868926855012,7279.204706920184
47.88837181831652,17.48318171458201,132018.03041608294,3.1109541800098546,34.95419609621117,10.308805343505359,971.9881169278806,173.01602506956326,74.99740476038279,10970.05581966967
48.695297500966944,14.691586134070795,85615.91680145482,3.106397240757847,34.91390066090982,10.556852572599622,973.0828832164891,174.0152367083701,77.89126591326956,7198.790420957905
49.46298861503527,17.051826503875382,90744.34479020597,3.1006465588871146,35.687226104720004,10.93825025456958,974.0871923276488,174.98753158866077,81.26815497051881,7615.344572393059
45.78303840604219,13.56094490451208,74567.64475239848,3.1355260771560673,33.82679315262918,9.709061746320424,975.0390087585422,175.99152431307908,77.27336562441288,6305.147080195471
50.09878259264152,14.737648388705674,37060.59114475372,3.1000049255553965,32.369414762465894,11.082360439013396,976.0364552600288,176.99508781949294,77.17088325761108,3254.9886139183686
53.00919140378245,16.829287390414308,172209.33939754308,3.0866789927565845,33.30770897072817,10.447575842601458,977.1635627480548,178.01108972303655,70.84409935509578,14228.279091858949
47.18148454006328,16.74847804846948,56548.92164980223,3.1091794935149912,33.145766423744824,10.702962681839354,978.0035635763326,178.9899019987977,78.5980787433372,4842.695487603425
44.056427371181705,16.768550818483256,57703.94955891838,3.086495042285722,33.3750665649161,11.141156505742355,978.8690385304012,179.98693820579302,74.40299111738383,4941.597132975397
42.5114522379954,14.847402890860431,138626.7057316104,3.0518713262056982,29.642420307378764,10.811059741102289,980.0797949372939,180.9999400248546,70.86140399791589,11514.150267770123
47.93556475591617,15.182073389029817,66545.771049929,3.081645689711655,34.97535500237937,10.647872498941883,981.1624162759238,181.99525220830336,75.35598410270799,5653.612304711962
43.67316332121712,16.866000597587536,122500.60754332186,3.1403208485410192,29.80865425235971,10.457425104393545,982.2710179608898,183.00224903775975,76.261637015944,10203.874260078075
48.875024868465694,16.267185118013273,74921.55901206243,3.109460495636919,35.66605683368516,10.352459713163704,983.1705350395665,183.99883080632824,73.72950030003409,6333.967590277187
47.16204786841867,15.461014031583645,75476.36387392263,3.1079160696354378,33.66890611944666,9.82837938094742,984.1329224642607,185.01039517904252,73.38486032047638,6380.925899531949
45.97184183775023,17.036981608885426,141927.39040149812,3.129770401457118,34.266677458618275,11.458842524300294,984.99805953024,185.99698868333428,80.60438085319177,11778.039324075065
51.31392940118135,14.795953985300573,40621.928177616464,3.1033137260391483,31.264924724240846,10.403960220009793,986.2525938906289,186.9938859534696,77.80843873017754,3544.3353223576073
48.96534998244422,16.89743818325114,79505.28546473428,3.084432321678218,35.60969536124402,10.71187971717754,987.0735568457418,187.9985569420379,73.64763486974027,6707.2096683971085
47.39813728264379,16.964024496471488,61084.826921469845,3.0738769276131297,32.697022795897254,9.874988886098214,987.9540798355317,188.994349647026,70.60453358742693,5214.34996702048
46.23395745685833,17.054472077290967,155309.40038369093,3.076811639930294,36.177244881799794,9.911665024801074,988.9376348219872,189.99591373724138,72.04380408936663,12866.836872325082
54.04011557694299,15.661972362653827,126588.15393501312,3.114081756056136,34.38071693188495,10.293565307687881,990.1589261518094,191.02059472804444,74.2031055925567,10523.315284459784
45.82341348816543,15.693037694127037,33722.15169638376,3.0857752630398227,36.14396645911107,10.484631271244044,991.2093443508683,192.01246818215756,79.33243647725487,2992.411276920567
46.07489314923297,17.81029919259828,99673.64909347908,3.0533842983050543,36.94525842816785,10.671140515924137,992.0255842185015,192.9924022178661,78.48945134792167,8349.151975107583
43.929403995620206,16.289642583908048,94479.59182774757,3.068455258010207,35.298827978799196,9.940469784833173,993.0767430587348,193.99542260492507,72.0137263172929,7930.668312251472
44.459554578424445,15.736526500692042,130579.61368897499,3.111978385028463,35.857917762326736,9.995015961830521,994.1930889442253,194.9939589895467,75.09765489443913,10860.46702762543
48.826083828882616,16.094684966164035,122477.50806444835,3.0685690335059768,33.1145900770319,10.430014099887206,995.1382765679264,196.01646913337882,74.14328754202926,10197.520824730374
40.501452287910084,16.593464497858303,85898.97057435878,3.1182161033477525,32.10326482006534,11.370728881804643,996.0308790590824,197.00225959507898,80.97643483722587,7237.240454726968
47.236582905952815,15.739242514094197,71762.72504739332,3.0509352219309473,35.13331549353107,9.64658732762698,997.024213609124,197.98948580468038,72.4896175079864,6081.984724603431
54.96636621047003,16.56412320131639,186788.2645902666,3.0596098501327726,36.19977870206854,10.009797029054129,997.9700901373951,198.98618410493773,77.62661187452866,15411.678722628038
51.15776951611212,16.33986036298424,134701.539663617,3.0990195163997543,33.73074466137725,11.155219958507082,998.9967949096798,200.00222067108928,73.28161334813761,11188.128106849477
48.72608057360667,13.97271992176364,115903.81055333509,3.150540481517878,32.358946202376785,9.909667060764841,1000.0542698360682,200.99658515431707,65.72917926499454,9665.033057055198
49.3913109746613,15.603536895692743,93154.51278641525,3.1215582766122525,34.0115253518769,11.083093834678536,1001.0802074984315,202.00832055366715,70.67481716471238,7817.212935561971
49.06097267262731,16.542581341421602,77153.34415767812,3.138843973709481,35.59875820561887,10.577441318846573,1002.2418903796338,202.9778560365436,78.81519096707086,6517.504438233292
47.66230297579595,16.84952214959462,79751.02590500136,3.138298552794743,35.55451114005594,10.614795879649972,1003.122883773282,203.99893606118079,73.12802366099837,6731.822209232672
47.23844052404633,16.40922495110059,118936.88495690004,3.1398227200564057,34.66458117450653,10.313350289996352,1003.9155690329715,205.01248664925234,82.13310264195977,9912.208394155916
45.47454892647537,15.628280218610472,34841.75092698411,3.0763350224256882,33.9532727923782,10.733046354848142,1005.0393223568686,206.0024560144077,71.15015860090081,3087.938602537766
45.298643184238294,15.673781870897917,9499.484343497528,3.082457000585347,37.56964206848833,10.554591992612664,1006.0819761010396,206.9950469019739,75.66817418280296,1029.6459789819164
50.92724148984478,17.23367082326893,78012.86933842362,3.1115504108917893,33.42703148736052,10.209606579389645,1007.1328356039526,208.02486883705328,74.97186225606868,6587.042965254425
51.29452166442264,15.694371378756582,177628.31527653534,3.0916371454745892,31.24348698854862,10.019663662544431,1008.2903132867995,209.00585210426956,74.91375323427779,14674.482750468476
53.31438941104937,15.306478517187534,132098.71254892426,3.0985580285237635,33.85761721599976,9.461000995904492,1009.084493636902,210.0169185215507,75.08310301473371,10974.689044921864
53.042971098629806,16.20170401380684,75121.42853276711,3.1154639978247918,36.21713991827946,10.34751966503549,1010.0041649035686,211.02199580030228,75.70700816784897,6349.147605209529
49.32511443902667,17.184095592803445,150457.7365096715,3.0922465169048152,34.800480747705045,11.354279726807036,1011.1366452500309,212.0032877643096,75.95365140143794,12472.128752080256
45.527791894281215,15.616718439632681,69537.22018002659,3.1104823997410214,33.90900858551578,10.106030908793361,1011.9386383128325,212.98409363779177,71.97300894405043,5906.202475081395
50.37113966165576,16.694727948650243,66651.3347444453,3.0979938196414043,35.66443848619591,11.157083163830144,1013.1713296919256,213.99988864411037,73.21635526485095,5666.287613991788
45.57447926494787,14.183817433556356,33789.78173679451,3.120489374562689,34.52633997115167,11.103134137307077,1014.0613039388732,215.0003773374449,72.12594668430567,3002.7967120920644
50.181481697654625,15.818508958811144,52358.58702333645,3.0665548893120382,34.81300919605394,11.091733263033728,1015.082482905736,216.01379656400994,81.41797824955343,4503.971367849762
50.50353738250464,17.39080605430273,174783.6813879431,3.1313107793562445,33.082140209230246,10.085984287505962,1016.0462055969601,217.0028592878233,73.2618563477947,14447.457221516152
41.63000101163889,16.993351057592903,38844.96444742341,3.093693625872607,34.18850873543359,10.64356222893485,1017.1815447974255,217.9884805920927,73.51350524786446,3420.6422995174503
50.2438392254976,15.351204941422914,18838.992890555568,3.099514712292753,34.35329720823081,10.831547046802598,1018.0366403706516,218.98680917564195,80.27537040646577,1782.5438426603207
50.70851689838584,16.13327896275517,43586.62659088223,3.106128520728538,34.31985806986576,9.992979255854104,1019.1844953388262,219.99527340129853,72.03326336307352,3793.932526340407
49.394243640432435,17.600468405340102,112324.00779159475,3.1152420585885703,33.32137544324118,10.154036948356165,1020.2677365643158,220.99482716671972,75.23127532867962,9377.666868591223
48.571528280535695,16.25685125533358,190568.35577151258,3.080336649103806,34.9188718810541,10.165103973143454,1021.2031801564281,221.97506312553162,76.07320841676989,15731.228496421494
45.39527270752678,15.25041349358227,94521.7060958182,3.1360166718527567,32.07023744907063,11.07178889119449,1022.0033908718723,223.00938402980302,82.13283095852049,7934.536685761807
47.6386077910935,15.246933576340727,194267.4497921537,3.1358090332336395,33.58110166224678,10.12319857483178,1023.0598030265589,223.99317863127857,70.43538988634106,16033.618919166545
50.28318040095535,17.06691340425522,54304.03750985777,3.072588007447993,35.216581338909236,10.881808031020746,1024.0422176269342,224.99112175834912,77.02303822894542,4665.219311806957
46.830730200130255,16.04744228493763,74459.32942484395,3.0644361812928356,34.62233726707133,10.800393224587847,1024.9462997589776,226.02313776537355,77.15980347670084,6305.737584863124
46.307680097180125,16.358280678342258,60833.43328203957,3.1469897369003066,35.388733240165664,10.206431112283791,1026.1218935682261,226.9984102306098,71.32530768047782,5201.649221079499
48.397809433264825,16.37869708475577,137092.3354726391,3.0932861533840965,34.90016254319312,9.837422568202813,1027.0898297957735,227.99517283829715,83.54576990871057,11388.777133756788
54.44544559431238,14.037151603206778,77691.73335064945,3.096229115857956,33.33304871460717,10.780229760742376,1028.1635647646685,228.97925934396676,72.32923428400615,6558.495977380373
50.362439265093336,16.639897042781836,151254.61453541007,3.089113943523812,37.167269589322174,9.86549232491523,1029.233464626416,229.98354510846883,73.41466273594118,12538.896401618831
49.45199989733055,13.99143896050341,31400.207436926357,3.1112102427521005,34.480532644344564,11.091583611418656,1030.1210659502785,230.99432025724775,73.72285473020668,2806.14324366195
50.26702079415614,16.105303413736827,3529.2727007456706,3.124608879212355,34.099389451432586,10.081693416382581,1031.2507274031595,231.99170466502338,77.68383017818626,542.8150552529107
48.89901136602098,15.933907401843804,100459.29528915697,3.0025019547062044,38.482385497086284,10.971997053989975,1032.1262861685148,233.00816287566954,77.41574537069087,8415.405222867497
50.35676617916893,16.12686919454775,69797.92328523732,3.1165243810723546,34.281742716433385,10.411086478012274,1033.0563481226852,234.0185931309781,79.46438824798356,5923.67900429454
52.98710164144199,14.654439854621774,54108.91779828951,3.0753580374188525,31.57647665010716,10.985877212071529,1034.0999728005324,234.99314436450493,69.52296316074178,4647.557173825809
53.587878223353684,16.563092944902138,18984.133096164045,3.076673856672647,34.443337565621384,10.328971131260378,1034.9685700972182,236.0144151478376,72.85228232785175,1795.4368941082425
49.0027363844639,16.930559781765517,48977.89916267829,3.099965835663023,30.614820554998907,10.454313734560728,1035.9789085786408,236.98053359856115,77.37656006062743,4236.380372488334
50.56570937542174,16.227136201037432,249231.63422077504,3.082414473203262,36.541181712501,11.03393713007828,1037.1781325609172,237.9820038800258,73.4134776496005,20495.50750543416
41.44940839110575,13.826587070651831,36011.87811301348,3.056622926617495,35.60531501055424,10.273739600176004,1038.1691609080724,239.0135573489954,74.8933100623435,3192.1017366680744
43.609790664928255,16.275366757027612,2483.885525147549,3.06922203613415,33.9497696012546,9.90606146306725,1039.1515604447175,240.00118657280902,73.15300963310763,469.07668236459006
47.364263823986924,13.401496684501389,37922.06991131527,3.0167475250501097,35.879263192425974,10.755325803588448,1040.1076072803546,240.9930426459917,72.67611507060343,3340.0369666524048
46.32802060517799,17.257817150420728,33213.5387541763,3.1365680601529493,38.98619653214672,10.516966551615091,1041.1479756881224,241.99848254067925,73.1325114394167,2961.842200279263
49.19074625520089,17.747126792410285,155325.00839448898,3.119940728871752,32.51958510663018,11.33745464355708,1042.3468571484686,242.97222151575954,77.4366796842112,12873.22643180847
54.52347637917514,14.219386201501488,62452.8762433041,3.087525619388276,32.34394673439124,10.713376534964183,1043.0383782154915,244.00546327689136,71.01605317030943,5324.080138917439
43.246047126159674,16.114048152304854,76489.44286121205,3.105402453058185,34.23341783922491,10.957022719174395,1044.10052422831,245.00860168469166,72.63939622116801,6479.686553927674
43.01884680238401,16.632993814407705,148976.75271249196,3.141381845302352,33.16528601037139,9.804771812032365,1045.0998953234296,246.0033748638252,79.34644607611716,12365.086142563565
51.06606456055374,15.95626276366767,127946.48809133533,3.1249059995257036,33.297334418309404,10.516642567359616,1046.1463674319436,247.00097293371664,79.83598656250669,10646.579121981898
47.297190994181165,18.184135193069547,39595.76452180996,3.112231632876867,37.375249704823254,10.584584195566197,1047.1220268074348,247.99804511142753,79.10864122227592,3479.287775682342
50.08890240996103,15.469545768525625,97461.7206597275,3.1598818526591046,33.44435228211718,10.701080717648441,1048.2497860186006,249.0106954453835,74.99310546755166,8173.541235810055
48.21103267955769,16.40356260031396,64551.68999837462,3.0481134138240544,34.56251984425263,9.679563282829358,1049.2495950652676,249.9994479750368,76.46916321117993,5504.211782042214
46.269727980341564,15.699891870280544,8960.964672133003,3.118013701502998,31.980420986454984,10.571700735007088,1050.2479031727053,250.99773060044288,74.09329473518898,992.9546399886494
52.9334782662397,17.39265007980309,143591.00122947147,3.1005703915588225,32.51377923476966,9.766372225446244,1051.061272088864,251.996909452343,74.0331813545475,11917.594694034373
52.79076024096747,15.899423896289202,83093.51309918902,3.158816788155547,33.68684981079568,10.68952888715486,1052.0183256431055,252.9825432741876,73.69222017417555,7004.582804447475
47.72108374544104,15.835560809244171,104871.11800553916,3.0630458638429996,32.26261672381464,9.613354212552766,1053.0401942304295,254.00846213925,75.76142235315874,8779.219602014491
46.13790184011215,15.748309157367855,51294.2488913161,3.13042994231812,33.70543372033215,10.048135574060941,1054.0637343953722,254.99880538285265,71.40700604035248,4431.873554915572
53.66609325155542,14.772146089796811,84391.88424956477,3.0917512239964164,36.30259714971298,10.331755811011226,1055.1204116956083,255.99770630375298,77.68621740942089,7107.803150549726
44.49866365090988,14.17514285114727,101815.16268572783,3.085414812620411,38.806061085227164,11.162317261968184,1056.0557043735803,256.9878270907038,73.80235400950843,8535.057079775966
47.59262619748547,16.56782106978092,99530.50534003644,3.0686891728474217,37.26359088785048,10.682400837261866,1057.0551541479479,257.98273684996116,72.68749330444241,8347.609648455771
54.854732030158374,17.004663823539786,37161.1821412777,3.174766635623295,33.52660619405828,10.368368983495428,1058.084060995194,259.0057875717378,76.19027570912306,3273.5352759892403
49.97734992626031,17.126938212096213,136908.87944952698,3.071514648829236,35.60525062028158,10.237762897971875,1059.045350884112,260.00005926044315,68.3462937741963,11381.29475461248
44.476532548362925,16.029929493502234,93004.32629114077,3.0731586547444323,36.47455617201314,10.68842133388219,1060.2569546095872,260.98989428764025,76.02834290375097,7821.233052993148
51.44556732744517,13.156916703411346,94779.37002889859,3.097444680151838,34.889281420779035,10.412039627625916,1061.1008685224679,262.00230268058624,77.6869359357814,7954.099350300804
50.828501423689204,15.84971085707748,32430.749225488147,3.0177461005568427,34.29504731012793,10.388945246486108,1062.0508486935046,263.0100804819648,73.66835947327078,2895.09338013424
48.05727422680472,16.321683069791796,79650.32701508563,3.162197622614482,35.017750078445104,10.208169701848739,1063.2679608352757,264.00911420936126,72.90596972078356,6733.635254587945
47.121016967650526,14.382962515152101,88012.29880755949,3.164877389593219,32.925686043077384,10.482333410694263,1064.00193488768,264.9918730503928,75.15465983864198,7412.147284590159
50.73852138549404,15.889918997414908,40494.89570559817,3.0707949251496967,38.17118775720329,10.143912513698325,1065.1421680563888,265.9676007531904,79.61793723285281,3549.35422022287
47.439870753892926,18.48236027887512,60079.65904677311,3.140766619268039,37.30759417604519,10.215963002392959,1066.1296335920422,267.0064902043468,74.49671024261663,5146.993159708746
45.96843908903308,17.471747525150423,122921.2183831093,3.100302557268447,36.67576188809397,10.62919463582034,1067.134968175498,268.0004544770271,73.88387766441559,10251.242865122398
52.39588475957604,15.659431785653782,49451.114709984664,3.081059742775155,33.96081291787711,10.682150649938151,1068.0031220304847,269.00141951674107,75.03366423331818,4275.760958989754
49.18813855402523,15.205766958217746,79147.83866270134,3.0749692581798698,31.160016108949556,10.442655242060972,1068.8670579963093,269.9864357197705,78.86761874758022,6690.337826664211
48.51188048168632,15.40651161842602,65597.66063674109,3.0944661883466127,35.412341018456274,10.250512742808802,1070.1307008258168,270.9985439968805,72.91075087834639,5592.561425674276
51.925752221749995,17.985054003119096,18765.843644364857,3.092200236016726,32.9485891891311,11.351972753296097,1071.1036902865665,271.994059375841,70.87287058779296,1787.7879252644802
48.6708863236947,16.510083627392397,153535.84180261334,3.1005482665974835,34.22071832977134,10.541387245744389,1072.0401778140206,272.99973981169734,74.42179506100474,12733.733915734287
54.08020968132301,15.527875021067095,92507.5471417449,3.069826968816793,34.68304702590561,10.084975982770482,1073.076775324764,274.0257613953722,73.32093614228398,7770.934490807291
47.431579750970535,13.836646670489154,37873.15359430294,3.1027806175261348,33.97072117294688,10.179987176758264,1073.9901459244893,275.0108419764437,78.2807047959775,3341.203949109732
48.57934087968344,18.899847635891014,32626.655609887715,3.113634249743684,32.96480404494896,10.64308365434667,1074.97802894651,276.00877979587403,71.71745538343087,2918.7965653042684
50.31560456582305,15.516933820432854,53961.29860528156,3.1287553174830656,36.50449856833621,10.739685130594864,1076.0550964829174,276.99004745223965,72.24910597972676,4646.626619598777
46.92492636178121,15.210503229120322,78215.87214491036,3.0671135394197515,37.47564442506744,10.019406455214728,1077.346661195575,278.0011229423751,70.63719817165656,6620.8623535559445
43.88626478129946,18.223879501598617,104464.64527296022,3.1007409412245943,32.9298655930959,10.09154833129201,1078.0778322287122,279.0002727964991,75.71384464881031,8757.387870024717
46.035244584931526,15.510916909245102,34880.328154833354,3.0913877334332054,37.18969693890153,11.422770088432296,1079.1544734645136,279.99800399294753,72.85152034597832,3103.243455999486
52.51461968008811,16.194739786953296,62320.316612205264,3.1691744563141198,39.36282134694762,10.308687354545356,1079.9595633235933,280.99803325153323,71.99307135121045,5323.7511975923135
45.603593576457,18.433697179806366,135067.88281961714,3.0800023779368018,31.980811397411347,10.894368783479923,1081.21454318359,282.0098984211729,77.20509321838149,11240.536549526567
52.20233277218601,15.741635287277632,87008.15898821733,3.078105835431188,35.32301779894577,11.163141567875702,1082.137726774214,283.00866011577676,73.9414320631625,7328.475712026594
48.55344255235057,18.558822710978042,70457.56218681479,3.0294652302114087,34.43784755031563,10.542299670469845,1082.9419631175547,284.0169837504558,74.11051452403278,5991.392095460102
52.16597006557085,15.372354359280893,94219.33478652939,3.024089662403523,35.484391564300566,10.55199394253221,1084.1425235251234,284.98889454488756,75.2796171761356,7913.891806259975
51.26515829342778,16.226749595520033,80991.92353855772,3.112363378370654,34.73072651504551,10.985684735328345,1085.1846066744165,285.9760315503798,79.44087816959974,6840.908855052073
51.24086788903349,15.357326744987299,161066.53038633076,3.1299506071486065,35.318055549057476,10.792298206227159,1085.8422620340996,286.9986507979699,73.3658737103299,13343.784041522773
47.711478086184734,16.38287673152841,144096.31262427295,3.1116453861129663,33.96140551917789,10.948248330885978,1087.1363207157451,287.9915062696775,73.89299001103566,11971.23068711751
53.13315250261141,17.110731798561858,200974.78791867106,3.108163044224991,36.457266744738796,10.945646966969015,1088.1947358051796,289.0013769839974,78.34501446515989,16582.479792408936
46.87966662559206,15.159320356769836,88847.52317226457,3.103822792834715,35.169231757320574,9.71214326148513,1089.143096422552,290.00880640277774,66.4912785776313,7487.169428079109
43.42641552483512,16.03905264696724,79734.10005325277,3.114184851197846,33.793009616617084,11.077624979604483,1090.0087967397073,291.0046641874118,75.82139178063406,6750.461012133929
52.332928687647794,16.312355620049445,33847.52714642643,3.0761983997194777,36.80170214797659,10.674270800378398,1091.1019572238904,291.9947630133016,70.61339903251621,3014.3745844333903
52.34814937466603,16.646438948951488,154029.7852115576,3.120653865452519,35.1112987068464,10.0120771528612,1092.0657254817277,293.0129552548744,78.54094749652347,12771.896703868117
47.81438221314108,13.834411184417629,128294.94876220723,3.093797692649452,34.3927543936983,10.480645366932752,1093.0811438138874,294.01536467865355,73.22664891347743,10687.452240057904
46.63361548847938,14.59325117113462,54696.733531362515,3.147801013489328,32.52023407101566,10.673007843679185,1094.1861391616671,294.9907205578985,73.54121227144319,4713.4761889035035
47.35541838260693,16.37568077128377,95818.42408199285,3.0950122708269756,33.049104436941974,10.445608511976124,1095.273002104782,295.98425096965144,76.85619056664008,8052.366308460195
50.25865681736164,16.37458964247592,161864.7929846905,3.1197885828691185,36.554897719942524,10.453491474550354,1096.2642064994316,297.0132141436974,77.712889269884,13411.554999667253
49.4385528940113,16.836634463698964,185096.85730220535,3.152614788732056,37.63048541637891,11.084163769881698,1097.03597447292,298.01147148085505,76.19946660870238,15299.844925718746
51.75976487138805,16.7273552341861,23158.055431059252,3.0623332648572763,33.64003110748358,10.746590300632851,1098.0928470144147,298.9977196498304,68.93630918737738,2149.0356428663827
49.847403577038975,15.696894704222952,29214.880328913627,3.0689234840789283,35.55071271618231,10.171383451400764,1099.111365508845,300.0115588564474,71.22648135151853,2642.316969058365
49.647651618889036,16.98878145486107,60840.33269173886,3.129928041314711,33.1620856052654,11.155621461040333,1100.1252697008633,301.00882441205505,70.46860538020232,5211.809355899355
48.45865485342712,14.59176465133524,51951.530381828146,3.12127974144196,36.07617641747199,10.411430072157724,1101.0389843743221,302.0029054784721,75.25715434887745,4489.065265725038
50.18726011354857,15.132014606998398,146001.55964381614,3.0894962494274743,35.59742467026968,9.659638600739564,1102.1128064699271,303.0081068594247,68.2347238474496,12125.726628311777
47.55234008212923,16.036305855153685,147330.7456177636,3.0680285539092917,35.40096072631955,10.656702749697907,1103.0923052927737,304.0072936682648,76.20026987238772,12236.218474433743
52.10683540198863,15.95679303912621,115283.61507542225,3.046905604506468,32.36780644183705,11.142831385416407,1104.3979115638374,305.0133472914148,76.02297159560405,9628.287213275502
50.53140153910597,16.23578370530818,6946.972415363639,3.0970219263674625,30.37304363799941,10.970671312589335,1105.123055752414,306.0146651111805,72.80063186668067,834.4024040638369
51.002910820115446,14.182898709008759,215745.40256186947,3.071696369732434,33.34746726995836,10.61748216581839,1106.0510401030808,307.00766774577846,70.55424162870737,17787.42372953048
47.803945169786914,16.1615479628187,103869.72234682909,3.1378067064635915,31.69322915946511,11.41512469051794,1107.038557016291,308.00477883233305,80.02707899086218,8706.850663090623
51.863816242929566,14.456128022218381,140581.61502417538,3.062234732659453,36.83487275714629,10.067346150065566,1108.1481762642707,308.99786374608766,71.25507504743676,11683.426574430392
49.509972460373774,15.820375220446016,154474.03658940492,3.131333722275454,36.96961948957641,10.869878977174679,1109.1694619533914,309.99939025199234,78.16601797970904,12814.238708891375
46.91836388522654,15.287634131624106,136503.1788168368,3.1216631267742403,32.89102757374025,10.55947388661562,1110.0885609554095,310.99461315886316,78.7153073145806,11358.051317204401
46.41425605551073,17.382281816855482,44153.735304783666,3.130273531375942,32.89480743922093,10.755609625648706,1111.0698525567177,312.00014633093866,72.0573336603698,3862.9729045395998
45.86982701514328,16.184952355172676,61858.20916574706,3.1048348893249926,35.118626080502,11.155325923210142,1112.0163063212838,313.0015378982673,74.15514919960549,5300.175629593509
46.49007236200499,14.849910561929008,98624.75528276048,3.1354688142783016,34.49936288261745,10.615251783902034,1113.1187002939917,314.0080519867436,76.64492612804678,8283.553903848922
48.36333795303267,16.284596165755296,30527.594560381,3.073379400273642,32.92554988553472,10.34479064070604,1114.0273219870126,314.99708417001176,74.23340567760084,2753.303459045389
47.8330635331918,14.892886455936623,60022.28615720241,3.1188219018355943,33.886776823306974,10.990310856348424,1114.9473364467478,316.0047346378495,69.81863770194076,5149.080280533849
50.15431620583149,15.77701721936201,9006.104613777385,3.1304418772250324,38.514857825207216,10.544038564112975,1116.087944738659,317.0072144779923,72.89770924801266,1003.726306735572
45.81500134570617,17.147442197430344,64438.64647361589,3.0727491571025842,37.03468868723363,10.325037559469727,1117.2648975863312,318.0001706829426,76.04513481235199,5511.000004701338
49.46846540900716,16.847545736901893,4385.875805982438,3.121174734446846,34.15098871044641,10.390413034375667,1118.2017331088693,318.9882845151668,76.87377793918819,629.7502110222629
48.47756597007979,16.704851157310905,77735.80698862243,3.0270987244771357,34.24113016587893,10.203783543055478,1118.9578940356887,319.989971774878,69.43191650963014,6588.651805984556
47.88922254682146,16.212324353125048,93129.44539170947,3.0678183859045385,33.979008314454106,10.9182822743677,1120.1230118742124,320.9797687188298,68.84871777601317,7839.367514947523
47.136670051432205,16.605521436303487,127039.45990356391,3.051918365780031,34.50724998488276,10.621900553013619,1121.1653622263716,321.9873857561636,80.74152406933055,10591.804383254126
49.88608609113439,14.62591132217513,303486.0153304875,3.1559892400903706,34.40569703830212,10.882579892994421,1122.020109094827,323.00534092052294,70.93956489457727,24916.51698185184
43.3783576126459,15.619739940207443,98742.9908679061,3.1336133544976867,35.50577314736289,11.0124048026922,1123.0835193640214,324.0196922923738,73.40438667951125,8300.212923818506
48.93678400240929,16.422772227138243,58470.388032326984,3.0820102398725924,35.51731129525275,11.410548924317476,1123.8878986228124,325.0157397677331,78.75039231401215,5022.43586894698
47.86029882465198,16.146346204476515,16774.332643699312,3.074407101501407,36.26255011048262,10.436510552230011,1125.1011329798753,326.0017112834157,74.89220066295101,1638.950706336628
48.9535017177113,15.52253629548536,74207.78942949657,3.168313867250343,36.59489135663371,10.51733249631659,1126.074976829503,327.007575074376,77.8776598143151,6300.23791211724
54.00675293518659,15.269690736667712,104942.77784591995,3.044997088977863,35.709329052227396,10.28862218924713,1127.2993770242292,327.99844138085035,65.16008135035324,8792.06383656941
46.08187351691327,15.61630277609366,198751.05116994327,3.117509704434805,36.31330528213275,10.291721452865518,1128.050292118922,328.9951611646766,71.95420860644151,16418.54900014472
49.92894276029939,17.466052560644883,43807.43226998685,3.094567149699081,33.79699280754943,10.362661939791124,1129.1122502976557,330.0093800721478,70.46589030603405,3833.9244796163052
51.27178433945864,15.468897234544778,114237.11912755707,3.128636746606728,36.34708863977164,10.839229987895017,1130.0093378078097,331.0049112803675,76.68351782944741,9548.52712364174
49.29290339328924,15.773823834420897,122964.40712943015,3.027948181370815,33.13368866110184,10.638558771032436,1131.029841728225,331.9907207141852,72.29127333292195,10261.074965293712
52.83594324528906,15.323931073222749,52843.80402080796,3.0662978290416243,34.38856602578359,10.807337595725894,1132.2809115827538,333.00187445558794,72.35529314869838,4562.572864545656
46.95706348413385,14.388629709533792,17688.292208353592,3.1122992548772976,36.38284298115947,10.33015482641694,1133.101272616596,333.9913038944729,75.08919264646585,1714.5066842008407
49.025446966458894,15.401975870625522,112675.5288524292,3.0206586293517743,36.14919903239163,11.093517209036616,1134.1170327246284,334.9909712726587,67.39390488844728,9427.289590734152
52.31952293718316,15.243815457648896,54418.84388166187,3.123906285829092,35.907875411266915,11.07388414285396,1135.2238333341109,336.00015163044213,75.24715314369813,4691.003802032924
49.689264774311006,16.147704353288532,61529.47472897835,3.077495030640251,37.47977153470705,10.057913377001864,1136.058881349456,336.9992638799126,81.18992590335402,5271.341411036937
49.83356994010765,15.28949088289174,174813.99319631973,3.0670174488084148,28.768635452357174,10.616219635542972,1137.0595612867119,337.99962415684297,77.61778160970626,14470.186237130614
51.085659725519065,16.183327849504938,86959.31502710175,3.0586872243367558,33.44215263671584,10.402339766758404,1138.089735725624,339.0096702274522,80.70372390829534,7334.921722462011
44.333452280364874,17.239417982752734,63199.09995004134,3.0672421995413512,37.676815739597785,10.126398592481966,1139.1278630439874,339.9973656002062,66.6369801173412,5418.250270090084
48.15435745729686,15.067546281956842,68542.58177161442,3.1557781885476106,36.912381042999485,10.924305018782869,1140.2008706940687,341.0038401644569,76.17687101749786,5843.843271369232
50.45980192833016,16.197934282874513,71434.05775063907,3.1439686861168474,35.478380624505945,11.245742540855977,1141.1651082673038,342.0219767299852,78.15902144472375,6076.182625827798
44.27774053947474,16.395756212175534,220119.99565842687,3.0946791639251106,34.1649123558304,10.827234005470055,1142.2346350548657,342.9970169449668,72.96140574201407,18158.93995321552
47.775568649782585,16.59079389696872,116110.69022662495,3.1549080862502046,33.509810912041345,11.31743152031458,1143.0068223870564,344.01026944161964,75.18722430810057,9708.645273810074
48.889951247480774,15.912343938501381,96248.46469025173,3.0629482146687894,36.14427730755532,10.13527875371354,1144.1537346180664,344.98256889515113,81.67399787289513,8092.75316966161
47.24415032713221,15.46693390760704,60009.430313000455,3.1190983718238994,31.99455530789922,10.270530906589565,1145.125683213645,346.01368255670934,72.81256267220205,5154.007184542983
49.010250434265366,16.53882692900455,117595.79627493172,3.140083205850858,35.09229074080831,9.966284883947834,1146.1280299225175,347.00805294962163,75.62444966414047,9828.064421766798
46.907881752502846,15.853567128823222,71148.1060264237,3.1010034965183766,32.22480647859135,10.453862253095192,1147.1461066744525,348.01516893946507,68.71080920717176,6060.400489325422
52.09227849810239,15.143669809184136,109105.1534948563,3.0959700950462397,38.318230961430615,10.297033331690308,1148.081900867941,349.0115908977725,77.15020426678835,9133.67226986143
51.66303630536956,15.188863335953245,67170.89267425028,3.08530212693105,35.564381335319624,10.065981851341505,1149.2676951825167,349.9995453256845,70.41662910434664,5730.827435308249
51.86129913245123,16.356208506219716,28860.04109783587,3.1151405284105276,33.89147166943455,10.196750066271187,1150.1088065890485,350.9907847051043,78.79483121324442,2618.937664857687
47.751452581817354,16.293040660131044,34009.14646676065,3.0732394020778537,31.250356742952867,10.520698232829202,1151.1371935898087,352.00431088232705,75.39396925092056,3043.242894510166
52.588270200164054,16.195851984518526,47868.87534890212,3.0676542687687895,34.43802868906676,10.931025502506927,1152.1771590353687,353.0078787974323,76.73360696681165,4162.202854623137
45.41395694645746,15.22992938468229,66737.31469843867,3.113819319951505,33.295127062663816,10.362446843878644,1153.0911965651694,353.9681020887571,79.02383314312922,5702.6541704737765
51.710288661310294,15.260114142635574,91953.22506139649,3.0620097485687157,33.53870004733568,10.080917819639245,1153.984509013149,355.0106231323333,76.47619748475225,7742.717789776104
51.98974722937477,15.42140045870477,88253.04085545434,3.0994253519963944,36.06407884242316,11.147615083342131,1154.9463815304448,356.00953360311735,76.22957264760272,7442.237364805282
44.46818712354609,16.895075333703566,130232.32800508864,3.102609782138667,34.48433236837549,10.094993497426316,1156.0748379199945,357.0087365877667,71.59258897005803,10862.941970628066
45.90334370093206,15.22512706787239,142988.51113348026,3.14451463770323,32.484930609814825,10.902054678237057,1157.061186208911,358.00505857873156,75.6945322688422,11895.025507916043
49.58520727576802,14.823538672991894,144565.55699388043,3.130640232838211,35.03032503063939,10.323228268417065,1157.9922858748416,359.0032868572486,76.10431739050199,12018.095640321153
49.37055021300702,16.331234073043603,122830.57959545444,3.0991847678838895,31.92150038118297,10.084810786633568,1158.8772338215772,359.98756814146213,73.87259962258585,10255.177867892262
47.11893900917831,16.573901990857486,30007.22840004445,3.1143023622475035,32.94691597701299,10.82356832815842,1160.1365010448255,361.0168916915397,71.49857053147878,2721.7439271417356
52.67769643528453,16.237297625862084,56907.64482485087,3.0877695112543475,33.13423161856626,10.210538782199706,1161.0194384707634,362.00709518817945,76.4384177510429,4897.717293947142
48.91236727378838,15.46588219839803,131606.26765391073,3.112895321096764,36.43903084155897,10.490033184615896,1162.076281092165,362.9895528980953,75.17763225871111,10968.055401402766
48.3010942857738,14.485133634885376,72179.10407883098,3.0926041193298843,33.65464108957966,11.097240173792459,1163.0476268313682,363.99689593705244,75.61121355906491,6142.761640156232
45.37676429808051,16.456665112777486,29810.541400720158,3.094154303301228,35.525171147837824,10.622426830777213,1164.0434164234578,365.0060622210642,72.1077525815312,2708.5310206440167
46.7299406901968,16.69713589528832,127497.19955823007,3.1310228102445756,35.767772692803184,10.266258064089836,1165.0791232599108,365.9992991356501,80.40601589146713,10637.540655207304
44.42472837093855,15.945453607442742,127294.38464354958,3.0899920760778556,33.960249847284274,10.723713039070738,1166.1498265579378,367.0039624848678,69.38587449384433,10626.049638835937
47.94283068682263,15.107264825756838,30124.813381050397,3.1435711078031288,36.39865403103731,10.265771492234437,1166.9390976663249,368.0055433578569,68.62060621239503,2731.022962301788
50.010718446453645,15.829152452181482,86128.14546924179,3.090043557290852,36.46597312858154,10.930475639486577,1168.132362925582,368.9971254227247,71.84142417554104,7275.849011088311
51.75705356574247,16.07568952307379,118348.90415523158,3.0989159070177985,32.32510331559686,10.51490656284981,1169.015621920367,370.0097083520881,75.0054728192083,9889.571493089123
51.20330465317145,16.038093352540983,69751.300524804,3.1281399659834266,35.239146615356276,10.725527100097144,1170.1037795123307,371.00534220834834,73.99304741046254,5944.548112267762
47.22617524331384,15.368886977724603,41475.983224596486,3.105833493295105,34.01450162561242,10.429517400899647,1171.0951332032032,371.99708039577166,75.51589159497287,3653.152817646966
46.48262296133929,16.04145761447536,86917.35799722717,3.112630387777262,33.32769367808832,10.17238631591045,1172.0972606134192,372.98572183942497,77.06015812395275,7344.285953559623
43.510597148018334,14.458952652964552,142301.9536110133,3.1058184789689305,33.16231772104415,10.787329128451654,1173.127041137953,374.0041650921309,76.26745093071324,11844.622826488314
48.02014456571376,16.64255969824368,12978.619997572574,3.1558042739135708,34.73047636463224,10.934735646994916,1174.1539489649003,375.0004731441538,71.78831120865581,1340.3597131160998
50.73370646874376,17.050317427712837,52307.64120703345,3.0871599809901626,33.01778155061477,10.027304138928864,1174.9638611081136,375.9828617749526,76.65238106795142,4529.758364776339
50.74120551132865,16.212396107637915,133189.9580720201,3.091260749972791,31.899985072753744,11.230415845023579,1176.1900900957398,377.0201894940975,73.36178988155872,11097.717945900757
50.859991824176596,16.479320434589912,183022.68606244118,3.129283615826943,35.306480322306406,10.730993722150412,1177.1980257832233,378.0000274799448,75.82142362841388,15143.83278888202
44.16576230586042,16.879615223567917,110929.9254913355,3.1225265105875044,32.29357043288559,11.02809070885582,1178.1798716661367,379.0069254736569,74.43332371895097,9299.351568474245
48.80664051058807,15.110028945429011,59759.20969830871,3.0941460788327313,36.3886294089924,10.637568830736798,1179.0363837201937,379.9968322239149,69.96711574453526,5138.109669863986
52.32013379703234,14.725218391427411,127976.7369673819,3.087157021426699,38.927898618204736,10.399494961596531,1180.0258503680543,380.98592138884595,80.06394419942642,10670.593745473638
51.183692762817394,16.062233014162622,43301.91040241007,3.02330213556042,32.258390249534784,10.949037300290422,1180.9858758058867,381.9962845725156,76.3130002056211,3798.3716147958276
51.60205886404962,15.766256599319428,96204.61334554534,3.099633278268262,32.97508632464229,11.114875960465785,1182.1612972001967,382.9926197283156,72.28117369913313,8094.378293773758
44.988502288885364,16.933791221424713,171432.87916812673,3.1084399519853694,33.60495419536448,10.941023588060943,1182.9688973249943,384.0017194326174,79.77236715633236,14210.900593747005
50.29039623053592,15.043310772948544,50436.21111461756,3.0674925197300396,32.66580901433456,10.314726812743285,1184.2063226171254,384.99914748211256,63.691078041273045,4381.355156630728
48.21476894179269,15.965474346395894,39646.10552289765,3.088926364956074,31.127526430876706,10.727938222870645,1185.1592913553914,386.00473671064,75.3521869912508,3506.265114053243
45.22093430389481,17.073679685601324,63186.812242149004,3.077617704914914,33.735559474779535,10.99158411717588,1186.141379249164,386.9993557657464,78.57064622094398,5421.939127805808
51.7455522915525,17.33065826725581,123974.8114979884,3.1798034098845362,36.76986202066778,11.287088661379078,1187.0238119204978,387.99988322942187,69.25539712640352,10351.737589193865
48.46111828010892,13.098528669445065,151813.87785372217,3.065341292991712,34.00800624335228,10.992438363620238,1188.2072157212908,388.99983636945143,73.25998165368658,12612.949100709267
44.9958885360466,15.94003495545065,43210.457572962296,3.054513553505129,31.850625473369067,10.31434366672436,1189.1004528589217,389.99512166613954,73.00315288665206,3801.0599437049023
47.08491030541672,16.536679947819902,142075.967860914,3.0677100988858386,35.05682739221065,10.832225656671094,1189.8931289240204,390.97171824870424,73.58731508847873,11826.661309910392
43.0462913314915,15.371295262324955,138235.8084131522,3.105252665973341,32.30971470955808,10.695462472495327,1191.1895816344015,391.9810204788513,70.49532051387452,11520.157478486926
42.9958681331453,17.827236982510037,50153.732761651336,3.0850413508270944,31.862282498321036,10.614830471679387,1192.241673725687,393.0060805414258,76.64085044459468,4368.576460238016
51.69106927787903,17.78903058043537,58519.615970319406,3.1026471622320506,35.18204803125483,10.286462404000682,1193.093282902847,393.972122907412,74.79808192217435,5037.095941853853
51.47606245708456,15.966465736814541,166051.19712833845,3.07692480530898,35.70121058791472,10.438105375150649,1194.1721458835857,394.98613353698096,71.50071086539204,13768.550688619955
48.36960661519828,15.752934338315862,290419.24765583145,3.15607203356436,36.324174611507004,10.97723325661842,1195.2452142327595,395.9959075661141,70.35025453959885,23871.560060199154
50.83257109258989,15.053419740725277,43755.53408264631,3.0935050413865173,36.713184509550906,11.15584883294646,1195.9545877347987,397.0141460547512,77.22119256377813,3837.4597942628907
44.50047500486045,16.007059115616148,68578.06742738165,3.0699113119487684,37.8425146945699,9.98385095652389,1197.1015643763203,398.0010856429198,76.36806322118458,5862.334387289291
47.41223402976652,16.651247094515238,66297.20311480292,3.100372619964603,35.70110259723558,10.446383164413033,1197.8831155820158,399.0027392425421,70.95917418856908,5675.070395874624
49.98200044438912,16.228207509723198,72558.43130705845,3.1171255169013308,35.345526066131555,10.551375629810071,1199.238364292522,400.0070489677758,67.61754687743752,6180.790987540638
50.63639737838258,16.566234565274392,99820.72893209591,3.130327615054428,36.37586088032323,10.907884808798627,1200.0564579704023,401.0094397511379,74.38651519994544,8392.601231132667
52.11946348507806,17.73016785170256,118668.23475653822,3.1037977035681177,36.98041316475243,10.876322060670445,1201.1433287849286,401.9916010926812,72.900831469882,9922.413101769105
48.096950448497594,18.199145539687407,30461.1522256645,3.1334387204210303,31.54702466404053,11.128756365644051,1202.0240906456602,403.00072303957387,68.56933530889243,2766.6237029200433
49.5866848855653,17.009792164067694,90109.58830083313,3.077855432919714,36.106152528997214,10.95123148364166,1203.0018921484927,403.9984571710214,78.02603992936656,7605.497606392823
53.431669175640074,16.171155094037104,65512.36609253224,3.0743656245215725,36.13657328468726,11.66920438208511,1204.1550791252637,405.003864345441,71.99732542493939,5604.091241254422
48.20897492465974,15.92879917447059,51650.23451584114,3.0588228144209273,31.679399609016265,11.108741882783434,1205.0614209584783,406.00907057475024,74.7964529007349,4484.681335369744
49.04194505370329,15.18329507022553,60465.383407413865,3.078960693438032,34.62728079301008,10.815484172134122,1206.1849612427873,406.9963606067863,72.72985921210253,5199.502933250509
50.95146184628806,16.03775337368308,50515.02185774782,3.0900048460626564,35.0401328849549,10.314513221703272,1207.1716634370375,408.0151794111758,72.24046974211693,4389.929702583348
46.210747831508144,15.659787380655063,40132.7903212766,3.0802949036074687,33.29286092302187,10.819410125536075,1208.0563815768737,409.0003908517649,74.46769421600708,3552.482385971634
48.671367863128815,16.540440067239672,93388.42335837187,3.0993851705448052,37.12834144350513,10.557487284652435,1209.0391617243424,409.99742866424236,70.42644859255725,7875.28300143074
48.01979672824558,14.641888021061494,46311.222152927054,3.1046707498471555,35.34855662786862,10.591326282945232,1210.1117661461617,411.00642442031995,72.2607906320033,4051.9401765592884
53.621770294064646,15.357009620867071,23520.67705955262,3.0644238430548008,32.03976583642168,11.04439890464637,1211.0945527744598,412.01747321077903,75.30334927242791,2194.1038987401885
51.202058034773216,15.407541576334708,24837.58095520989,3.1240077442889933,37.402203360756694,9.96002568547679,1212.0860668578205,413.0029958201438,78.1721785730057,2303.7935117553484
48.66159959059708,16.101973072213724,123448.50119400157,3.1347187284831897,34.13079197992923,10.271889006574066,1213.0423621417335,414.00444279188997,71.36564996926515,10316.390437327665
49.99155494840755,15.901880555439396,5600.890581089706,3.1012437928598526,36.23473055021963,11.414696489861063,1214.2060283776868,415.008080454579,71.60708887076683,745.4542065854845
44.95045830956114,15.767525672065773,109813.1848472592,3.0375838936713215,34.61195822339249,10.332414718985099,1215.0984665352935,415.9940803781337,78.04622851668674,9212.760297753312
53.07160093159248,14.883448154094793,116765.79727963301,3.096457437355746,33.58393044021254,10.114842434094118,1216.1499962799637,417.00237380594825,76.8539080934072,9766.575750233775
50.79188176398323,16.555242465810117,126587.16708226321,3.1185476223043405,34.83958940948841,10.188899561237063,1217.0896965531922,418.0073692628725,80.00891259904958,10567.711464246435
50.68745330048138,17.060951950344776,55837.19841558996,3.126353053853512,30.65543483199192,10.37223352908415,1218.1001715037876,418.98987556986805,77.12382077259755,4824.091516928956
50.823492161390675,15.871753940298996,117328.58783253348,3.112015183101236,36.220002033061576,11.009006701456265,1219.199636302226,419.9829367713115,81.52199007300348,9815.457336569189
38.820307593632776,14.966833121872027,98404.27926693988,3.0931894062846625,36.39241332217426,10.346579378038129,1220.145889698635,421.0058822907549,68.01670592593575,8296.780611690414
42.61541057895097,16.27487249679035,67008.2716557966,3.1042867047240676,35.12439895028447,10.196377878714433,1221.151267627583,422.00468581191456,72.42709413114862,5742.661573851225
45.80273743503825,15.721198199639916,48293.86407945785,3.0691553816531485,36.31436895491035,10.88519172772915,1222.1673478690616,422.9987808333727,70.30014511750166,4219.150135467931
49.988375998255336,17.04819325513314,22030.641213386596,3.086018209282563,34.74326530273056,11.03292761927407,1223.057054782743,423.98892158307376,74.96391248780945,2081.2447612463066
48.63426680460807,17.488789283324852,33379.78126838863,3.1306924203073936,33.27007694144548,10.55806818038577,1224.1062774321174,425.01310670362676,75.95692314605824,3004.844020722602
48.59410750543406,14.555916362303478,93234.15696200676,3.0913799494899754,33.34216461192919,10.216669145850567,1225.193115001516,425.99133260350675,79.41790912915312,7862.487346794647
40.275733554011104,16.300124820846307,105379.41476756724,3.0952868900167925,35.18524217225148,10.500076594758603,1226.0269556155056,427.00470344147226,68.00887086673919,8863.263102009612
46.66710618089471,17.190833247495622,11589.092350031615,3.094025151309321,35.361951414830074,11.090822185034606,1227.2227930849963,427.9817967842713,77.44194093795815,1238.0379392189789
49.31531744309849,16.69323057577638,111744.73876227673,3.0673585078320036,32.25799986894116,10.247660594747256,1228.1665711364653,429.0038060087189,77.27773707097099,9367.089794243544
54.62149137336533,16.20591173201939,67168.49060069342,3.1289623535346167,32.53910505191678,11.4113364765741,1229.1107186261265,429.98727721013523,79.36009214335374,5739.991946205942
49.725328125442026,16.516084907183227,85067.46688934536,3.1161997049904917,30.601971783974378,10.7849612058377,1230.1543291880107,431.0055403022844,73.5779111614758,7201.373062196729
49.67767185256506,17.889698511949703,51465.982573906265,3.0921570876956608,32.972743888725745,10.860143929061433,1231.1327386441014,432.0086942408344,76.2213065962832,4473.577019121937
52.400642942718676,17.923474091861934,89646.24437413046,3.1065552963559786,38.31079389847183,10.725940165795942,1231.991319835983,433.01401021436,73.44755786842958,7571.035089636269
50.87481886490475,16.07693130608013,12192.66190182938,3.1266292157067768,33.77006622643697,11.09220748171879,1233.235364868076,434.0066666171544,76.4965065028705,1282.0788331290764
52.880203280681826,14.980143487302545,121383.42400684954,3.0417431868103213,33.51058566085856,10.536489883369917,1234.0500232194238,435.0024897166435,76.98587159963589,10145.03783667598
43.609816479714624,16.950260658171473,124165.06498182983,3.0681631577005937,35.869902789836885,10.657394079926581,1235.1821722813308,435.99318340296475,75.97413570115921,10384.753920075067
48.82599984316222,15.747427766846846,36856.04824174293,3.0751869411245716,36.79668317268465,10.950308625115898,1236.0161013902996,437.0022043892658,83.59814652650314,3286.187804349896
47.78793397479943,16.829675930055878,103032.84664797428,3.0984977121827373,32.01344932144279,10.859529711562772,1236.8794454194908,438.0142565571043,80.72573066890725,8662.60950353435
47.82824998646226,15.696242751219968,80055.1410118844,3.1300459645930347,36.308016788414214,9.698233799292165,1238.259517357246,438.9827042029013,78.39103388329931,6796.712691117277
53.796961283722474,15.64472469866678,31836.83816666052,3.0973334051497714,33.5991038681515,10.444493447750984,1239.1416505478169,440.012512387314,77.03950624540718,2874.0337175401332
46.93802026338828,14.762099143782276,107225.4998330215,3.1140519450679323,34.284483577711356,10.665338901206527,1240.209005559032,441.0072122358858,71.94061000987593,9005.15472239814
47.7594501559075,16.54273924784689,62667.276521892614,3.1074484837220546,31.607605139673055,10.064813676195234,1241.0881712947078,442.00553918227365,70.6943732696161,5387.625538294921
50.151336878493126,15.45492362365786,17423.76192212489,3.05238357198812,34.513105062128666,10.887780678196588,1242.0507444893958,443.0128959583711,75.67796666953825,1709.1079376785488
44.25297408794138,16.214521534698882,51886.76409687064,3.0909439480331913,38.46662636463877,10.156111559536718,1242.9478379409702,443.99813136758934,75.32707418600144,4515.938468676175
50.16209964814122,16.410117550775738,86288.4038391987,3.071933799240964,34.86506229822952,10.40769404942108,1244.1550619989152,445.00174097518976,70.76456453072123,7302.9820970942465
50.119816242020825,16.171839386653748,101429.9288074329,3.1041899287104266,37.039494539882185,10.480120205261972,1245.321832094976,446.00159732753286,76.15117755298574,8531.440928110549
47.996561059097,16.113771891490295,148321.4766607907,3.1067394147223846,33.85790309627896,10.730749994672554,1246.1945186370876,447.0004342872689,79.86475876631039,12341.131429817173
51.09121895970564,16.79680325795693,89458.42974060205,3.102197369839381,34.996364716042244,10.455018240967712,1247.115803612353,447.99699022347306,69.22849507488279,7560.306533254337
50.348532993822296,15.674796726181203,120024.21078880201,3.1372437875591785,35.591419187388006,11.013823991406795,1248.2261692012448,449.0056796788779,81.43986293745499,10040.063520106438
52.90181846641391,15.004699822656917,198618.76490845368,3.0792624966102133,35.14475290583234,10.198017714523118,1249.1029271731456,450.03348297734016,73.6710854848752,16419.942235375303
45.73702222711272,15.437885098456045,60048.86302423782,3.0828979748768246,31.720694623390344,9.954568041081767,1250.152778200848,450.9823150318055,73.80836639838253,5177.843811374276
51.7997101547202,15.122924540345087,19172.163408540968,3.0911885405575688,37.93530366991129,11.225178210884808,1251.0440067752895,451.9902530504891,81.56273209037106,1849.085840231206
53.25014205676186,16.070129220447875,45109.121119419906,3.1395372938867254,33.908930609994464,10.853264148004023,1252.2149835879218,453.0058826843371,72.27074193218493,3956.106381917486
42.44267202435078,15.546901153238492,104302.0664621573,3.1566117619226435,35.41540651755854,10.24727160802684,1253.0675636361523,454.0057925269394,76.91658487653334,8775.43483253322
50.23071020035556,16.783834939189788,73717.7756985446,3.065396736795469,36.437940830187216,10.74643347877777,1254.2248804792944,454.99631393260137,70.64035652455733,6284.258151534908
51.27290132951832,16.200482388222213,65722.35363577511,3.1273713569143435,34.9386078680232,10.71081466471875,1254.998372763274,455.9968497416164,74.49087262695593,5632.597305014048
54.52714918860261,17.179309580178185,128478.44976447904,3.087342018255092,35.249908674594714,10.221740388224546,1256.1468758865917,457.01274794164686,67.9632151091115,10726.424506123312
48.0065981508355,16.04418981332485,176732.43182427713,3.102764162444851,35.1824789549933,10.203643265845855,1257.021679569732,457.9989187679019,79.66935081092754,14650.0291580568
48.062798839503316,14.663496371558326,97176.85028560166,3.094043330881364,35.61778036794586,10.175751843601677,1258.1547133979634,459.006904694132,75.90947477214742,8190.069910869072
49.60032453592159,16.65302875462212,49707.98395572758,3.1326125128803843,34.70016955151248,10.36146078615694,1259.2482730930722,460.0099604251364,77.13456013989179,4334.931426963992
50.0587290313279,17.22721675133269,79081.91762546323,3.094659297890694,31.54221543240771,10.126477043292107,1260.2198395089838,460.9965193670184,75.19944091362291,6720.482103692576
51.099650791186065,15.96478133615084,107479.3903843994,3.0831668397842162,32.73257302651673,10.392387174182286,1261.0019013319616,461.99618931967365,77.54848146338591,9023.767461252437
52.95513290607488,17.979351808998207,58485.74471696074,3.116860659603783,33.482246994055586,10.49692061238803,1262.0704362445258,462.9975593149749,70.69446789274349,5046.113184772152
52.82505980161408,15.786793846397021,126873.9722770785,3.1432454385019573,34.468825408769305,10.90939130640047,1263.0215553471087,464.00628140700405,70.22260477333047,10598.141859809231
43.14389906742318,16.659289581789125,25328.503850579793,3.0834523011778847,35.23774905502526,10.07044610724009,1264.3341463491574,464.98141851632283,76.10544979410065,2364.8469484727684
51.24025074900926,15.14373027103767,54167.941664663485,3.1595169468513955,30.507483409644454,10.775697608123295,1265.0430652306163,465.99468600277487,67.45491716121741,4696.967367524345
45.25520626713597,16.662302558451177,66017.44699260622,3.1401107588034414,36.15670957328961,10.776941876311597,1266.2526442538294,466.9697972570265,71.71038127188713,5667.314835341857
47.66754592949182,17.57060218155022,38293.914469626674,3.1202836432600916,32.85247750569599,10.52009803337956,1267.0362617944654,468.01204473237595,70.36702089284212,3414.0869194879388
49.95214782251965,17.773467207937852,72947.11573195983,3.1053157047523903,35.41745712907324,9.703198682344404,1268.0725120481013,468.99925191796405,74.28697673296004,6224.462219366155
49.769680343220394,16.58394237203788,103088.33303171452,3.074357245572087,36.254557786200124,10.415449635698613,1269.3118083736554,469.9870924305987,70.67557281693529,8672.315072605159
50.87762559305871,17.264732360141387,160533.13172502458,3.123309501306237,32.20022132704107,10.035726188191298,1270.1067900882786,470.99155291305476,79.35652887634524,13334.189046604974
48.1545695880882,15.55620066013278,46794.366480770375,3.104097569699559,32.533667557617584,10.26232912047975,1271.0990932306188,472.0123653271597,78.75020159334562,4101.2512526830415
45.91531539291016,16.361258701632224,44218.458614776515,3.135772478341312,35.62348022866195,10.386646651943394,1272.0346881830392,472.9907717634165,75.18528966818859,3896.47914364284
47.74788406171589,17.96431439815277,63494.898555035725,3.118727785572776,35.95349819129706,10.48376493611461,1273.0526056301787,474.0019787979696,69.04527902576795,5461.938493885397
46.76045021283895,16.564530297593244,21828.897449614484,3.0986639325461196,34.67119112051469,11.0637615233339,1274.0536126281145,475.007362675231,78.68529366344123,2077.1187974440586
52.49621119047857,14.172859500305599,40674.42369651137,3.1236606893395664,35.912713173721976,9.866721203801344,1275.1361718762635,476.0040623412618,72.32438458873283,3599.775521433408
46.72498496771048,16.742395682874445,38747.872549509455,3.093359729126427,34.347402556154556,10.87032348176658,1276.185023535364,476.993777274341,71.68937692556305,3452.9629826221535
48.08418709027979,14.908681139104292,131253.41207320275,3.04376565276599,33.093792661034385,11.756415727670076,1277.0578260930406,477.99207619893383,72.03632691759344,10961.446473968124
44.35393609101624,15.489576378622514,50451.75731961854,3.134695874584389,32.70968857855198,10.129176771981204,1278.0639250194424,479.0047228257729,76.473429351281,4404.8573672394705
48.5607498220043,16.025988971641837,41007.97265342684,3.0970443907333594,32.65294364109768,10.680307793684495,1279.2208084515642,479.991382337403,71.76987323828376,3634.1246691110446
52.9523282289695,16.623276640111204,103795.76712483773,3.0972432974213584,31.61784140336639,11.124173851142084,1280.1113308898005,480.99756847780776,70.68824675546075,8727.590065228758
43.15811734678931,14.986236891539269,14379.74912174325,3.0880707189702212,38.51412846323767,9.936810389374289,1281.204721595202,481.9950637057971,70.60580025215711,1478.8100737929867
49.899801549874454,14.963738465407816,89271.17283881076,3.116225339638818,33.9896724325325,10.359973848121076,1282.1117123232268,482.98210597540447,69.65989180411425,7551.575640361699
44.97286489286095,15.296551306811415,28952.941494756746,3.0526177090907125,31.834039882921846,10.897870353953781,1283.0291192913485,484.01527790455316,74.12320806066266,2659.601078708
51.05960408059991,16.13134632748983,116172.23301730513,3.08100052563718,32.55620672482851,11.069598974556419,1284.1345272947342,485.00780092707475,77.9278184158452,9733.879151175364
49.79595946997889,18.965908660025,116252.84847008626,3.0209176291432085,32.15091112972229,10.431357705971916,1285.1447466992045,486.0048687630743,72.99219954839758,9745.270377022744
48.83795475059568,16.0897426933659,40150.5081826991,3.086288453235701,37.52075569760067,10.204561486061918,1286.0753539253221,487.0042877496281,77.65947713698404,3564.17981665254
50.03193078986351,15.180940068351108,82881.75620600194,3.1253018799522954,34.084744718989796,10.900815667237577,1287.2462759146633,488.0169149531732,69.82864508786052,7033.624066144569
52.465107281699105,16.01318973031221,35365.81835852122,3.1223169928637025,35.419802166934986,10.737252089230662,1288.1188782312286,488.98681190758185,75.12842915422152,3171.793472016167
41.988731921568466,17.26663355779877,10827.621860745661,3.1040787159378347,34.10597329859216,10.890021103840766,1288.958604871347,490.01552300754093,71.18700162119801,1194.7674656213585
53.107218716077256,16.175289082810338,47407.74469176917,3.158310506637783,35.902549909525796,9.648777752277876,1290.1492056004076,491.01727927032096,74.60414817250255,4149.352172890571
47.20697228541946,15.782381301704937,49414.308911547494,3.0693604205384712,34.800520691586314,9.725238045586933,1290.9777169415472,492.0010714620128,75.36485662280027,4319.6698557164955
50.153843279738254,17.41446460836726,6895.206173331013,3.091580419548368,34.16185584727913,10.491258285199418,1292.0610889951513,493.00049549369305,70.2323230552161,865.7030784142073
50.645835368047855,16.8946285863981,131408.37738164456,3.1653540242047735,32.21129638366136,10.331002738765756,1293.0203922069463,494.00768431071424,79.71768759055665,10973.349853624788
51.33757764027171,15.95767427578,132647.3502152718,3.121985958138124,33.66437449797327,10.275860724447252,1294.0467352999071,495.0048193040628,72.14824371481599,11074.173639714636
46.43153118821825,14.628075726777151,167932.5253728601,3.0962188447516397,36.720792052434625,10.588452834907022,1295.1679423213561,496.01444646867395,78.59755794275257,13943.624465190165
49.887718383142364,16.260274928833717,87357.0634799425,3.1542364974107917,33.94683422615303,10.344354527265352,1296.1206461533598,496.9927339934121,76.07819891529579,7398.247007658822
48.97571492969725,16.77974921130999,70148.68468337458,3.0450536369475163,33.25958068838219,11.22084521856204,1297.0468639560252,498.0165726596905,75.52522926109106,6002.758728696581
51.33059300478899,17.194610489124404,161646.27863582582,3.1142950617543628,34.3506847730402,10.959698270478277,1298.064450319589,499.01218328194875,69.33500260312283,13431.075532176086
49.748368560398106,15.206347696971148,67482.0811315312,3.1185999895426257,36.22483337381296,9.509968272781656,1298.972533583284,500.01149460536874,76.00507135304571,5784.370543200546
44.36283675585412,18.08438742320839,40037.512054604354,3.0837740697143143,33.67306663399539,11.258598299030997,1299.954284455673,500.9959978202669,79.30206651199124,3564.371699482012
51.975404683085024,16.644950982115496,61947.44044641489,3.090269829358519,32.66147069907228,10.013184269020284,1301.075435072562,501.99378169832306,73.52919750432092,5333.968050685513
46.82136192753004,17.35074894775881,38861.79926166269,3.1260909064099347,38.00083962075012,10.399097327954838,1302.1656637541037,502.99242052091813,75.9025429943784,3466.3061392515715
50.38531342737949,15.20416296982346,130380.98548572259,3.1095647072451698,34.93559814240952,9.727956748283235,1303.0941321168318,503.9987869142272,74.11589049651106,10892.070634840718
