edad,ingreso,saldo_deuda,score_riesgo,event,time
45.960569836134795,44341.562352865156,8735.023293386925,466.330731203195,1,99
38.340828385945784,34972.48335679403,2254.18703866459,609.8746004661198,0,180
47.77226245720831,22693.07713569102,7627.590145420107,742.0926897659112,1,161
58.2763582768963,15939.117885728794,3108.963877034982,375.43166848400875,0,180
37.19015950331997,31229.288168034192,16356.46899017522,619.3844965048568,0,180
37.19035651660983,26815.696697445055,19006.072493324944,578.0298182144252,1,136
58.9505537860887,34461.45079419379,2374.0130299008333,379.2433323072598,0,180
49.20921674983491,30260.118422700518,19147.188938542327,643.1991670409403,1,104
34.366307368780575,37226.50764702987,10928.955387398159,450.5022298234244,1,115
46.51072052303158,16854.658968676587,6691.747881123604,568.3088751992068,1,96
34.43898768625046,42561.14525400628,2460.379430247107,345.24977835238406,1,178
34.411242957156915,24313.810527339676,10511.861093337939,552.7712314674927,0,180
42.90354725879241,62170.160961400186,16095.795345324224,468.5549074235512,0,180
17.040637064106427,15605.927530250683,14434.643068067266,752.3096661519448,1,90
19.300986009843605,52469.215311868495,1954.2942178155015,331.33829984855254,1,174
33.25254964910833,24317.593792479944,2385.1348719901666,530.2340012050814,0,180
27.846026555986914,15903.444471792822,8654.592370020106,552.1372832722909,1,144
43.77096799114329,17293.000149531123,6610.519386910923,698.7533419645154,1,150
29.103711093745467,18766.456864822852,5415.302138064909,615.8581662996161,1,164
23.052355583976503,27230.22839348559,6339.085479265558,666.9667854567996,0,180
57.587785227058646,28607.315305595086,16266.172122640808,727.3771071084659,1,93
37.29068439416157,16533.600745394462,18655.333019005226,774.2116355120038,1,180
40.81033845625509,21759.86950348723,8696.951196023761,472.6315231973588,0,180
22.903021765438517,64288.444340343995,18216.109040517444,595.9124879501467,1,55
33.467407305697805,52248.767709949076,7108.418323709757,762.05944314156,1,83
41.33107107651839,27396.261318518842,10052.30274053204,844.1981220307811,1,174
26.188077070932366,22449.008762646306,5294.5509585039945,789.2356210740697,1,66
44.508376220148065,23388.872717600992,13169.044801341035,504.30699444340723,1,113
32.79233572097434,29934.261901976985,19600.64118832137,407.3415844702577,1,87
36.49967500248068,13208.339869998128,12466.368824824194,569.1658955736239,0,180
32.77952065324724,19366.72626024665,7798.467598157428,707.9027985098232,1,118
62.22733821410725,9563.489625813629,13308.53147382004,570.9129889143137,0,180
39.83803330314479,26892.737865119754,3335.492890842364,565.7494748225176,1,152
27.307468852529198,30442.59231611427,17884.522525042576,761.0267315949903,1,150
49.870538945238266,17299.04832488169,10558.595064816891,498.7720784869525,0,180
25.349876200347733,48387.33484208845,9537.645098753199,772.8870711464051,1,131
42.50636314005706,11933.6470024749,12131.430980616864,523.742640523448,0,180
16.483958513442694,10591.558129177345,12870.893392998647,480.52820812308664,1,88
24.061767413218835,24642.45159578017,2363.7403183037477,549.6944511598344,0,180
42.36233483042948,37180.85106107967,13969.727203244645,719.3458272711777,1,177
48.86159895994493,51121.674548780866,5596.701925995062,369.30111532519686,0,180
42.05641937427965,17510.5330700456,14565.100017625206,408.03056872960957,1,116
38.612220611341115,37772.644030656746,16628.161093299736,823.2946541147006,1,121
36.386755652928535,21606.419859924314,16275.211643497885,396.52039505974653,0,180
22.257736115590873,20205.019649715854,11497.518380749892,612.25002486208,1,112
31.3618694992635,34263.29586312594,10883.227953904272,618.6229566640659,1,134
34.47233474848255,30520.731078985827,3714.6432654488226,569.2934541276346,0,180
52.68546671462699,10014.646210429819,15731.576857659576,654.6098867172502,1,81
44.12341947482154,46086.261752457714,6156.778228487573,426.40469918869013,1,88
18.843518135647194,43916.512929539575,10437.213033540984,603.9642472772116,0,180
43.88900763273754,16110.373322551102,6401.2077656228175,504.69529038579344,1,66
35.3790126350042,26846.79609425847,3542.73889699417,663.916992796054,0,180
31.876935996328495,28198.24703575365,12961.596240942996,377.6729488552322,1,112
47.34011546609042,25092.8163487623,2032.3086616351727,613.9825792617119,1,88
52.371994269951415,16728.136868534344,15224.2594483978,401.89869546082804,1,158
51.175361429394385,15743.585886904162,7034.149109961217,453.25368471327,1,118
29.929389721328338,21746.823165755894,1002.5591670852211,420.2903901779708,1,141
36.28945148978543,39591.293407800535,10711.453645507367,400.5607789278494,1,127
43.97516117684277,28905.873169087583,1890.1862620244594,754.1410233583669,0,180
51.70654152546831,18300.667873019036,6247.22159859709,457.1391622134897,1,48
34.24990914585652,32397.915241891664,14432.553261658608,809.9180800254471,1,143
37.772092280034194,5301.413116120211,2191.1028108154514,833.4595889398549,1,125
26.72398031192766,39119.754563349015,16947.431354764045,614.1932584654035,1,123
25.64552051103195,9229.34269154871,1072.5785305130792,378.6506174661495,1,74
49.750309868730376,18375.61015599978,5689.653514836143,506.0015338587697,1,127
56.274880342849876,12583.793724118537,15077.177066889357,738.7527448415177,0,180
39.13587854103599,11529.442525022754,7009.132844856829,502.0649007833888,0,180
52.04239477470429,39356.38072012048,2935.955373254257,347.8594700665338,0,180
44.33963230057161,17433.50832929949,7844.444457208129,606.2317010105033,1,61
32.25856294473851,26193.11688354882,6137.472441305985,764.8164683228191,1,103
44.336747266100964,21515.732927148645,17011.52614105054,737.7595129289264,1,140
58.45643879759163,27959.726476034142,6953.61043411772,396.31772707169426,1,110
39.57008753068058,22888.982163467117,15989.716963744137,670.0205379268567,1,103
58.77572386976807,11597.025106940877,17945.57075140396,421.2773448896059,1,121
8.56305875092307,36247.779735224074,9242.530971954062,420.0141440036947,1,147
49.86283005250269,17207.862981359845,18288.919733233448,780.7394753178519,1,128
41.044564818858056,10114.3354771351,8169.043025300664,437.3179240071266,1,72
36.41191179440959,17782.00766112668,19317.489913312056,444.7860405849061,1,112
41.101129318426025,46647.746348232205,2696.5009659858856,300.35936491871473,1,87
16.149173024789285,33695.206674861125,14053.366063561612,778.8679687690346,0,180
37.36393734594986,18502.736754406324,10382.466768681645,735.9271472650241,1,144
44.28535085814096,18497.135252153603,8365.327303657294,645.0309142998728,1,130
57.73472853689819,18754.377567050407,13021.525696223418,712.6461701663632,1,115
33.78075738071623,62216.405114932364,14373.284741052292,383.62671208347047,0,180
30.29807676528175,26661.283240215274,1082.9021233558726,552.0779770231665,1,113
33.97891547698556,27310.34435745078,4172.108686196776,493.17066304182947,1,169
50.98482541242489,36869.56625604497,14547.874962052056,351.5770894413591,1,166
43.94501331591621,24819.739906493418,13661.322857985922,567.3717668682082,1,119
33.64287755479553,19350.604283459208,19354.902597444867,806.4068076884495,1,97
46.15920919736027,19966.77808141838,15459.718014764878,322.032515477882,1,127
41.16493059217648,21251.852994519246,19064.68144689542,460.30350242158664,1,85
51.623739886394674,21620.319774096464,14348.269529161333,414.1475149131369,1,160
31.57536287347177,31691.848187233165,6662.99196414942,430.98065951613296,0,180
36.06805424082678,22606.052132954228,3001.933522766273,799.6390035336565,0,180
35.29470216241411,31771.344259844616,15854.653403553777,557.4379798288596,1,148
22.437820622414577,21155.214656464086,13238.835208042403,556.4646771169004,0,180
43.55344332477491,22909.743860999522,1915.5342354726283,718.3166033504053,1,120
43.13266326615867,8110.37720993666,7840.958852118589,384.9707122027092,1,71
40.06136147970953,34827.54366573205,19179.19649420144,567.995944755028,1,144
37.18495439949824,26192.915120937298,10507.621768493824,536.4918677665828,1,152
23.01555109539503,36279.388712573236,9221.853584374388,628.3008798006608,1,114
34.95225612681569,5176.437259631672,9696.292498026585,849.7567367877413,1,119
35.887425801678766,62579.144860624205,4968.771756098111,723.1968917451259,1,173
30.372672769340575,20541.5549869722,8005.436246431109,518.826136659585,0,180
38.06457146000789,38333.95777659277,8026.451863756356,755.1541787507258,0,180
44.84861028177446,13095.802479580074,1994.7453835619756,393.88959982186407,1,84
62.63423081452636,29923.127415087292,15583.784941840448,316.75502746992805,1,175
42.09493375398207,13007.640810184801,8913.5842061737,412.4466048553502,1,124
43.090604688673174,16124.828720968164,16621.417849512043,487.2263558628428,0,180
39.106649010805995,57355.02146327884,17156.612021278015,580.8194166027579,1,124
16.9747454164115,20023.438665198617,5027.887039274503,638.3210272976598,1,74
39.6818334946094,24556.12116064593,13489.716161232443,800.833144467932,1,134
40.72276251929232,34031.22843198768,9973.354279096653,580.4197052527518,0,180
69.55890534982343,28221.544200561264,17722.978020508217,575.7016045441512,1,96
37.69166842262653,23746.95171947688,5099.072904352628,327.63365540264016,1,68
43.61856810800335,26435.960468765785,13878.45080589084,319.2013539609231,1,118
39.58345876353708,73255.4401674486,12547.29032280173,603.1379790540046,1,128
25.975863548565616,21400.95019122219,6610.728073864823,540.9982372865895,0,180
53.71387377418024,24356.390152853255,3595.4171693722797,761.5492172391642,1,119
49.02319639224129,37247.019158078474,13381.155449068256,388.37377159151487,0,180
49.49238336451656,38283.0671513851,15033.351704514283,313.73441416437726,1,150
29.087350542463135,39875.411220755544,6996.91953150365,546.9713223615693,1,119
56.833531731233194,30314.00545721742,13251.819476423962,430.6132062137416,1,57
23.177787246492628,12437.825396219903,8507.487244618562,327.2879053363606,1,139
47.04228512560324,49847.10832328688,14550.930782369736,698.5290577661959,1,110
66.28546750971975,12417.068580196934,4785.090222987009,361.3761499764861,0,180
28.113564098431738,25624.846665040684,17914.085050087313,634.5757250042744,1,52
33.204427244766734,15106.223270096287,6460.7823328460145,454.57736259178904,1,62
41.19581638105169,21331.301494733918,7987.933767366905,395.42282769526213,1,142
33.95829215060561,25961.792193163918,2103.747089526646,508.86333760562457,1,136
21.392038827206406,25865.843866827363,3118.7320341042514,740.7951769226245,0,180
40.82275569767233,27199.67699739051,10801.376151534234,515.651467297515,1,169
27.25235543528674,49358.02445242966,6084.260857831458,712.9233070660807,1,137
45.68310916762218,27633.032084712733,16874.124289101695,369.01746323953284,0,180
28.96690918919436,19495.163387070563,1279.174384444123,725.0242808157935,1,84
58.59921286021047,35669.226175967386,8202.786924766788,430.31332869865673,1,120
30.600960491965154,39924.09257012322,7409.565388612761,672.5662214388801,0,180
36.13526180553189,11922.660266411584,1367.2249874344197,611.1798551625479,0,180
49.76220660843604,29693.992598622594,3362.9995810096943,811.0295944664281,1,159
25.229628202792536,31275.376422546327,8859.21082345407,513.0273848864227,0,180
42.72951921524955,18981.4648599679,10364.427104501487,336.39085385894225,0,180
55.685713051389136,43820.34151277915,8681.505197842513,310.5355170531891,0,180
20.71020118526527,20434.34221785522,11087.815889829782,754.7722085350142,1,91
42.21560630238765,23453.809829048987,12307.50182320795,588.6046007137877,1,132
43.11859353098108,20200.529337204604,1188.552601428877,726.3842285092221,1,171
49.381874461327726,22198.711459050508,9817.808029616574,428.9340800063331,0,180
25.156591469463017,12731.855723708559,19306.48557686418,489.79606003227855,1,85
24.154520642988686,10721.159152781827,10861.613322461426,316.5571297162254,1,114
46.263298787402775,48886.30288438258,13873.30308172011,828.8207785157617,1,132
43.56381607879823,14422.133092081614,6925.413300420781,667.3273486854473,1,108
43.00591420415052,13417.348667834336,15705.836184902488,813.2627982676185,1,111
44.15737851396371,7504.851395946262,15685.508155646186,446.0230240859898,1,119
31.83970334105811,16002.802244297542,10904.62490542864,636.3049861741135,1,153
42.78704436593204,11366.83408404054,19544.262642305057,673.1749825609509,1,60
43.516869679584175,50061.50257757583,3385.454080490414,474.65233514167363,1,164
31.427782983683585,36494.19714750097,1322.005632902039,766.4600792585966,0,180
62.38929413373708,15614.024993832298,15633.006023384823,820.9388045951363,0,180
45.68599505094145,67928.97158065368,16335.955209932768,786.6703147328024,1,82
25.704358033568216,35985.909696245144,3283.9373532909485,706.486836766655,0,180
47.878643303605955,18724.428893592976,6046.0738262135155,452.6055738487247,1,142
28.303819957272143,6312.563560753703,1333.4949039659493,454.88882315809747,1,106
49.44501524490943,69249.50571228468,6572.863604830729,829.8481762453208,1,129
53.903146948088846,10995.196412358911,15689.695604454759,305.6564727646306,1,99
30.151812179779476,9675.001050933106,10841.250026539,693.8274852831794,1,98
51.56051355093186,36727.652190269466,7613.816270197473,688.4353894053942,1,137
44.95337112323798,74598.539120847,8063.046603220276,642.4792475223886,1,127
49.86472191993388,44008.426646424145,1025.718888593895,844.5598653477762,1,59
62.76151579184737,29200.892709324115,6696.2100237394825,471.5336896700489,1,173
37.05534260796556,29654.737452393576,13282.71609112068,486.9845250862865,1,128
30.955166027710124,33749.05781742138,19509.694432510783,343.41667162060554,1,94
29.32582684449372,32191.71160713422,17094.15571269409,543.5389750990556,0,180
30.210276580414742,25351.564218429794,1448.3043282650533,443.57668942916644,0,180
39.07477948703075,23204.477900350423,18072.651488821946,488.8626861977043,0,180
44.09382369779973,21347.788625882476,15880.769852673893,759.0144846405952,1,170
43.320289591960226,15108.574443282618,15827.146347848628,814.5164824401227,0,180
49.92619898843229,19142.427040018945,9701.919421067858,402.1531896028521,0,180
40.156022702534884,9447.652650902419,8562.100566135554,504.8799123544062,0,180
57.442408925887804,20969.623858332132,6755.39884783066,810.7468091634668,1,80
36.82411800114453,13436.154457010318,2248.20232013295,333.9946533790725,1,160
72.64202999907542,12685.378898474215,5336.471906380283,350.7982904612582,1,127
47.50800817318007,24099.516946802796,5685.469064582468,389.53504406342614,1,107
29.71410932300461,44178.8365879547,10197.46432449383,627.3670587697811,0,180
27.14929002326665,34862.195688846106,15201.443725337185,382.7597490532986,1,107
45.78966898291822,10044.19061594618,10002.386739560985,832.4420097979034,1,148
37.31844657608979,13429.189419175746,2099.0445394960516,545.6929899921862,1,119
48.568005929105105,35255.80917643928,19198.006218775874,575.8348781925915,0,180
45.67885149488254,13477.222311170695,18911.762062788133,435.6622386929736,1,158
39.12605304811753,19686.402047589,15918.60131981976,559.0281388391033,1,128
29.83847538317914,28999.27328487185,19835.230129720192,664.0524979503564,1,125
21.821833303769623,13572.86384001461,11345.164323204996,713.1474253247236,0,180
34.641820575195744,23218.10759652445,19292.598654810914,714.6274454904521,0,180
50.27678553188167,11304.851541779686,2436.4957717182647,617.8401119817486,0,180
42.56912492956245,16306.452673913127,7947.934216966055,797.3978762466215,1,103
25.051134655456146,25845.478897842808,5282.244092128551,749.5743160183602,1,165
42.078171110214186,9931.860819947053,4720.82859855113,716.376463084244,1,137
44.62380855674604,27453.182244509848,3675.2560289608455,330.58303692425335,1,88
29.393710765586405,21811.24846937857,12825.859189753937,303.7828792208071,1,140
41.84470127134634,29034.642854345922,15845.115259198796,416.8460024575101,1,82
40.698504621352,24635.827554156407,11987.669588986852,664.9379766523987,1,117
26.284356426032524,43567.651460591216,3792.2914821759837,526.1586188854002,0,180
44.2934483241794,23449.682898335446,16411.351628735945,521.3234426146214,1,75
46.72941431641881,17770.538586451563,13083.139436110841,786.5227885262875,1,78
52.996614918103326,23415.38939231112,8375.148416412914,792.5595664725113,1,73
52.645624624418836,28901.506897355484,13808.475615185196,800.0463952294722,0,180
23.46796758451491,22571.199973876428,5938.194605613824,472.632942083265,1,137
28.74609952101853,22478.078977125122,7558.65196139,680.0806970065939,1,113
46.18042320650392,15506.33852010768,18432.231019507813,449.3982497009033,1,157
46.1654314109465,15812.397151954865,6519.585607756987,404.83540819094736,1,111
46.18057223567257,10923.780227788387,9929.777095000796,401.5478515410531,1,121
86.23277788785666,52827.56361239853,17912.68161052428,488.15919147497675,1,152
46.850686128318,11826.149078591923,14446.705655083022,536.476690878902,1,74
53.62678768216719,15576.94789152418,2181.8612971293524,757.0220440802876,1,87
51.448021161918426,15379.586655070205,3798.7578413004367,365.94010140999166,1,162
47.81669501566957,34456.81874418133,1148.9902246664196,704.2092160671918,1,130
36.216769064315855,19006.288191735213,12987.514014354105,592.3002028041179,1,128
49.10763064591921,41104.42407162953,9505.795082797948,458.3699384717959,1,128
30.72609742554914,15728.894091296594,3551.2221671432353,571.0507714930535,1,77
37.15817671911989,25323.727501244346,19200.748300078638,464.9681383773625,1,170
34.175637426050756,14506.128196569225,11063.534754966779,627.8450753810682,1,146
40.98248967263587,64381.04676511177,5595.972588144894,538.6141575703844,1,104
67.77590280008211,12163.57112545343,10511.467851939444,390.4230409933833,1,82
17.592817688899025,25717.0726329219,13912.786321967049,364.1206910056332,1,144
48.23512228449416,30239.020547481072,2448.545141497725,600.6826251396716,1,161
20.64740954572418,27089.447739315932,6219.3724859099475,796.3271683073569,0,180
34.3368176105268,20077.522215736495,16332.34432679588,489.176727606727,1,89
53.067407163608394,20642.134916705836,9733.632537650563,703.1500589724428,1,154
40.77136022914555,22514.295364787606,11384.965698613603,662.2637452168718,1,125
27.067062664848326,20465.565051756163,9223.504041979915,812.3552028702145,1,161
31.41635548888038,35665.51585106736,1834.0989102170972,751.5395595145275,1,146
48.15517298721611,66520.23730977906,4149.245816582963,611.6328923980046,0,180
31.23560041939436,16668.13526059774,9465.291136095928,661.366774028759,1,94
42.5975030749837,11104.420044103426,4974.523842750628,794.1125566212193,0,180
40.54686207884576,21075.341269275308,1949.601544533896,519.7353315228141,1,95
32.1807958287302,80005.82062542897,17029.343616984654,479.7370882217775,1,167
65.72732907190391,14737.679373702233,19642.6580541182,305.94609599935796,1,107
47.60702826781613,49989.00712419789,16069.71460593805,754.6030908053053,1,84
15.698288960108712,50962.75786635205,17221.913512388674,740.5393852218507,1,179
42.23745177723313,16700.699423023376,5597.565476023862,357.44998495508327,1,168
32.058562422779346,29275.068829315645,19251.912534750794,617.2715596229851,1,122
50.22920001755469,49721.77831431933,4741.588384615139,555.189933991788,0,180
30.48975113880759,18222.93290340564,19077.166396874814,365.2900025300113,1,169
38.62316270239721,19894.723403484346,19901.56658535307,839.3125248833979,0,180
46.05984734776548,16467.755618931,14522.733309174926,418.0827381048455,0,180
50.389062330041455,13261.516645044225,19641.730904044616,336.97879904980863,1,123
25.596443115330686,15920.473914706205,11821.25581177497,627.1660587260503,1,81
35.985985169908616,11944.543791642374,5931.293880345716,706.376672423168,1,136
34.30065626606853,22405.051686364044,9302.921827646796,317.8438953259528,0,180
32.160049209115456,14988.123270168746,12277.657772196933,662.2947012998623,1,86
61.185450883373164,24757.727856697704,2388.5496785132846,592.7605317732999,0,180
44.85978053153147,10117.806566393549,12824.522027727677,356.79575488127665,1,167
24.86939254797946,25989.297979860665,19642.378898483596,394.88813232049915,1,72
51.014343364657314,33415.14371352226,4612.045345890825,612.3858635238444,1,132
65.4658743641516,8128.504023933588,16059.307209479282,462.9966874323086,1,82
52.38958312661376,26556.45929224198,18250.077081812768,816.0736507582238,1,117
21.767560408551837,40693.94123061396,18930.330263584194,750.307126216228,1,81
34.189191125604985,12030.248803251474,19242.5764837035,840.9619635825146,1,92
55.20293379023947,50832.2458703811,10907.733135707967,442.8189614227277,0,180
31.507966412574632,27160.242350043456,19568.85025183857,833.3479980388873,1,119
45.32583313775474,15482.940317856235,15388.893935554339,537.1786283853569,1,159
49.29560864115204,21420.75222297658,4071.757288502276,491.13533742256504,1,144
28.876834341063002,29119.503623261586,10061.10202289143,327.6922398331443,1,150
39.2856957272584,22879.6396476991,14648.292332068075,329.02089182278144,0,180
1.1047919191711273,28835.945520159614,5699.466000562584,680.6061907706601,1,58
27.70734830398852,13900.265274878599,13171.688487428859,551.8609469387154,1,89
36.96918218328208,23972.92654625241,13665.409101885765,424.5868943198581,0,180
25.026601816421806,10863.27106905676,4091.2951323627517,637.683668478878,1,129
59.588935647179625,20834.94635971768,11736.620936602369,439.07196503756114,1,111
22.838303464472407,14017.280645640412,15660.911308593546,617.6974648894325,0,180
34.7194661596362,15248.478837582537,10479.017626182896,497.5648108404797,1,127
41.5688869274331,40865.709326727236,1229.9592187460412,752.9537246365005,1,120
57.29527946879338,38011.91948937414,1171.7309125065512,751.3828884217287,1,100
22.769654185846726,29868.779812824276,7783.557535430232,562.5427189673208,1,98
53.957965025859515,12757.104583914694,18597.68730020386,492.9505101342586,0,180
40.122796732235045,18803.452492064233,5344.858812468567,499.407888107502,1,136
28.22189618742459,40398.53698252114,13052.910088562056,743.1429891175198,1,124
45.54524169115925,23643.853286496047,5219.441543173091,480.4987155386866,1,154
42.38871634688164,70239.40589024566,7111.729803531424,414.9826555387653,1,57
32.79739747409447,26813.4503598111,17112.799702428194,346.57858803141875,1,120
40.83762501988023,24246.427313778036,14848.36740312899,556.6812164864245,0,180
35.37623683765888,18872.134875103668,2812.5862689510022,565.172654405913,1,169
41.362208143014975,23547.39440604521,9145.338398742238,762.4997907215989,1,109
47.94556809425256,20409.69030112884,1554.2255092600249,421.6812830453352,1,126
59.03220179374422,31384.02669068812,10136.91278545717,509.54520051761995,1,152
25.146214014077813,35537.76306511538,13586.246222320293,744.6231563915301,1,86
65.5964004958752,14868.575972629866,3251.5498483648794,752.9929859119354,1,82
16.57494640572998,11320.647199472269,6488.8138392741475,511.53609178832255,1,81
38.178578859573,8794.636389470072,8558.895884540982,552.5182128076744,0,180
47.05980647781492,28395.77551054483,18471.089468464947,466.8072399671056,0,180
43.37190241282039,12686.79156410248,19871.845293036316,812.9051831306216,1,159
32.527605762152874,7506.726044171242,1853.3146809167013,365.2540711578692,0,180
37.5025329957127,26749.987960933257,15459.15054641245,813.5621826508085,1,81
34.083988784094004,76611.29190106827,8062.757261644521,676.1265485094387,1,155
32.92762291666946,21959.706805357917,8456.705538360122,592.3646839777022,1,140
50.19522516425229,33498.14647660297,15331.034493593432,317.9624834314727,1,111
44.284185831580565,22946.361882262183,18450.102210762765,561.5779055021046,1,151
31.68508485687215,20963.8577279272,19067.64329554842,524.2614577515028,1,162
50.79519850519901,34875.44369548377,11965.329134728096,388.6703465863174,0,180
43.68759425051931,19050.768632539297,7785.3020267095535,661.0252819253612,1,80
49.75434542606752,25177.251738828945,15963.432631316806,834.1329990525572,1,89
47.555546103083344,25870.249075435935,5769.026281983705,609.2038460854887,0,180
30.05205986893513,15771.420834104138,11717.406547836837,693.1143020441702,1,141
33.27782751763637,36171.29671130928,7812.99076897259,337.64774891130924,1,66
48.967523261479144,20181.46971740542,13475.990400449646,529.7168476993471,0,180
47.32444318520158,15095.129487165666,5567.579344976632,363.99716684047274,1,154
39.74918087243022,28803.5787853791,4640.26596896169,637.0377095450807,1,105
41.407928599705386,14055.457157045557,18446.542646833306,816.165187017785,1,106
55.3319787494611,22339.028366541308,2934.269976041201,663.9777528594011,0,180
32.90114333397004,21926.264767770852,10613.200246963701,342.24167657293185,0,180
46.565168574040456,37909.14985524157,5196.2028762971695,495.06641274179555,1,77
37.57368817079327,27926.996499500914,1739.6693031876816,602.8648586924683,1,95
37.38782556127336,21752.555429513744,1684.3575475371015,521.7642658732887,0,180
53.185322223846285,33152.82297483244,4329.213670010719,758.5042057613448,1,123
49.904996187856355,44139.20966704216,17468.636735614004,748.069052590494,1,102
49.762115632007664,29111.98293699411,6367.096135563506,636.5070610567718,1,43
55.665745685851945,22140.777208653002,19058.72424093062,505.4018698229879,1,119
40.25204609959311,11430.973043437773,12050.823566794677,440.43500556978427,1,84
48.18343565553957,12931.780540869073,9295.669605606556,358.23087501722114,1,101
36.27679892087853,18908.893535849824,12021.687858719637,495.19372591760475,0,180
43.8899962298613,16240.183272758288,10817.269319299088,527.2448844642457,1,58
38.438283347587785,20060.62762686473,15416.748821389177,671.7026088072405,1,88
41.16395157991262,22659.2845867498,6367.425253484193,661.9879033636654,1,110
47.14188430524296,28705.56763483446,7707.957440405745,338.55947680269134,0,180
30.181351801198332,21263.57110981597,17987.791748131764,517.3926234871368,1,137
65.10864730822553,28092.300716193186,18982.673749857702,399.97837696954906,1,170
27.927791422003576,22748.106892611107,17958.606322243017,386.2469879242431,1,68
25.429736646547212,8203.094308959158,8969.511885188958,755.0161823554852,1,158
53.89733048200081,13771.166524944549,15826.944557130751,323.05336919394165,1,67
49.499952327555235,20495.409682764064,10050.378932720878,530.5505817461667,1,180
47.489437804625865,12029.925650146732,10453.257190775941,392.512010671585,1,154
47.54014611117136,29731.55934983997,4888.922072088395,783.6316186231606,1,122
39.853038725837024,47352.52465365714,12231.475761911812,606.3722823012693,1,122
29.232947542170024,40513.11086823907,4536.582057313611,427.25935000726645,0,180
40.909654698324715,19796.85893664974,7299.729282276681,576.335007941507,1,173
31.87405946185466,46414.3087275663,17245.57383077877,702.3174978367138,1,166
51.70143680101302,23726.165047646125,4934.440375006249,826.9649049056886,1,110
38.23531142197434,18610.049592081243,2352.0074182952235,421.2453023349804,1,122
30.09403363848986,16208.62307571518,2311.14425964351,787.3999746711398,1,145
36.14336990016408,18934.958653958623,18874.90588955905,813.8672627921196,1,75
44.95517745130749,18140.668780800992,10631.488321274857,804.0312994926364,1,160
33.23530536635231,23985.58037810087,8778.829364523348,649.4778962740504,1,158
30.133355253202822,23867.834401596956,16406.69303915045,646.4013599390892,1,141
42.924246537902945,22060.0378829914,16880.692630299804,521.7658482511025,1,169
42.93959885330467,27404.68011407095,7311.629629196487,713.8188352670834,1,133
33.916681895546446,39947.57056251249,14178.743092002109,592.2117100930126,0,180
34.347540332580124,35410.974589198544,15651.333501185845,672.590939175562,1,168
42.784599248291634,10483.428127359668,13438.363050453136,535.6518471168375,1,125
22.62298790203211,6142.821434093983,3880.306421201888,702.3230552237264,1,99
23.11043470748134,35142.26990220232,17641.778586824083,753.459334682502,1,139
31.378669344970767,11120.668142895222,11242.796501984165,380.53994113154886,1,146
37.438634179457836,19685.100308634104,6366.97610103007,758.1113435658253,0,180
43.73089078717606,12270.37975336253,9079.335523316186,597.163092484669,1,54
57.70427460339462,8946.4293934098,1713.8507175792402,764.5662499996233,0,180
50.29191547842423,28874.997582535998,3429.4692232259335,537.2159384875581,1,85
38.080737640438876,32195.358660061953,15545.388259801357,508.47226696066923,0,180
39.771805505167734,16510.384072015197,1000.2210603519567,803.2834028844723,0,180
27.969647624346294,6029.858683820011,8914.750741163552,438.14309715162074,1,156
39.77784236809132,16762.135390823056,10927.69344062618,764.3167789073786,1,55
36.53609633295834,26793.16248260289,2038.0539800184736,566.2113148801723,0,180
43.872622724057074,10514.854131423343,19488.485096474324,582.7524934031928,1,169
30.073228677372125,24141.31482665252,5296.381293743767,469.6575548192162,1,135
46.23215817089407,21858.49856867425,6779.775673089336,615.1732103404586,1,148
58.39286695603093,29426.348215886366,6774.90773284552,478.8661579519162,1,119
38.69487821851771,23383.599608923476,5377.916580229648,321.5981778329088,1,94
44.820540665187295,13540.839277088842,1028.002619639917,449.59923293939585,1,155
48.281727900533355,40066.095256653505,14857.55108767193,303.5084738736249,1,119
35.185354337369965,20347.945213976192,19370.06449618642,838.0951328812712,0,180
42.689109781725,21727.79792807595,5261.576182415856,831.1609654008611,1,99
40.15110880938154,13813.00778726663,13597.896644265025,517.3354136097678,0,180
41.17211318258598,17647.66703675366,15096.030212215586,700.6039698868053,1,86
30.723882593734402,14151.82178706544,17120.08220271997,490.1933541257338,1,173
40.29412209110731,20201.79963046999,9029.954743258573,669.1012363972868,1,96
45.9759794949454,51836.72946806513,6755.6872071681555,742.9865236752885,0,180
57.4137232935405,11092.776708983622,7180.607546437591,820.7159345807324,0,180
51.51124991302248,9830.246617351251,14539.805328871744,520.1167517173196,0,180
65.83818949013867,45962.685603259364,16518.809863607086,730.8138906258262,1,167
30.791829245343408,19837.6745031098,4450.66538737545,446.2606478476653,0,180
50.46784764064814,15763.676720801399,8047.8791549975385,844.6827670865066,1,111
42.20010406886022,37047.35890981836,18136.86373823385,314.17327932039314,0,180
66.27763519861207,16271.855372555729,16327.176874200046,631.9408435756166,0,180
30.300420575738183,54885.5208969097,19712.30965248704,662.72828990823,0,180
29.923337893830688,30913.953658630893,15330.716933959535,678.4250563907708,1,72
32.80728825467173,17258.22802902528,8470.708819530522,366.21316833399896,1,89
14.513251308282317,64773.646294533515,12222.118845898118,816.1913809102217,0,180
33.69093973983087,16271.04681757585,13559.270830699086,399.65080347754554,1,151
30.890408061355625,31921.903588112924,2490.660510025355,642.5143717819126,1,98
41.804725437714495,25582.051983800036,11345.442222973437,422.4718435176967,1,66
44.101071709325915,42229.3453037316,14477.095740979583,468.969029361699,1,69
62.514050070590635,48086.44455360988,4179.104776020147,600.5521979504683,1,129
51.405086058232605,22381.77016388929,15832.002631085586,529.4563802105171,1,140
33.077156132051165,15112.70507656352,12091.68282976812,388.12408053707844,0,180
29.219023943819707,27722.123936918742,19092.2139282543,394.0150213314665,1,125
45.903030058078066,15695.70387136541,1806.0236659309421,529.9796334895398,1,90
24.157201515752295,60276.26100922328,6041.196613553872,716.5056380515255,1,159
61.977505190252245,23582.676280255742,12429.523706696657,793.8805557662837,1,91
54.15328144865545,18349.16272440577,6634.6383319126835,346.2702142426606,0,180
34.36989217474354,24157.258016959535,14574.059117353601,516.2071491576705,1,112
19.442385650909472,11231.042276619697,15421.10036791669,355.13506004758216,0,180
56.246468489984956,13550.693160347973,2947.803317263015,309.1258643479288,1,170
38.62552185696858,40143.144354452015,10763.234819928586,663.9452754541761,0,180
54.853795743681545,15859.958214116885,10668.920556230061,631.3471930816233,0,180
20.866868094467595,13050.014301609724,8016.33463409528,389.66051259818744,1,109
32.807499724554724,28805.63700361202,18725.57238882377,428.5970582011853,1,105
40.0629243966182,39848.979578623475,16722.6200775912,313.0392645044851,1,90
40.5637671251769,31554.66303586856,14246.978256283099,759.2209631319221,1,109
34.59921434224908,36243.80839880977,14572.206078964953,836.0798278267033,1,86
47.47419918816998,15087.2071591363,9772.606732449263,374.5027452370799,1,75
27.188554847408867,10819.384513459887,18498.89590083494,427.31136757091394,0,180
38.291446179744476,46661.132937326416,14197.313117812422,777.6252381708136,0,180
41.443547580542784,18744.582954799564,14850.640171460513,809.5550888759017,1,166
46.173266008704985,19430.193317822945,17372.12717195956,530.7950605437456,0,180
48.53937853706668,42791.598729035046,6207.360197501629,327.84235974799077,1,75
26.50429489794557,29088.989233470955,16334.347173467357,321.66550853105065,1,101
21.59062995117253,27665.567987883805,4709.571456173349,615.6724263379558,1,152
55.33212186278211,65023.31471258277,7561.497092652869,516.0923098912485,1,65
43.9877681437551,15966.385497404239,7376.598631127012,315.75883516771,1,140
31.018161561321357,35028.597001250215,19591.983899393672,620.7888157719062,0,180
58.613823706270274,22663.399886488405,17274.20725121061,306.21639512396234,0,180
41.3880956115143,25192.36217918959,14322.227370214934,733.0545769821001,1,101
54.151566208765914,47298.51663501142,14814.078470692413,468.5380524868543,1,101
40.81022177692131,28393.566822205477,11679.38309364885,322.1419016550777,0,180
64.72897509858385,28829.31526369865,18994.72267506186,623.5937215407344,1,151
61.06409010931846,37656.229159068906,10428.916304764869,518.7264279381801,1,102
37.01243021825112,18352.54682175828,8229.836487527995,835.5902273464322,1,131
51.65885141145226,14478.13944520148,4097.671401700229,599.3092643770362,1,132
47.744511395021775,13063.73569625673,15937.907392960102,451.38154957035454,1,57
56.42357869038818,8240.544537037851,14954.434709436238,690.1913755486861,1,106
28.420918473038746,61580.68622004046,8302.745731958563,449.32060139849125,0,180
48.232617519981275,12687.795385630223,1478.6748652253577,797.3338102741608,0,180
52.70109384219505,19719.695526546162,16940.949226642202,506.097083779057,1,152
18.89512616292263,19179.424639665333,1216.941685627399,602.4277095269128,1,164
25.8008978480107,25686.050692181383,14370.295812951968,327.81520710332586,1,66
15.529213866878791,33119.20505569764,19434.885084795085,534.3666808737269,1,137
36.767117986665305,33868.36745007212,9315.565234815866,757.7999468135472,1,110
48.610507069551545,16456.260819509236,5464.4946949231025,743.106842949838,1,180
58.02828462515234,20260.716513731262,14392.549190824253,423.3752073694394,1,132
40.8891373650373,25369.17098919635,16525.434698296118,424.34348905580947,1,96
59.5433865468555,19451.013135294572,11382.1760054791,749.5179217172802,1,98
23.438782501421304,49201.175182091,19373.670229866777,811.719131093129,0,180
19.559410727738143,28155.20379029912,1981.7057115012608,352.44850670015194,0,180
39.33342761324057,31806.91166236992,10591.116367786035,547.532251684424,1,155
44.60878538727169,30682.28202806138,14650.624999128451,485.59985343032594,1,65
39.60766302287088,39606.040708091045,17390.1689518344,778.8786505015917,1,173
15.19069479952148,24113.10576515841,4405.856626248011,345.93870307401033,1,104
38.93055952584654,11517.052314400258,16200.066153509946,416.1192684069206,1,131
24.34636599394176,26898.98885570835,11501.43443865236,713.8575856725719,1,73
48.03607058596046,15903.93040755201,8534.519957809302,328.21161693966855,0,180
44.39917895316218,16910.52789164112,3502.5855430027777,570.8944593928591,1,157
28.721442564071737,29530.591628833285,17440.619419269337,543.1588690738461,1,68
33.83359699195968,40910.479664108876,3988.190955414592,483.92064844381173,1,179
27.28943773733258,22261.984868854553,6885.969324972885,517.0147734254081,1,48
39.24785083272194,25704.375422610963,6510.8651072863,591.467322811628,1,164
51.46170784601486,51591.255616771225,17556.86664962623,388.75204711361073,1,132
28.171287443973476,24844.12511631615,13781.356889969062,614.597733055976,1,141
46.04855818621413,80889.68219013991,16136.946546636074,742.9877811149925,1,93
33.63690857953071,29224.270450102667,5758.890077057481,718.0885113845875,1,113
30.48552601285187,9132.717920056079,12872.607892532978,384.64494758157554,1,95
38.715635680545304,32101.910052861378,11863.173679731226,382.08720835781065,1,135
27.57709213096751,26650.926445986017,16823.77715897715,447.49590225970235,1,113
33.35620833583381,41976.96846779448,18215.65414914395,498.59109948757043,0,180
25.625465288933817,30840.704639065607,1230.9786580703494,524.6505697746654,1,140
63.57670159499667,20553.20169450714,13806.37846211706,673.8334692583398,1,172
40.423162623660744,11942.406091609639,1984.8801832748513,331.1742376912095,1,95
31.60329390408897,19840.654542676377,11428.314636469762,319.0699873243365,1,78
42.56775892881066,14396.49096518561,6465.021851829886,515.55080961915,1,86
38.652063403710045,16477.288795572353,6828.755390920683,683.4400306758893,1,139
37.34836480560132,29563.30579533519,7706.211565594775,406.3894386260654,1,163
47.3700004005211,50764.483846459945,12804.556531942591,652.8274646909384,1,113
49.090092520567666,26831.60505863359,7346.949347706615,442.9054758671647,1,97
33.63398622867367,12113.28991559477,14921.281961215327,787.3473598474341,0,180
33.09018111226384,27509.903170237223,8686.020325903524,792.6294693466391,1,113
36.699379634180275,40067.29695665897,2298.7108058892136,463.50796235472956,0,180
12.376946023172984,16237.985295164804,15891.437007198037,426.4965646797823,1,179
21.81770725361737,20598.868305935735,6429.408167261414,526.2171846364272,0,180
56.4024912093343,22188.8257681779,9222.57071238599,432.2923718490818,0,180
59.7396125620154,14876.690090051423,14023.433781216128,669.8111138104371,1,113
37.01156752532346,30459.104198973375,7316.666985825528,754.3355765015571,1,144
46.918683556669194,20733.91254029629,2075.127466787597,670.2006720011693,1,99
43.73500185452243,27167.215748383012,8104.499893243458,753.3927459871422,0,180
76.94656970146285,14132.804170704107,18944.523071191765,518.3456892141107,1,166
53.434898937214925,17699.131504899975,13192.953548672605,385.9743338898735,1,172
38.4649889022308,31608.79485076455,13758.103824676931,705.8730210686756,1,87
28.53351471279489,18280.37618700317,13013.360919115157,498.2609778278546,1,65
20.72264415690913,52233.63555317692,4780.850640229299,669.1989538760229,0,180
42.44156363040668,18037.025694130614,8948.343417943322,448.85416808997115,1,118
30.92379105658836,24645.321464981713,15267.856168903047,344.67629914366995,1,150
22.93295548482791,35111.90114470744,2926.0850535100235,845.9199875182699,1,90
32.24112538908968,10838.036604403474,6279.202745704533,385.9108293618296,0,180
27.02142395662726,9132.507628747326,6250.063060851218,843.6315466799145,1,162
60.24569962087078,10271.946758155656,9208.359624295614,837.5039629115461,1,147
50.579677083393406,41410.59528023309,19627.006077901515,736.5999571494218,0,180
39.90432830420059,16715.15257855233,2282.5483869926165,662.6826291450986,1,78
57.75932966668031,79149.96656110826,10855.318893231306,617.7938776380965,1,76
40.92841969177142,16611.926839595133,4407.928958231998,776.3558499578091,1,82
29.664589584060835,24155.699891844317,19442.85436278514,459.1917368907184,0,180
58.277488927235886,47622.23134657154,3152.7665898218197,557.2246668666824,1,149
46.46692052421591,60056.823062713665,8668.419044870234,640.6644831515761,1,69
27.553046148082522,61743.98175716977,15019.814711857518,526.1547617282201,1,127
37.7159358629967,40303.07772219768,14386.53413252146,535.1175497496474,1,171
29.492580959382913,36755.06296495414,9031.844100984712,481.65656712614646,1,79
23.40640322842797,29621.729466876615,7583.959191101646,610.3274991764948,0,180
51.1141305703797,32506.01857459028,8554.635192504542,767.8159904083138,1,147
62.912999685641566,16720.773404781383,6021.249000014146,410.84060790347206,1,68
23.217189114170306,14631.039707281092,4901.325835429196,813.9381713143928,1,96
46.75563084028685,21989.333443630778,10177.75425361891,678.9982095615263,1,124
32.192289170538075,20229.71189803881,6102.1413652845395,752.8002669740166,1,107
34.15449539482365,17560.124819509405,6461.771633047752,605.9048809465064,0,180
32.89127290913357,31200.634924300764,13478.365206016584,728.7341857832349,1,116
29.632110763842206,35512.94668339558,19402.209302297953,308.91021853670696,0,180
40.582259535337926,23021.951277923377,12469.106810628127,750.1092336287444,1,102
30.028598603067547,46109.073905022655,2462.6098742343593,322.0763724969516,0,180
43.24548190935806,12446.010925154424,2436.0886632272723,789.4523569995744,1,71
39.39714268661036,19993.65536305359,19077.041196065755,845.5795109812539,0,180
37.13262343760309,15391.779384860609,6648.525015839339,461.73710419722784,1,114
29.109236055500826,8662.266531145757,2749.272735567033,415.6752059571865,1,48
33.07874403318001,21134.449315257785,12381.84715585725,720.9498501219224,1,153
49.06469470990908,20725.62726829812,12849.326787515056,439.16448750613927,1,151
46.01100625149257,46944.666171931494,13321.591582255074,776.0593107447119,0,180
28.269337062417385,30194.221448128348,6080.638529293285,356.56342568661216,1,130
41.19198766515071,13199.135154577303,1287.1030000750256,369.27535800864706,1,136
49.01664548046147,55661.62797234166,19335.292019634966,838.5333553053385,0,180
19.96713662654354,40559.156745989,5766.967868130947,670.6113940485026,1,93
46.52032230855922,29467.66536127659,13844.499472998403,765.7879734359241,1,151
32.04851489264984,19668.19121407623,14425.967527695482,478.3811575433349,1,124
46.84718402311791,13633.433242521747,12590.140924510228,672.0660622363324,1,81
30.8408901214898,18286.10227827453,6945.2404900593165,626.8330050197285,0,180
18.341414792025773,37963.266869154264,6150.82882151725,631.7325660676208,0,180
20.469490745402048,56516.79632066212,12355.69737135136,675.3928527457468,1,132
40.577019359936585,47649.230699521184,17455.81703862214,616.4475452210042,1,162
43.11667002065778,17250.135700200666,18987.940849544517,535.9843031164662,1,94
29.148200498747098,12584.123809770173,3012.210283671395,451.75748190930074,0,180
47.663109505328485,23634.03524438574,3941.7436393566772,722.7197320022611,1,119
20.061759252772482,9097.73096782609,18949.988916878512,424.44983650175243,1,168
39.2070424162322,25889.269507044548,14994.169338361058,680.7948683849278,1,126
25.467805602850518,20459.420322091646,17776.88267176569,428.33305245712967,1,87
32.17796670637409,17448.025145803775,4850.0200485715195,643.9315934749496,0,180
40.56878405579697,9923.376013928775,12164.131551078635,710.8930469209658,1,105
29.67503961659257,28475.52009975558,14321.652293931998,420.2926388985966,1,166
35.3853334692421,16876.03049369074,13922.12582349248,332.96881547371953,1,118
52.07551371057329,12271.583477444834,8754.882126467264,372.0355586467957,1,131
33.07729756572222,5238.910801288404,1292.502942134861,633.298331999064,1,72
50.0283053447817,21725.512658283813,12075.595079281,767.1955234241545,1,131
26.443517744108583,53429.9002667497,5808.929244412567,324.7482516794834,1,64
46.357650134983395,50545.52060029857,9554.830676714917,703.7831924729055,0,180
57.298823447894804,17526.194541275767,19194.039286592528,487.72525527252867,1,99
10.340265998472528,16299.569408982865,8581.67103520626,563.1906034557373,0,180
30.43725693435428,27844.399445899046,16956.23052662411,810.8727524150611,1,120
46.92486552616648,13370.516229808742,4582.271509235772,482.584327604715,1,91
37.56345536748409,25614.040826794604,13776.749462475547,555.9353136667173,1,119
44.4537504804557,32307.03021337047,19563.132134339925,307.5253281183746,1,131
32.75217775941015,40678.97332215231,2935.968916585799,344.8792960026611,1,161
41.0390774496748,20950.608321615742,1158.0789023166483,442.22537512413123,1,119
38.13187317529505,19893.794440322068,9238.073060019673,315.3187324515909,1,175
54.01338473991769,14200.162775992556,2759.884177975977,647.256429326538,1,151
43.053050119614554,14567.66787629597,15219.302643848396,534.5190962408924,0,180
44.051231944902426,19668.24241977034,18376.42461312262,601.4798615004122,1,131
35.05747640653039,26467.762272800443,9246.398481466418,396.0559522429812,0,180
34.14872531113008,34779.80958726766,5915.521200953378,462.76261619013883,1,121
34.80930174616455,14741.331950605116,9253.663061125586,665.1034611689988,1,109
44.73342570853956,46459.87354327017,14745.50853915002,830.91649799672,1,146
34.94818623015684,19234.064899593253,1172.0290700270486,327.72922548121505,1,114
43.477298282756955,21792.395394944604,12199.625800209247,789.7113764703963,1,115
64.90480958374526,15159.674082146063,12652.542012860202,617.2846607211646,0,180
50.453496441180306,6554.321420004908,13116.076691022774,610.155761715593,1,154
36.08771761398591,34269.90004524356,5598.419519636667,575.1531943642682,1,113
54.41456706596734,31838.194996603248,14567.001744184408,338.16674724730086,1,153
35.10309552374138,19136.18303079339,2736.4382403037516,349.43226845488834,1,171
15.542505577865754,22776.74546281162,4786.136392869215,630.5016031124974,1,89
27.902964268991152,28508.843285677267,17671.930886435155,487.52721428955704,1,80
17.55049694768973,10084.219664674582,15035.739863804762,804.4974366177244,1,168
35.78183819150429,16906.841835583808,1261.1655262155598,523.6247955477097,1,175
40.22102055027462,32765.5304151654,5719.148947026204,378.8048022864526,0,180
60.117247747303395,11764.658669993756,5073.723176870127,693.0953584261198,1,106
43.923128485169954,25508.805010699514,6145.320232702479,461.3443817925554,1,93
37.37079365429363,11178.069950562898,5703.635635317842,589.0086690457413,1,86
49.95286697420187,27811.78112036165,2187.999619114069,683.8080320278435,1,109
13.466376291905377,21637.41473471701,9719.869815339587,795.1452611611387,1,69
42.827374697302794,9822.530848735647,14921.936020937137,735.7051571409219,1,120
49.2503823266436,39433.44831834923,12527.902769631291,671.9985873299983,0,180
22.256965050641902,15255.634841647083,13784.561703363515,673.7982503173289,1,83
53.72504851848315,14689.287733320803,2541.834392188544,820.2585542176475,1,161
44.06195688993297,24349.93839712825,19078.323493358956,462.70325362309484,1,122
35.01654503319038,39117.24411520281,16931.344843017472,300.61165180790306,1,156
47.59338239327542,13254.456182201664,16296.716051417592,449.57500766900927,1,101
67.24831429365275,22716.34355771605,16636.692295793582,419.8402587947092,1,117
42.18239506070194,27293.61988913194,18721.499654522464,664.0090218126991,1,158
42.978647035604034,31149.47915816198,11340.825356160256,648.541379871041,1,74
34.48766920551707,24057.94988927337,4805.358339484892,626.4037604875981,0,180
29.801867566422498,18333.51492428305,12718.888549198282,308.9338937651995,1,114
49.964029798530945,14562.498243290545,15114.74837969084,700.8279299478561,1,107
29.726994089093594,22995.916634592133,15020.430473726483,477.94172686702035,1,109
40.85879484663271,12886.43509422603,10907.531459170723,665.7807939536472,1,152
34.2681106388186,5111.891433495368,2300.715667337983,606.1181356761844,1,148
45.7477579089567,27399.49611048657,8051.145830172429,488.50200898534894,1,53
44.00394526344338,34612.404921804125,18494.56556080379,374.01694690725924,1,122
52.45047933109479,6758.348147032154,12104.529285391094,351.9303937132645,0,180
33.87980321374304,13294.884918551452,11228.306921858555,757.335083211723,1,114
36.761500776479544,30018.739946406018,6108.216773261677,805.1186481448569,0,180
28.254835410612312,61620.36742298929,8000.529478414999,657.3834257203648,1,177
34.66848087908666,22256.666347370297,18011.575693910218,356.88876317326583,1,116
44.52760591653823,15305.974622911288,13662.79790300988,521.1149692885324,1,83
49.083863399744224,20101.54143565034,15960.353508294324,700.9165600578365,1,153
28.934016109868494,43802.15121140449,9632.563038285447,728.9014862055375,0,180
50.435271041267924,15946.87095245074,12974.697169667,365.0202422600987,1,114
56.26765430565941,14770.747693301719,5719.288566120943,300.0168953649603,1,127
44.96121883868441,17302.879970410868,14403.755775386238,691.6753752343327,1,131
62.52154975069679,13675.151363675508,9124.425340363408,496.12789679241314,1,116
30.714529610757126,23419.754579491953,9408.364781480166,439.96473239004314,1,90
25.064143560262995,49629.427305527235,13337.124166960752,307.093608384239,1,103
18.655357013148656,25888.12469502464,18789.331807909606,597.1646737188248,1,77
57.952531737870196,19415.42726616205,2216.1205855637972,768.13290448429,1,124
47.85238787624869,19036.136361090543,16670.121509593144,826.6974054499234,1,117
39.33298394907454,10080.968271087648,6555.279097831669,611.1597228373091,1,153
43.359623515837846,34253.87200610098,9434.469635621179,582.9537302569418,1,139
26.494131432419483,21185.693575055047,1416.3532467251703,346.7810120190826,1,175
69.34902375540192,20125.84407867378,6719.875478851947,601.8800408484299,1,140
41.55065418370273,108722.47178788802,10549.99360997248,508.9884934309671,1,141
41.31273753525871,25575.149955948742,2067.3454696013414,633.9244044859673,1,152
48.7091994867843,15125.002904807425,10330.818858280138,513.7994913321006,0,180
45.772110780840556,17797.64104430833,18615.10194831012,432.16451789770167,0,180
42.68660829134958,39113.49607590651,3002.4711440482993,352.23090137560706,1,112
30.514306534656257,23309.941101277363,15524.373833434582,473.2051445238926,1,96
45.65762028563195,10730.667160814046,8783.750014143861,353.15465885826376,1,113
62.5842939577004,34878.10220518294,13448.300575962423,397.29332295319114,1,107
56.14504055385973,15770.997914174124,5944.495361719358,843.0348872187502,0,180
59.11823951967276,56198.69911021324,4030.3529882858074,544.2569562986403,0,180
33.86541188282578,37798.474848005804,4048.789671153302,592.5294715777591,1,141
28.124742156897028,17612.057860710247,2339.3469672197484,780.4901908054685,1,93
38.49055695880422,41794.00473641034,4527.287393123617,847.5628952698783,0,180
40.668698947464335,22786.59618083175,13620.168314790397,620.4929471395749,1,151
53.13029822165139,33738.22807102917,17752.12162502665,746.8606015742944,1,102
19.690424443422167,28067.466496246692,16468.388026232074,479.8175633851714,1,90
58.354603833527364,14426.494235161135,14017.551887615198,468.15917659601007,0,180
38.10390521705213,15966.133215040543,3098.2054048109508,521.487046547008,1,115
34.87742716063096,36863.61900276057,6494.561479623047,669.878994470507,1,97
27.85474749687799,18631.562570166636,6886.330631126911,675.2054290903043,1,71
20.141719937610766,18000.87718838578,5749.181981554803,473.38168905719795,0,180
49.878047007542975,13662.890450325316,10785.10753448474,373.26545827514576,0,180
40.87981560626085,27222.511340256522,11175.522482713779,647.8179410560297,0,180
24.520469203107353,61775.52068913754,7780.833528251094,370.5792242038205,1,132
24.459054735236606,12916.147385248425,7721.994015992284,618.1708795261316,1,172
35.97058360851846,22294.821892083128,16742.556360215545,681.38217043097,1,97
60.02825830347271,44627.711436045945,15996.564118074026,685.3363230169484,1,118
36.884903783636744,21166.590639617796,6848.1208019341675,714.4096608627782,0,180
21.962284562582724,27616.974979149458,18361.980433591925,780.0726818611155,1,123
37.05108323096867,12949.380600758863,19103.485323047615,574.9774455806337,1,53
36.727317163027955,27286.669046761028,7208.108298570775,701.6370542412642,0,180
7.637360284701138,20058.892838549524,7734.074027068043,640.5450044512102,1,122
39.348461601786255,36057.31366910498,10607.048915017218,402.6519668887254,1,127
37.22878563749586,39882.50461070533,18881.295438139798,314.1293046781745,1,77
48.35447637776102,80400.99421986402,17650.06922970392,456.4977621223136,0,180
62.18747313934414,29431.375748666604,2948.791289088206,543.6685384856906,0,180
53.51878035457309,25923.318175192362,8461.88412215691,639.408269435761,0,180
36.773335713342036,24274.753795195993,11514.052605245664,767.477631776763,1,74
26.721689095099954,18461.02170690123,10559.516978479262,407.9351441883911,1,173
70.88031763899832,26088.29229841648,4683.39829080096,369.0523844441624,1,122
40.71062120817386,19001.99580367082,17317.51865219494,829.9139711108801,0,180
40.167151502955356,23962.142980122153,13861.87487693991,359.4245076570239,0,180
39.71049895467996,42565.47543181918,16920.259122184267,563.170088558954,1,157
42.37701712921426,13316.09479248405,17316.521307639974,622.060050836316,1,170
38.267675056912694,38946.30885480525,15218.761219649055,597.755931499091,1,125
33.116055917437166,42555.2084246392,9345.001423744628,347.31768636811876,1,99
33.437692705115296,20763.78695326162,12600.388345293066,331.36480270199064,1,95
39.60696075740802,7624.122786741272,4046.94271627512,358.01588510356964,1,155
33.47890274639482,16253.913775028312,13799.262932023246,622.0732261299369,1,148
31.44585060787403,42129.23822518176,4405.811859046335,599.3896881988767,0,180
41.27716273230276,21776.04886451278,14185.04221969298,428.55743562020933,0,180
36.940273390949734,13364.388635794294,5362.365054325404,650.7757780150753,1,139
58.04791586299226,17113.322614038738,3233.4747028541797,751.0371261306071,0,180
8.188362299283856,33533.8284657969,4140.4053127161915,322.86842791562657,0,180
53.09808222306954,28951.195691523437,1037.850569162335,573.9714689514233,1,101
54.953022309971544,19546.15655463396,14656.052739217075,679.1207266564796,0,180
15.119317211102206,18335.379787555234,14915.619932109203,438.7715598883279,1,147
35.88774887103581,18108.213982092235,10783.73364835193,469.273997911232,1,150
35.5427096080505,13888.20097262749,4065.8932200522904,637.5008466441611,0,180
23.109859663386146,49399.1178008775,2587.5324127031054,793.8644113940553,1,82
30.6661997489095,18747.951374345343,1363.4503623084531,745.4584311665947,1,54
26.673089854410055,40480.64592230601,4149.215362339193,620.721620504771,1,100
61.02724532108347,47129.67037598044,17926.255164679787,701.6219447664871,1,92
51.228140717769534,36284.84533050047,5589.199992331954,500.65235861428926,1,170
55.258661139929906,17750.870636440723,7731.155217127098,652.5310404543168,1,131
48.66006476851882,26953.408550532953,3001.5642051453306,556.3998751201564,1,93
26.45137874539325,21761.599328133536,5224.864790215235,404.4648750516585,1,88
33.70575680464272,14018.722962994045,10865.266844823896,685.9560506324915,1,76
45.872494734735014,25904.698509311023,12547.300978817399,606.0555505418521,1,116
25.334466293296657,12215.734396771686,5661.69396915801,497.2418700744753,1,133
48.555981162068655,39888.35454476505,2096.911025277227,801.2365545432469,0,180
37.11609522210238,17460.41069820309,8429.624513420575,311.51376480470327,1,84
35.50215030940483,24357.128274185387,5449.864047600348,473.67523318722283,1,137
48.5315196184419,25378.1522637926,5171.524541366237,331.2847687777056,0,180
45.33115973783248,19351.93151064712,19237.393251555648,721.590023921895,1,144
35.66840601017104,29535.46136972928,12709.709232588757,686.1590997625859,0,180
53.91195764037098,17370.839207590747,11580.690420269822,482.2437203049744,1,100
27.027240068801234,34052.15669828914,8899.726966943115,671.6145962138902,1,97
47.39122728333116,11237.482931337687,9149.942335172742,517.7654744077724,1,133
47.11721509562061,23463.229903413627,11277.195072923536,715.9395852823388,0,180
36.28544272823212,58073.48669500967,14232.166333686038,549.8010145051883,1,161
43.913596266905415,13357.513809862696,14340.77582745476,526.7538503074161,1,88
24.986637083376365,15695.471570602798,4262.184246403542,814.1014535185656,1,138
51.08832423048281,28479.902009133533,10502.142289455913,437.98350493988517,1,118
37.78117436268413,24095.753267143038,8827.203805647938,366.246036998111,0,180
33.72732375377153,26247.21191552204,17540.0123591183,621.4987122927021,1,86
52.58811071004267,28130.046796823623,12996.959503149152,833.1269967562984,1,137
31.54787571348689,30253.305622963202,11117.577261903654,507.81156754995266,1,154
23.098464443637283,38363.0455972775,3192.49820139943,334.1202199958298,1,103
21.320449917713155,27035.58738631369,12507.119897144818,486.6178970202621,1,135
47.272119416147675,19523.44192778446,3226.874207924435,578.2624098757572,0,180
24.6348477700446,30831.335884245167,7406.924935749289,389.05765364771753,0,180
61.057530183812375,56950.68332279078,3713.9973314723056,661.9562199310706,1,162
15.016847105395335,20613.121681155837,14149.39929346301,848.7621639556103,1,111
60.35747641948046,13530.955610288209,4918.790162886899,548.4567117897941,1,156
42.53220960643142,38312.8387592786,8445.328090572493,495.10070620161696,1,115
38.83944265755529,20739.79127866127,18017.820774756794,520.3872917589566,0,180
33.460970958292606,7432.854331483124,4882.011284580436,363.33039811736063,1,134
44.78963337222485,33648.065298473455,10648.296215216804,785.8004807844231,1,56
39.54838357090182,16853.875461041865,8966.161562154419,528.1541105367436,0,180
53.23962258419826,21051.63185372172,1344.356779868865,513.0009262836627,0,180
41.37073178394448,26003.597304137766,16062.404157883442,662.8296501117609,0,180
41.80362113754253,24227.650435818305,2311.8722199773947,543.1183815121179,1,141
35.63665345343373,31405.110347346897,10010.845398562118,656.5284078443153,0,180
39.316652515347194,17716.59083264094,11652.887603840049,333.7954595719331,1,139
43.69362122670471,28468.48312510111,12940.102675677153,747.5478390472251,1,109
19.477979288120494,19345.72340187586,14084.000956849635,817.2771740836714,1,145
23.821774934731444,31869.516632407205,5812.175286931587,656.8209623876623,1,78
48.91916912827258,29961.95658297212,1189.5967565105382,825.0112608723459,1,81
42.050385257535304,13798.023675617309,14745.429584743328,383.2877729034798,0,180
37.79219996376785,37910.79041570909,11177.475387603994,562.5789042141946,1,138
40.22120719678472,16848.523021748253,16886.236360937728,630.993703669996,1,95
44.170980464340055,32992.28083978493,16606.378895113194,619.9551560816526,1,75
33.52288383628766,26466.72749067127,17023.19718796978,520.8039784989737,1,101
30.660343295172247,55220.62691143744,10216.798539611264,485.94642515144375,1,119
42.350143061172176,19697.89406610388,7338.939520900448,369.75321240273036,1,77
28.259526668619614,18496.588745720837,16039.60584923603,515.458347809253,1,128
44.89903306857366,21813.62813047596,9574.588147555844,389.46344830801684,1,113
19.568996749145917,18928.237024803,4485.401731665255,703.9011220707201,0,180
52.34986764790772,32858.671148089066,17244.506371668012,414.8570145220245,1,158
45.67116978895652,9816.74319151458,17768.637658674597,332.2109179064936,1,137
43.07235681176651,13005.905342646873,9859.885366663233,603.8013757994788,1,156
51.79229180734617,12914.403775746016,2438.294818885962,627.3763529956709,1,160
59.98569333355092,35424.317417409824,8368.695708421694,779.552183704278,1,67
52.17244078021756,51808.353840191354,16267.215529789464,617.339886829725,1,138
17.909509224020255,20905.663680328074,18133.706542378346,490.01446954789515,1,170
24.645076399171582,20243.50212662421,4865.9821074543215,741.6565348394763,1,161
32.50217706765186,22811.637047546472,2272.498628480159,597.1533912530815,0,180
40.313092602530006,39377.07807739631,17669.658609523936,343.60415654715547,1,73
46.21190824562947,13853.919014215942,8398.69384059863,611.2178081722857,1,157
31.291074242158412,24814.52612105205,11293.458321083703,799.4101999819143,1,124
42.24120117372494,35867.92836519333,19393.25042896442,517.9719440240212,1,131
30.93540481176013,28298.01910721291,2264.729830370234,462.97919104489006,1,102
32.66178636409662,24216.531731026495,13318.042141589816,378.908201359911,1,118
23.120066837821334,36334.50233137325,2408.003028922474,383.29503706444655,1,119
28.921201046669147,5700.925753332099,8133.909640863507,538.0243163880004,0,180
23.779784732603996,30913.172290375318,16272.476358675489,627.6239032888412,1,107
28.289520964272008,15882.325377567327,9235.972422357054,344.33847284328095,0,180
52.64370155929407,8819.174509308148,19946.464724156056,816.7627239638412,1,129
28.607213334016684,28441.405421365474,11622.126413985441,715.3234895948577,1,129
71.5885847780487,43775.486580539844,7102.080900083116,622.6431550560144,1,115
45.91981481057067,20563.557663056697,5182.115192190309,755.641269016445,1,94
42.218033484338484,35469.81292581828,7659.890151437075,344.10271624666234,1,114
29.699706637825436,49322.67182140312,8078.132201431466,562.2613827532184,1,144
48.4037185529079,42508.41038694153,2305.5598767552583,646.5512197739149,1,137
33.092346085146715,50010.20005404024,8021.90978910869,755.7590983650591,0,180
41.464117775744334,31922.416243038995,9820.531875045273,730.9082580270972,1,170
70.72101445922553,22873.09983682436,14732.017292537288,452.3880873423698,0,180
38.8472812033042,9887.40589098068,13477.860209710552,817.4840932575623,0,180
53.791279915428106,19476.59477948713,14466.547449353931,368.3902127869787,1,180
31.56188289848935,14448.945315670966,1158.9099556602848,781.3234902416336,1,164
39.58013811403646,65216.73317325231,5135.680592030185,834.0171372825403,1,159
61.24960762762612,20172.127297566967,13572.001479597273,397.4344377724441,1,89
32.47639530654679,23426.014237446845,10195.797995415196,697.1363353120819,1,164
61.74938269596315,29020.062729179033,1100.956037698573,322.15703532789917,1,111
48.493023225465706,22511.942455620803,16285.398206204625,522.9825538265352,1,88
33.25039868926879,51406.78878317019,15683.38189251641,583.9558145587207,0,180
47.58889286866625,16133.857918746477,11419.96409687769,619.3548742502987,0,180
51.67065339552076,24277.462446380898,2262.80318974917,814.7654865367077,1,113
47.46171954660636,15195.653426401414,15563.785941119108,669.7378780118071,0,180
21.157303361314522,11384.2801024395,12090.558166895915,564.7028731705803,1,115
31.274353890101576,16221.867465456087,15857.239566001224,745.3212699462391,1,137
37.02977637338194,21622.32449726114,15283.192855520969,822.7930515249249,0,180
39.10679885079944,17771.456606047486,16257.039367198906,312.13638177525996,0,180
47.44806517060813,15580.719666766036,10842.153261687872,840.3866997408213,1,112
42.132412011199044,10903.523448779206,3666.165845676785,347.37267648502416,1,152
23.975867695478783,21129.95991802438,13751.991994214084,747.9127285978187,1,130
44.56237421207156,10380.037952096129,12789.001915987441,454.18411390327685,0,180
47.32702894340588,32209.862770217253,15102.810556782657,372.69881176462945,1,123
46.71748537517248,22953.3661162909,4227.739114963971,541.9206018426091,0,180
52.96936870665546,10627.754957150804,4704.528798105495,654.1761186961874,1,79
50.00706585458685,18871.260994263655,17917.78082716724,509.52351476291125,0,180
45.51016095074124,15122.240155696916,15249.578170589346,330.01097455548444,1,110
39.15801146249623,25837.63051121518,18256.341285306135,629.7036268122941,0,180
20.0684687978081,43054.63730109737,15415.591102114493,796.3218018608711,1,171
45.15541862959103,8624.94413844992,12345.950813815736,510.7684512709884,1,81
42.49225224595733,23330.412351087612,13428.522003529599,418.9830276969549,1,95
43.258946046344484,20331.64060762589,17893.430554860188,543.4175402630485,1,131
24.679017090156286,30812.32459850001,11997.32833572687,326.5994910768295,1,173
27.02732151510085,24504.163334559507,13015.43516223936,751.2681714641511,0,180
52.637834239994845,15123.654709709002,3973.057604068411,754.4874460226026,1,176
39.52533815372014,18778.59679963998,10004.503182205952,623.4002548862957,1,135
48.178008368471495,14794.149412024337,14611.54512720388,494.20658891611424,1,110
40.339820513565535,37722.181506938316,6147.911268010943,739.8808504451808,1,144
40.35707367394894,22262.43091373814,4842.829429966163,605.077863633602,0,180
51.259405671711974,56987.96264662253,6962.709356263896,754.2627697025089,1,64
33.80746326139151,21368.42390906101,5588.511931863835,647.3023359206613,0,180
41.1534493232918,15456.68100779172,5083.340103691521,731.4230102670385,1,98
34.45269653553949,10333.463626063693,9072.166014493652,629.209646269768,1,114
34.78604527081221,8941.245372452197,18248.931763787146,527.7775875186164,1,86
36.28993451837633,9975.945542535173,10634.133288035648,826.8702229593756,1,103
42.665605259604554,25173.907628060613,4570.487235491138,597.6126036833646,1,102
34.25501654003827,28406.194359456564,2462.4617182366073,632.7992351972962,1,102
55.06907350688225,9990.647146599911,14226.96675762058,421.26820167811206,1,104
29.264712373365953,34458.78175564291,8273.176524291368,644.107934185002,1,115
37.75754027006369,17300.133101044714,16614.787985121824,614.3842072156192,1,80
34.7232273007099,23703.93876646922,13530.704604174634,401.66111887086373,1,156
57.3637346122448,49321.25061566976,16128.587560286001,332.77290354422905,1,112
42.358657318138896,34489.82589498424,6166.974748950526,632.3976258431242,1,91
52.38213447362362,19259.017585841397,14154.819526760104,720.0307481426763,0,180
22.173275523556335,14106.682317010347,6017.177709180657,587.8707540071046,1,171
43.20460319043111,7510.762713602398,18842.30110955554,424.7249439258051,1,153
50.675569547481246,15373.850726406055,13091.111349134113,666.5870871811692,1,170
40.98740787130509,19819.763602366864,7165.7242033315,344.0581496352812,1,111
52.78576450078421,13445.640907789984,6120.72538355318,543.008537641075,1,90
33.79253859879553,20627.316425872126,4627.6051163612265,389.8517171191311,0,180
56.912169282226955,22889.325408055785,14198.178218980827,401.45247808293584,0,180
67.586777483431,19684.20879146237,5155.596646960618,411.261672037012,1,131
35.64593727472409,15914.703504275978,12310.762052622293,512.6888813741879,1,93
34.653969743190736,23964.463774496744,6028.06551158179,328.1326130912187,1,126
57.44061372541241,27473.311589847184,13577.409951083504,518.786392511004,1,172
58.95486574876855,12769.316979724706,16483.854842270244,581.4390959130855,1,137
33.72567967416078,44598.97652492157,15782.47961974841,565.8118567314789,0,180
34.95775819484972,20967.01848687686,15456.175287684853,510.53125522167227,1,118
36.61858469367391,22235.042436152296,4566.72570815279,761.5306344389139,0,180
23.866593867588676,31385.686111113013,2679.3139927058555,379.92968083127727,1,140
28.97617664218962,24750.675625685566,14280.027741260326,578.1332090797557,0,180
27.950310798975185,35474.46131367427,7998.597062092675,334.1227793261049,1,176
30.78642921875046,25426.878002674915,9214.578301663598,339.1356233828504,1,172
39.583781351358624,16216.447965856863,1591.8327630744302,615.6262173224029,1,144
42.81057679043825,26390.29908235371,5931.952536225935,611.3101336883014,1,113
58.606005913768925,12433.340536908765,1639.8516736148163,782.9184320644513,0,180
28.01975151113451,23255.10258338142,17704.529679423704,606.8305216130402,1,69
51.81186878171901,21663.519692038877,5624.536981152079,827.8850612226676,1,141
37.43213386929389,19849.648365295187,11589.406221887153,326.78216661996134,0,180
39.40643548417081,20655.383039159533,1740.6070925614779,353.9042266294076,1,115
48.097833905999245,8596.199597042812,13670.100434807504,324.23622386370977,1,103
26.527335741252415,16741.35937811195,7137.519569327784,401.902267683447,1,97
44.58891695420861,23073.09388066075,18060.46455219565,597.6985610179229,1,86
41.99742649855667,23859.27228937201,17874.24558974668,655.0646997850854,1,68
45.90941516809779,13176.133838265427,7180.521748873208,325.07183687176786,0,180
43.470023726893814,41475.32372913781,18118.25701811889,820.2839894150796,1,122
69.46360167893073,14284.246646505844,19926.995796476796,763.1909571577096,0,180
32.347120188984206,35765.12731364402,16682.89761835501,463.1368651864012,1,132
33.62803653997819,27271.49184877909,17052.55560734935,342.45314162455736,1,78
32.522313682902826,15944.773034648548,5731.165986072709,393.4378902704815,1,148
33.33427457007694,53511.691745360295,11957.34557829737,369.81942756523495,1,163
32.35135447232179,12126.902177524224,2277.862365379989,367.80607861442076,0,180
54.26819837329062,34876.79846925754,2803.4407996117243,585.2089287661537,1,151
57.04605097587826,36326.077799917104,19978.95962863252,435.21609337137016,1,110
33.15104447500629,15751.484526482505,7206.145739092308,496.9768440910294,0,180
30.011733122749256,44189.06547566884,15215.494328928082,844.2279333613774,0,180
45.65698667663685,19437.835761977953,16326.636007509513,676.3728369089397,1,177
33.37332346862834,25446.83911953542,17302.442149137354,821.9393668758507,1,71
47.59518181306613,25088.40131676537,19954.937650640975,378.4061052682136,1,163
42.435076250215594,20595.865469400072,5588.433219880489,510.17671115791313,1,121
21.811070620033217,33037.68427269887,1766.6657103342945,605.1024918052949,1,95
58.57006241596074,32752.820525665164,8812.638841897133,342.2169340388059,0,180
61.55053207714626,9188.739200400592,3471.532726749992,302.3030939953768,0,180
32.646535714187365,42284.257026211446,1426.0918940790473,668.7388835883046,1,102
35.34758128076819,9592.664837603437,7848.109715688236,653.0007342407894,0,180
43.43038468869886,36911.30317288267,15891.026770429493,525.9338454997865,1,131
44.0134814798443,38690.62371565445,11757.433133276347,569.3042418176179,1,131
47.902531272073965,12765.695139769496,6942.781794996727,528.4936503256492,1,132
64.1224544651962,17936.497026194764,13432.498104361674,313.2027746646889,1,139
37.87663327007141,12671.968975216187,5408.345425867404,484.45438341960437,0,180
30.420433065538553,19782.23288607058,1273.2474753696156,397.3952404685094,0,180
23.448169263825672,18882.34916189643,15522.71434229212,354.1333040057528,1,138
31.228839520696972,32527.145509333746,12851.118612416172,826.1962386391424,0,180
39.60247632551444,42410.632362885895,15483.749865518239,629.6478487731911,0,180
61.53469436221345,44260.2342152423,1739.8223170656465,700.7609563301314,1,56
33.78866441156595,16629.20867236005,16905.27292878239,473.4500587963646,0,180
42.68545541966678,19838.684300238798,12770.997800689764,516.2309212217084,0,180
39.80292524712698,9492.724137501644,11704.511663540163,430.3081966431979,0,180
54.26071928137701,14721.50997362528,12867.6669141761,353.3311190309836,0,180
70.32318911048347,35682.862716054755,17424.231690498917,398.46740059287106,1,71
33.62957472495615,49404.23418619669,12151.793624619235,738.6327249130672,1,148
34.126726689781336,11882.5422491579,12038.057217875406,672.6501928510768,1,87
52.52993052482886,16379.205802464423,19822.90398424955,600.8108817920123,1,99
48.182697875515736,21737.564405221154,15377.873174302791,561.2994300767225,0,180
62.1604879088324,25338.50816496454,9403.582303571571,807.3388560108684,1,94
47.00713822391157,14694.05457154482,14440.543000625627,340.0042212782676,0,180
35.688494910555285,27228.80017907855,8395.378962143981,454.3304472808538,1,132
47.08785796830771,17380.085642683858,5348.633787186481,492.46581946389273,1,91
53.30444296699489,21867.873265378515,12340.18566086743,730.3341967170334,1,108
49.84578617436837,28944.692243597856,18635.459864165077,845.8830410890843,0,180
46.08728837328757,22097.309431326885,18653.650880293793,432.3687831164342,0,180
52.80009627506985,17708.62441075455,7496.200284004316,780.8690337753943,1,84
54.03154708534807,20851.790483265373,11025.871858212204,756.8425182374851,0,180
56.58590789245032,21074.488674590393,5021.082072827363,423.5615687029716,1,148
47.784518651075715,18306.18912235367,19916.991080478787,519.6329191095724,1,169
37.994583036197746,19352.985358804926,19641.24024949078,525.3200781108856,0,180
41.76056423719987,48987.6539554367,13340.669664441499,838.021367689607,1,162
54.47810759810028,29157.274771003264,16283.867133871994,399.4905457583941,1,75
30.196771948153167,19001.246114761434,14586.9030643903,739.5368841076302,1,159
44.424079706474814,31209.48088809202,12270.006161749896,483.80599279521044,1,97
35.27993425207167,18640.46911659125,2013.6119427890562,701.9786901768882,0,180
40.34493787521781,39599.125703061276,9640.52250850056,531.0060523626146,0,180
55.341422351287584,26497.908811820478,13820.9397411808,618.097869714097,1,91
42.29318881623884,20875.86378944149,13873.100663790008,757.9364753293721,0,180
40.55723857787378,27552.773000874942,8089.329750025288,742.2910607411363,1,73
23.681726308240968,10042.30475292478,18892.147746502582,776.5327509468351,1,135
48.95504279232665,12539.215664561469,4179.783612498839,332.78952893956244,1,120
47.7458101736929,12125.154970552145,10506.829478095651,680.6278041718597,1,79
65.95905667966552,23658.35355432744,14126.795554465632,376.9930571969696,1,156
36.30666118056399,52378.815265840916,14245.580311944375,528.700212410126,1,50
42.62980393196727,67214.88957982388,13324.140178607495,601.7236282800786,0,180
42.992604204529066,30303.713772028303,6230.476055585343,521.5067166107569,1,165
58.92943935716169,28294.486390867693,3967.9248050458173,585.7864216916541,1,99
38.85645361135658,8950.55779619104,13082.866209707507,848.0894698392406,1,102
43.34825830924407,16792.087967347692,12386.740206649318,374.3695225420701,0,180
47.29475811659847,14855.242675478137,4407.764195495578,671.5008249350341,1,164
42.2393094778763,16148.399165756644,14397.643765840703,517.8005315120884,1,155
34.64279662539366,20250.36487128879,9648.267842939471,373.1553893990308,1,43
42.32907991477969,17395.289169323536,13687.451240459906,387.30521985587023,1,119
52.883580998317264,8187.387135014579,16909.974515632864,822.1002084350893,0,180
27.681816407067277,32014.84972533196,4224.840142961541,783.7808231914692,0,180
41.595636089762515,12882.543889821078,1363.752491939897,798.873078228262,1,91
31.59855022072992,24825.420617068416,15802.949141519948,845.3430267050626,1,148
54.34055954709811,62133.5472158631,12584.251077899702,414.57346450468486,1,117
21.721757142594704,13909.226893799267,14293.151822820313,495.4916355502339,1,169
33.29293783274094,6215.840540382597,16924.94452478421,668.0704664586767,0,180
44.52654250077425,19091.488550005615,16253.407761665509,566.091396923356,1,177
58.786288350812086,38195.76091018172,19257.482791647668,530.1142433580834,1,147
39.210996867124145,58640.08154189483,11182.766498190245,496.79618713457614,1,107
33.337605679681616,11911.090296357474,10281.417020538202,626.5793475688987,1,134
62.57388483328708,28235.903238299234,8635.856797923872,616.5763857520451,1,178
22.623833195005073,17454.360322117973,3920.1298140398862,388.80180873533203,1,71
13.614328520559017,20889.99933773104,11879.537424758426,559.4569106351414,1,110
45.28017340063999,82633.60140897293,6263.237962193597,604.4094769154174,1,122
33.97534930776867,10389.12469712997,18504.842732046534,613.6578163022648,1,90
27.74520619443144,25005.968884862064,12080.625281264854,415.5589561017935,1,126
48.50027736759224,27829.352441360097,12263.963429654093,708.2492657387577,0,180
42.925608565254386,37907.07929711258,7743.56855666319,313.8595021515883,0,180
33.23105643115926,23132.447781037103,1987.7976875764423,495.15752054873946,1,103
24.636347215949268,25694.32089849365,1603.1315420867836,729.1169566945985,1,107
50.469487939361734,18109.20617300358,9043.367738910752,610.1411065804713,1,101
47.80241413550393,25199.097783651665,2606.7421838475193,443.63933788097313,1,143
38.809889634647405,18553.31692921652,12530.092155262644,682.2242156386762,1,144
62.15964395257199,30055.048973302783,17738.48710715349,612.0650192858404,0,180
27.15898280408617,18309.85707836705,17775.381513855722,737.933985201013,1,158
21.693697948903136,26596.906657900603,13521.862792512415,704.2638524044029,1,114
31.69710316142507,21706.53384721827,5013.40479798569,635.559357119929,1,130
39.452967803734026,38677.9568146385,17396.93979581857,568.4977214209478,1,169
42.9200733918723,21467.665207197788,17835.775270950955,373.2501691171379,0,180
37.10516730572404,9076.861534778991,4736.418114106215,443.7331598369611,1,148
44.22466475817156,41396.87816621401,15011.095629642869,530.504710104397,1,64
24.98152690971467,14004.498096045805,6443.871429615336,629.6146078535138,1,128
57.32517524887911,15884.782122389022,16250.165934705663,582.5393203684176,0,180
39.01418585928917,16353.044271651535,19947.52009816845,458.5014892777412,1,135
53.407549979057535,43792.55245291895,1570.4941012584636,303.5553967843408,0,180
44.11270415653245,7571.624291841122,18049.951450027707,572.9315720454476,1,115
45.48103862984541,105754.35380881812,12829.980138374503,457.0942937092337,1,72
46.837207362786444,37347.76705860657,19494.2697641316,704.0345653907943,1,133
45.37250272020778,24627.51165705419,9835.180833002125,313.17044589876593,1,150
47.71267311841053,21430.126677909746,17100.370680856104,621.655296218185,1,154
55.94983036158918,25406.924588048438,2185.4873033672675,817.810830628336,1,163
42.35825403641764,28582.822777522364,7370.301951487619,395.9250969113247,0,180
48.508045091062144,30412.46368394606,2273.3142172729895,559.4072199128275,1,97
38.92317166855328,29079.89244358103,19531.51953610234,350.28209549942596,1,84
57.281406585393675,23035.466768868097,16522.504238164896,644.1250517437439,0,180
31.883292375288764,19956.911229033707,17198.40100367344,602.7924243279241,1,118
61.61128519492979,20421.904589818456,18821.33939724399,524.0510383170578,0,180
39.51810459226788,19981.17501081933,2616.966236275922,586.7573618105577,0,180
22.83069877458342,38827.53925420944,8326.354257753334,793.1160621579556,1,83
41.53725297892947,29636.985223820797,2349.66289183604,407.9618662710869,1,166
31.82738011030143,5063.461820824903,5005.068929450544,312.410481437941,1,99
50.08772258786469,30575.37997957934,5357.949763715775,773.9156865845055,1,116
32.16851224837131,24279.0252306425,9913.037009903996,617.4143953133486,1,104
34.64579880142264,21821.382611151894,6102.681181619209,789.8621505040132,1,124
17.325511228653628,18137.570305858495,2918.584029537461,628.319872877245,1,120
34.57232416901108,38640.50509249676,4182.330692788046,745.5885994778364,1,86
10.913448080452518,35375.09183771884,3798.2357074897277,536.3203498453314,0,180
20.99316611817132,14966.37303890222,19488.459160333667,712.4229622085478,1,79
49.12497587373157,26998.218020353892,15426.557631450998,802.1728067894207,1,106
49.42960190380999,13550.403883030574,19387.467840121677,614.6676300472134,0,180
45.10549074141958,11050.05757793899,9355.069243650261,399.43183280930873,1,101
28.396286282449445,16101.076107354016,6289.001151590475,447.838688266609,0,180
39.42746372629624,33900.896423546146,16167.570746974547,409.25451729357314,1,165
39.95676953091318,35474.255765713206,7198.824442781789,435.77136517765314,1,176
26.099623729689487,28468.193060082816,6688.284100401617,468.52849714307,1,115
58.04077962120581,31651.72389115174,5417.613851948792,605.3235827142537,1,87
50.52834748690806,28512.25128554464,3463.9005862604718,623.395396205108,0,180
37.34842991404403,15982.652629570472,5872.798159318553,534.5748609830237,1,114
40.32263006793437,27336.0404174497,7751.075221003866,638.4814289014595,1,127
42.50059369537063,32866.35478619799,13805.889954768878,344.8662090862513,0,180
15.499181578908512,32117.1574044876,2188.73200216958,348.283530381988,1,109
37.033871409752834,39912.9729146106,4999.6318536415165,394.50620319671214,1,119
31.816189024026418,31387.08945841252,16371.449165541851,584.9426239221896,0,180
27.980559881261016,26257.950642272925,3791.5165480916444,417.6970732840725,0,180
36.626796485368544,37611.87557072979,7510.257783927909,455.8064219209175,1,129
61.572238322194266,21736.30907223461,17428.519515304662,520.1720598951467,0,180
47.690114335204115,14172.555672349268,3943.5809117254103,746.5263682057089,1,91
33.14585212260644,20301.83424872796,2571.999876745608,307.6241747520731,1,159
46.8709933762739,15177.186293304994,10206.221906520206,657.1583511301424,0,180
