transaction_id,manual_review
T000001,0
T000002,0
T000003,0
T000004,0
T000005,0
T000006,1
T000007,0
T000008,0
T000009,0
T000010,0
T000011,0
T000012,0
T000013,0
T000014,0
T000015,0
T000016,0
T000017,0
T000018,0
T000019,0
T000020,0
T000021,0
T000022,0
T000023,1
T000024,0
T000025,0
T000026,0
T000027,0
T000028,0
T000029,0
T000030,0
T000031,0
T000032,1
T000033,0
T000034,0
T000035,0
T000036,0
T000037,0
T000038,0
T000039,0
T000040,0
T000041,0
T000042,0
T000043,0
T000044,0
T000045,0
T000046,0
T000047,0
T000048,0
T000049,0
T000050,0
T000051,0
T000052,0
T000053,0
T000054,0
T000055,0
T000056,0
T000057,0
T000058,0
T000059,0
T000060,0
T000061,0
T000062,0
T000063,0
T000064,0
T000065,0
T000066,0
T000067,0
T000068,0
T000069,0
T000070,0
T000071,0
T000072,0
T000073,0
T000074,0
T000075,0
T000076,0
T000077,0
T000078,0
T000079,0
T000080,0
T000081,0
T000082,0
T000083,0
T000084,0
T000085,0
T000086,0
T000087,0
T000088,0
T000089,0
T000090,0
T000091,0
T000092,0
T000093,0
T000094,0
T000095,0
T000096,0
T000097,0
T000098,0
T000099,0
T000100,1
T000101,0
T000102,0
T000103,0
T000104,1
T000105,0
T000106,0
T000107,0
T000108,0
T000109,0
T000110,0
T000111,0
T000112,0
T000113,0
T000114,0
T000115,0
T000116,0
T000117,0
T000118,0
T000119,0
T000120,0
T000121,0
T000122,0
T000123,0
T000124,0
T000125,0
T000126,0
T000127,0
T000128,0
T000129,0
T000130,0
T000131,0
T000132,0
T000133,0
T000134,0
T000135,0
T000136,0
T000137,0
T000138,0
T000139,0
T000140,0
T000141,0
T000142,0
T000143,0
T000144,0
T000145,0
T000146,0
T000147,0
T000148,0
T000149,0
T000150,0
T000151,0
T000152,0
T000153,0
T000154,0
T000155,0
T000156,0
T000157,0
T000158,0
T000159,0
T000160,0
T000161,0
T000162,0
T000163,0
T000164,0
T000165,0
T000166,0
T000167,0
T000168,0
T000169,0
T000170,0
T000171,0
T000172,0
T000173,0
T000174,0
T000175,0
T000176,0
T000177,0
T000178,1
T000179,0
T000180,0
T000181,0
T000182,0
T000183,0
T000184,0
T000185,0
T000186,0
T000187,0
T000188,0
T000189,0
T000190,0
T000191,0
T000192,0
T000193,0
T000194,0
T000195,0
T000196,0
T000197,0
T000198,0
T000199,0
T000200,0
T000201,0
T000202,1
T000203,0
T000204,0
T000205,0
T000206,0
T000207,0
T000208,0
T000209,0
T000210,0
T000211,0
T000212,0
T000213,0
T000214,0
T000215,0
T000216,0
T000217,0
T000218,0
T000219,0
T000220,0
T000221,0
T000222,0
T000223,0
T000224,0
T000225,0
T000226,0
T000227,0
T000228,0
T000229,0
T000230,0
T000231,0
T000232,0
T000233,1
T000234,0
T000235,0
T000236,0
T000237,0
T000238,0
T000239,0
T000240,0
T000241,0
T000242,0
T000243,0
T000244,0
T000245,0
T000246,0
T000247,0
T000248,0
T000249,0
T000250,0
T000251,0
T000252,0
T000253,0
T000254,0
T000255,0
T000256,0
T000257,0
T000258,0
T000259,0
T000260,0
T000261,0
T000262,0
T000263,0
T000264,0
T000265,0
T000266,0
T000267,0
T000268,0
T000269,0
T000270,0
T000271,0
T000272,0
T000273,0
T000274,0
T000275,0
T000276,0
T000277,0
T000278,0
T000279,0
T000280,0
T000281,0
T000282,0
T000283,0
T000284,0
T000285,0
T000286,0
T000287,0
T000288,0
T000289,0
T000290,0
T000291,0
T000292,0
T000293,0
T000294,0
T000295,0
T000296,0
T000297,1
T000298,0
T000299,0
T000300,0
T000301,0
T000302,0
T000303,0
T000304,0
T000305,0
T000306,0
T000307,0
T000308,0
T000309,0
T000310,0
T000311,0
T000312,0
T000313,0
T000314,0
T000315,0
T000316,0
T000317,0
T000318,0
T000319,0
T000320,0
T000321,0
T000322,0
T000323,0
T000324,0
T000325,0
T000326,0
T000327,0
T000328,0
T000329,0
T000330,0
T000331,0
T000332,0
T000333,0
T000334,0
T000335,0
T000336,0
T000337,0
T000338,0
T000339,0
T000340,0
T000341,0
T000342,0
T000343,0
T000344,0
T000345,0
T000346,0
T000347,0
T000348,0
T000349,0
T000350,0
T000351,0
T000352,0
T000353,0
T000354,0
T000355,0
T000356,0
T000357,0
T000358,0
T000359,0
T000360,0
T000361,0
T000362,0
T000363,0
T000364,0
T000365,0
T000366,0
T000367,0
T000368,0
T000369,0
T000370,0
T000371,0
T000372,0
T000373,0
T000374,0
T000375,0
T000376,0
T000377,0
T000378,0
T000379,0
T000380,0
T000381,0
T000382,0
T000383,0
T000384,0
T000385,0
T000386,1
T000387,0
T000388,0
T000389,0
T000390,0
T000391,0
T000392,0
T000393,0
T000394,0
T000395,0
T000396,0
T000397,0
T000398,0
T000399,0
T000400,0
T000401,0
T000402,0
T000403,0
T000404,0
T000405,1
T000406,0
T000407,0
T000408,0
T000409,0
T000410,1
T000411,0
T000412,0
T000413,0
T000414,0
T000415,0
T000416,0
T000417,0
T000418,0
T000419,0
T000420,0
T000421,0
T000422,0
T000423,0
T000424,0
T000425,0
T000426,0
T000427,0
T000428,0
T000429,0
T000430,0
T000431,0
T000432,0
T000433,0
T000434,0
T000435,0
T000436,0
T000437,0
T000438,0
T000439,0
T000440,0
T000441,0
T000442,0
T000443,0
T000444,0
T000445,0
T000446,0
T000447,1
T000448,0
T000449,0
T000450,0
T000451,0
T000452,0
T000453,0
T000454,0
T000455,0
T000456,0
T000457,1
T000458,0
T000459,0
T000460,0
T000461,0
T000462,0
T000463,0
T000464,0
T000465,0
T000466,0
T000467,0
T000468,0
T000469,0
T000470,0
T000471,0
T000472,0
T000473,0
T000474,0
T000475,0
T000476,0
T000477,0
T000478,0
T000479,0
T000480,0
T000481,0
T000482,0
T000483,0
T000484,0
T000485,0
T000486,0
T000487,0
T000488,0
T000489,0
T000490,0
T000491,0
T000492,0
T000493,0
T000494,0
T000495,0
T000496,0
T000497,0
T000498,0
T000499,0
T000500,0
T000501,0
T000502,0
T000503,0
T000504,0
T000505,0
T000506,0
T000507,0
T000508,0
T000509,0
T000510,0
T000511,0
T000512,0
T000513,0
T000514,0
T000515,0
T000516,0
T000517,0
T000518,0
T000519,0
T000520,0
T000521,0
T000522,0
T000523,0
T000524,0
T000525,0
T000526,0
T000527,0
T000528,1
T000529,0
T000530,0
T000531,0
T000532,0
T000533,0
T000534,0
T000535,0
T000536,0
T000537,0
T000538,0
T000539,0
T000540,0
T000541,1
T000542,0
T000543,0
T000544,1
T000545,0
T000546,0
T000547,0
T000548,0
T000549,0
T000550,0
T000551,0
T000552,0
T000553,0
T000554,0
T000555,0
T000556,0
T000557,0
T000558,0
T000559,0
T000560,0
T000561,0
T000562,0
T000563,0
T000564,0
T000565,0
T000566,0
T000567,0
T000568,0
T000569,0
T000570,0
T000571,0
T000572,0
T000573,0
T000574,0
T000575,0
T000576,0
T000577,0
T000578,0
T000579,0
T000580,0
T000581,0
T000582,0
T000583,0
T000584,0
T000585,0
T000586,0
T000587,0
T000588,0
T000589,0
T000590,0
T000591,0
T000592,0
T000593,0
T000594,0
T000595,0
T000596,0
T000597,0
T000598,0
T000599,1
T000600,0
T000601,0
T000602,0
T000603,0
T000604,0
T000605,1
T000606,0
T000607,0
T000608,0
T000609,0
T000610,0
T000611,0
T000612,0
T000613,1
T000614,1
T000615,0
T000616,0
T000617,0
T000618,0
T000619,0
T000620,0
T000621,0
T000622,0
T000623,1
T000624,0
T000625,1
T000626,0
T000627,0
T000628,0
T000629,0
T000630,0
T000631,0
T000632,0
T000633,0
T000634,0
T000635,0
T000636,0
T000637,0
T000638,0
T000639,0
T000640,0
T000641,0
T000642,0
T000643,0
T000644,0
T000645,0
T000646,0
T000647,0
T000648,0
T000649,0
T000650,0
T000651,0
T000652,0
T000653,0
T000654,0
T000655,0
T000656,0
T000657,0
T000658,0
T000659,0
T000660,0
T000661,0
T000662,0
T000663,0
T000664,0
T000665,0
T000666,0
T000667,0
T000668,1
T000669,0
T000670,0
T000671,0
T000672,0
T000673,1
T000674,0
T000675,0
T000676,0
T000677,0
T000678,0
T000679,0
T000680,0
T000681,0
T000682,0
T000683,0
T000684,0
T000685,0
T000686,0
T000687,0
T000688,0
T000689,0
T000690,0
T000691,0
T000692,0
T000693,0
T000694,0
T000695,0
T000696,0
T000697,0
T000698,0
T000699,0
T000700,0
T000701,0
T000702,0
T000703,0
T000704,0
T000705,0
T000706,0
T000707,0
T000708,0
T000709,0
T000710,0
T000711,1
T000712,0
T000713,0
T000714,0
T000715,0
T000716,0
T000717,0
T000718,0
T000719,0
T000720,0
T000721,0
T000722,0
T000723,0
T000724,0
T000725,0
T000726,0
T000727,0
T000728,0
T000729,0
T000730,0
T000731,0
T000732,0
T000733,0
T000734,0
T000735,0
T000736,0
T000737,0
T000738,0
T000739,0
T000740,0
T000741,0
T000742,0
T000743,0
T000744,0
T000745,0
T000746,0
T000747,0
T000748,0
T000749,0
T000750,0
T000751,0
T000752,0
T000753,0
T000754,0
T000755,0
T000756,0
T000757,0
T000758,0
T000759,0
T000760,0
T000761,0
T000762,0
T000763,0
T000764,0
T000765,0
T000766,0
T000767,0
T000768,0
T000769,0
T000770,0
T000771,0
T000772,0
T000773,0
T000774,0
T000775,0
T000776,0
T000777,0
T000778,0
T000779,0
T000780,0
T000781,0
T000782,0
T000783,0
T000784,0
T000785,1
T000786,0
T000787,0
T000788,0
T000789,0
T000790,0
T000791,0
T000792,0
T000793,0
T000794,0
T000795,0
T000796,0
T000797,0
T000798,0
T000799,0
T000800,0
T000801,0
T000802,0
T000803,0
T000804,0
T000805,0
T000806,0
T000807,0
T000808,0
T000809,0
T000810,1
T000811,0
T000812,0
T000813,1
T000814,0
T000815,0
T000816,0
T000817,0
T000818,0
T000819,0
T000820,0
T000821,0
T000822,0
T000823,0
T000824,0
T000825,0
T000826,0
T000827,0
T000828,0
T000829,0
T000830,0
T000831,0
T000832,0
T000833,0
T000834,0
T000835,0
T000836,0
T000837,0
T000838,1
T000839,0
T000840,0
T000841,0
T000842,0
T000843,0
T000844,0
T000845,0
T000846,0
T000847,0
T000848,0
T000849,0
T000850,1
T000851,0
T000852,0
T000853,0
T000854,0
T000855,0
T000856,0
T000857,0
T000858,0
T000859,0
T000860,0
T000861,0
T000862,0
T000863,0
T000864,0
T000865,0
T000866,0
T000867,0
T000868,0
T000869,0
T000870,0
T000871,0
T000872,0
T000873,1
T000874,0
T000875,0
T000876,0
T000877,0
T000878,0
T000879,0
T000880,0
T000881,0
T000882,0
T000883,0
T000884,0
T000885,0
T000886,0
T000887,0
T000888,0
T000889,0
T000890,0
T000891,0
T000892,0
T000893,0
T000894,0
T000895,0
T000896,0
T000897,0
T000898,0
T000899,0
T000900,0
T000901,0
T000902,0
T000903,0
T000904,0
T000905,0
T000906,0
T000907,0
T000908,0
T000909,0
T000910,0
T000911,0
T000912,0
T000913,0
T000914,1
T000915,1
T000916,0
T000917,0
T000918,0
T000919,0
T000920,0
T000921,0
T000922,0
T000923,0
T000924,0
T000925,0
T000926,0
T000927,0
T000928,0
T000929,0
T000930,0
T000931,0
T000932,0
T000933,0
T000934,0
T000935,0
T000936,0
T000937,0
T000938,0
T000939,0
T000940,0
T000941,0
T000942,0
T000943,0
T000944,0
T000945,0
T000946,0
T000947,0
T000948,0
T000949,0
T000950,0
T000951,0
T000952,0
T000953,0
T000954,0
T000955,0
T000956,0
T000957,0
T000958,0
T000959,0
T000960,0
T000961,0
T000962,0
T000963,0
T000964,0
T000965,0
T000966,0
T000967,0
T000968,0
T000969,0
T000970,0
T000971,0
T000972,0
T000973,0
T000974,0
T000975,0
T000976,0
T000977,0
T000978,0
T000979,0
T000980,0
T000981,1
T000982,0
T000983,0
T000984,0
T000985,0
T000986,0
T000987,0
T000988,0
T000989,0
T000990,0
T000991,0
T000992,0
T000993,0
T000994,0
T000995,0
T000996,0
T000997,0
T000998,0
T000999,1
T001000,0
T001001,0
T001002,0
T001003,0
T001004,0
T001005,0
T001006,0
T001007,0
T001008,0
T001009,0
T001010,0
T001011,0
T001012,0
T001013,0
T001014,0
T001015,0
T001016,0
T001017,0
T001018,0
T001019,0
T001020,0
T001021,0
T001022,0
T001023,1
T001024,0
T001025,0
T001026,0
T001027,0
T001028,0
T001029,0
T001030,0
T001031,0
T001032,0
T001033,0
T001034,0
T001035,0
T001036,0
T001037,0
T001038,0
T001039,0
T001040,0
T001041,0
T001042,0
T001043,0
T001044,0
T001045,0
T001046,0
T001047,0
T001048,0
T001049,0
T001050,0
T001051,0
T001052,0
T001053,0
T001054,0
T001055,0
T001056,0
T001057,0
T001058,0
T001059,0
T001060,0
T001061,0
T001062,0
T001063,0
T001064,0
T001065,0
T001066,1
T001067,0
T001068,0
T001069,0
T001070,0
T001071,0
T001072,0
T001073,0
T001074,0
T001075,0
T001076,0
T001077,0
T001078,0
T001079,0
T001080,0
T001081,0
T001082,0
T001083,0
T001084,0
T001085,1
T001086,0
T001087,0
T001088,0
T001089,0
T001090,0
T001091,0
T001092,0
T001093,0
T001094,0
T001095,0
T001096,0
T001097,0
T001098,0
T001099,0
T001100,0
T001101,0
T001102,0
T001103,0
T001104,0
T001105,0
T001106,0
T001107,0
T001108,0
T001109,1
T001110,0
T001111,0
T001112,0
T001113,0
T001114,0
T001115,1
T001116,0
T001117,0
T001118,0
T001119,0
T001120,0
T001121,0
T001122,0
T001123,0
T001124,0
T001125,0
T001126,0
T001127,0
T001128,0
T001129,0
T001130,1
T001131,1
T001132,0
T001133,0
T001134,0
T001135,1
T001136,0
T001137,0
T001138,0
T001139,0
T001140,0
T001141,0
T001142,0
T001143,0
T001144,0
T001145,0
T001146,0
T001147,0
T001148,0
T001149,0
T001150,0
T001151,0
T001152,0
T001153,0
T001154,0
T001155,0
T001156,0
T001157,0
T001158,0
T001159,0
T001160,0
T001161,0
T001162,0
T001163,0
T001164,0
T001165,0
T001166,0
T001167,0
T001168,0
T001169,0
T001170,0
T001171,0
T001172,0
T001173,0
T001174,0
T001175,0
T001176,0
T001177,0
T001178,0
T001179,0
T001180,0
T001181,0
T001182,0
T001183,0
T001184,0
T001185,0
T001186,0
T001187,0
T001188,1
T001189,0
T001190,0
T001191,0
T001192,0
T001193,0
T001194,1
T001195,0
T001196,0
T001197,0
T001198,0
T001199,0
T001200,0
T001201,0
T001202,0
T001203,0
T001204,0
T001205,0
T001206,0
T001207,0
T001208,0
T001209,0
T001210,0
T001211,0
T001212,0
T001213,0
T001214,0
T001215,0
T001216,0
T001217,0
T001218,0
T001219,0
T001220,0
T001221,0
T001222,0
T001223,0
T001224,0
T001225,0
T001226,0
T001227,0
T001228,0
T001229,0
T001230,0
T001231,0
T001232,0
T001233,0
T001234,0
T001235,0
T001236,0
T001237,0
T001238,0
T001239,0
T001240,0
T001241,0
T001242,0
T001243,0
T001244,0
T001245,0
T001246,0
T001247,0
T001248,0
T001249,0
T001250,0
T001251,0
T001252,0
T001253,0
T001254,0
T001255,0
T001256,0
T001257,0
T001258,0
T001259,0
T001260,1
T001261,0
T001262,0
T001263,0
T001264,0
T001265,0
T001266,0
T001267,0
T001268,1
T001269,0
T001270,0
T001271,1
T001272,0
T001273,0
T001274,0
T001275,0
T001276,0
T001277,0
T001278,0
T001279,0
T001280,0
T001281,0
T001282,0
T001283,0
T001284,0
T001285,0
T001286,0
T001287,0
T001288,0
T001289,0
T001290,0
T001291,0
T001292,0
T001293,0
T001294,0
T001295,0
T001296,0
T001297,0
T001298,0
T001299,0
T001300,0
T001301,0
T001302,0
T001303,0
T001304,0
T001305,0
T001306,0
T001307,0
T001308,0
T001309,0
T001310,0
T001311,0
T001312,0
T001313,0
T001314,0
T001315,0
T001316,0
T001317,0
T001318,0
T001319,0
T001320,0
T001321,0
T001322,0
T001323,0
T001324,0
T001325,0
T001326,0
T001327,0
T001328,0
T001329,0
T001330,0
T001331,0
T001332,0
T001333,0
T001334,1
T001335,1
T001336,0
T001337,0
T001338,0
T001339,0
T001340,0
T001341,0
T001342,0
T001343,0
T001344,0
T001345,1
T001346,0
T001347,0
T001348,0
T001349,0
T001350,0
T001351,0
T001352,0
T001353,0
T001354,0
T001355,0
T001356,0
T001357,0
T001358,0
T001359,0
T001360,0
T001361,0
T001362,0
T001363,0
T001364,0
T001365,0
T001366,0
T001367,0
T001368,0
T001369,0
T001370,0
T001371,0
T001372,0
T001373,0
T001374,0
T001375,1
T001376,0
T001377,0
T001378,0
T001379,0
T001380,0
T001381,0
T001382,0
T001383,0
T001384,1
T001385,0
T001386,0
T001387,0
T001388,0
T001389,0
T001390,0
T001391,0
T001392,0
T001393,0
T001394,0
T001395,0
T001396,0
T001397,0
T001398,0
T001399,0
T001400,0
T001401,0
T001402,0
T001403,1
T001404,0
T001405,0
T001406,0
T001407,1
T001408,0
T001409,0
T001410,0
T001411,0
T001412,1
T001413,0
T001414,0
T001415,0
T001416,0
T001417,0
T001418,0
T001419,0
T001420,1
T001421,0
T001422,0
T001423,0
T001424,0
T001425,0
T001426,0
T001427,0
T001428,0
T001429,0
T001430,0
T001431,0
T001432,0
T001433,0
T001434,0
T001435,0
T001436,1
T001437,0
T001438,0
T001439,0
T001440,1
T001441,0
T001442,0
T001443,0
T001444,0
T001445,0
T001446,0
T001447,0
T001448,0
T001449,0
T001450,0
T001451,0
T001452,0
T001453,0
T001454,0
T001455,0
T001456,0
T001457,0
T001458,0
T001459,0
T001460,0
T001461,0
T001462,0
T001463,0
T001464,0
T001465,0
T001466,0
T001467,0
T001468,0
T001469,0
T001470,0
T001471,0
T001472,0
T001473,0
T001474,0
T001475,0
T001476,0
T001477,0
T001478,1
T001479,0
T001480,0
T001481,0
T001482,0
T001483,0
T001484,0
T001485,0
T001486,0
T001487,1
T001488,0
T001489,0
T001490,0
T001491,0
T001492,0
T001493,0
T001494,0
T001495,0
T001496,0
T001497,0
T001498,0
T001499,0
T001500,0
T001501,0
T001502,1
T001503,0
T001504,0
T001505,0
T001506,0
T001507,0
T001508,0
T001509,0
T001510,0
T001511,0
T001512,0
T001513,0
T001514,0
T001515,0
T001516,0
T001517,0
T001518,0
T001519,0
T001520,0
T001521,0
T001522,0
T001523,0
T001524,0
T001525,0
T001526,0
T001527,0
T001528,0
T001529,0
T001530,0
T001531,0
T001532,0
T001533,0
T001534,0
T001535,0
T001536,0
T001537,0
T001538,0
T001539,0
T001540,0
T001541,0
T001542,0
T001543,0
T001544,0
T001545,0
T001546,0
T001547,0
T001548,0
T001549,0
T001550,0
T001551,0
T001552,0
T001553,0
T001554,0
T001555,0
T001556,0
T001557,0
T001558,0
T001559,0
T001560,0
T001561,1
T001562,0
T001563,0
T001564,0
T001565,0
T001566,0
T001567,0
T001568,0
T001569,0
T001570,0
T001571,0
T001572,0
T001573,0
T001574,0
T001575,0
T001576,0
T001577,0
T001578,0
T001579,1
T001580,0
T001581,0
T001582,0
T001583,0
T001584,0
T001585,0
T001586,0
T001587,0
T001588,0
T001589,0
T001590,0
T001591,0
T001592,0
T001593,0
T001594,0
T001595,0
T001596,0
T001597,0
T001598,0
T001599,0
T001600,0
T001601,0
T001602,0
T001603,0
T001604,0
T001605,0
T001606,0
T001607,1
T001608,0
T001609,0
T001610,0
T001611,0
T001612,0
T001613,0
T001614,0
T001615,0
T001616,0
T001617,0
T001618,0
T001619,1
T001620,0
T001621,0
T001622,0
T001623,0
T001624,0
T001625,0
T001626,0
T001627,0
T001628,0
T001629,0
T001630,0
T001631,0
T001632,0
T001633,0
T001634,0
T001635,1
T001636,0
T001637,0
T001638,0
T001639,0
T001640,0
T001641,0
T001642,0
T001643,0
T001644,0
T001645,0
T001646,0
T001647,0
T001648,0
T001649,0
T001650,0
T001651,0
T001652,0
T001653,0
T001654,0
T001655,0
T001656,0
T001657,0
T001658,0
T001659,0
T001660,0
T001661,0
T001662,0
T001663,0
T001664,0
T001665,0
T001666,0
T001667,0
T001668,0
T001669,0
T001670,0
T001671,0
T001672,0
T001673,0
T001674,0
T001675,0
T001676,0
T001677,0
T001678,0
T001679,0
T001680,0
T001681,0
T001682,0
T001683,0
T001684,0
T001685,0
T001686,0
T001687,0
T001688,0
T001689,0
T001690,0
T001691,0
T001692,0
T001693,0
T001694,0
T001695,0
T001696,0
T001697,0
T001698,0
T001699,1
T001700,0
T001701,0
T001702,1
T001703,0
T001704,0
T001705,0
T001706,1
T001707,0
T001708,0
T001709,0
T001710,0
T001711,0
T001712,0
T001713,1
T001714,0
T001715,0
T001716,0
T001717,0
T001718,0
T001719,0
T001720,0
T001721,0
T001722,0
T001723,0
T001724,0
T001725,0
T001726,0
T001727,0
T001728,0
T001729,0
T001730,0
T001731,0
T001732,0
T001733,0
T001734,0
T001735,0
T001736,0
T001737,0
T001738,0
T001739,0
T001740,0
T001741,0
T001742,0
T001743,0
T001744,0
T001745,0
T001746,0
T001747,0
T001748,0
T001749,0
T001750,0
T001751,0
T001752,0
T001753,0
T001754,0
T001755,0
T001756,0
T001757,0
T001758,1
T001759,0
T001760,0
T001761,0
T001762,0
T001763,0
T001764,0
T001765,0
T001766,0
T001767,1
T001768,0
T001769,0
T001770,0
T001771,0
T001772,0
T001773,0
T001774,0
T001775,0
T001776,0
T001777,0
T001778,0
T001779,0
T001780,0
T001781,0
T001782,0
T001783,0
T001784,0
T001785,0
T001786,0
T001787,0
T001788,0
T001789,0
T001790,0
T001791,0
T001792,0
T001793,0
T001794,0
T001795,0
T001796,0
T001797,0
T001798,0
T001799,0
T001800,0
T001801,0
T001802,0
T001803,0
T001804,0
T001805,0
T001806,0
T001807,0
T001808,0
T001809,0
T001810,0
T001811,0
T001812,0
T001813,0
T001814,0
T001815,0
T001816,0
T001817,0
T001818,0
T001819,0
T001820,0
T001821,0
T001822,0
T001823,0
T001824,0
T001825,0
T001826,0
T001827,0
T001828,0
T001829,0
T001830,0
T001831,0
T001832,1
T001833,0
T001834,0
T001835,0
T001836,0
T001837,0
T001838,0
T001839,0
T001840,0
T001841,0
T001842,0
T001843,0
T001844,0
T001845,0
T001846,0
T001847,0
T001848,0
T001849,0
T001850,0
T001851,0
T001852,0
T001853,0
T001854,0
T001855,0
T001856,1
T001857,0
T001858,0
T001859,0
T001860,0
T001861,0
T001862,1
T001863,1
T001864,0
T001865,0
T001866,0
T001867,0
T001868,0
T001869,0
T001870,0
T001871,0
T001872,0
T001873,1
T001874,1
T001875,0
T001876,0
T001877,0
T001878,0
T001879,0
T001880,0
T001881,0
T001882,0
T001883,0
T001884,0
T001885,0
T001886,0
T001887,0
T001888,0
T001889,0
T001890,0
T001891,0
T001892,0
T001893,0
T001894,0
T001895,0
T001896,0
T001897,0
T001898,0
T001899,0
T001900,0
T001901,0
T001902,0
T001903,0
T001904,0
T001905,0
T001906,0
T001907,0
T001908,0
T001909,0
T001910,0
T001911,0
T001912,0
T001913,0
T001914,0
T001915,0
T001916,0
T001917,0
T001918,0
T001919,0
T001920,0
T001921,0
T001922,0
T001923,0
T001924,0
T001925,0
T001926,0
T001927,0
T001928,0
T001929,0
T001930,0
T001931,0
T001932,0
T001933,0
T001934,0
T001935,0
T001936,0
T001937,0
T001938,0
T001939,0
T001940,0
T001941,0
T001942,0
T001943,0
T001944,0
T001945,0
T001946,0
T001947,0
T001948,0
T001949,0
T001950,0
T001951,0
T001952,0
T001953,0
T001954,1
T001955,0
T001956,1
T001957,0
T001958,0
T001959,0
T001960,0
T001961,0
T001962,0
T001963,0
T001964,0
T001965,0
T001966,0
T001967,0
T001968,0
T001969,0
T001970,0
T001971,0
T001972,1
T001973,0
T001974,0
T001975,0
T001976,0
T001977,0
T001978,0
T001979,0
T001980,0
T001981,0
T001982,0
T001983,0
T001984,0
T001985,0
T001986,0
T001987,0
T001988,0
T001989,1
T001990,0
T001991,0
T001992,0
T001993,0
T001994,0
T001995,0
T001996,0
T001997,0
T001998,0
T001999,0
T002000,0
T002001,0
T002002,0
T002003,0
T002004,0
T002005,0
T002006,0
T002007,0
T002008,0
T002009,0
T002010,0
T002011,0
T002012,0
T002013,0
T002014,0
T002015,0
T002016,0
T002017,0
T002018,0
T002019,0
T002020,0
T002021,0
T002022,0
T002023,0
T002024,0
T002025,0
T002026,0
T002027,0
T002028,0
T002029,0
T002030,0
T002031,0
T002032,0
T002033,0
T002034,0
T002035,0
T002036,0
T002037,0
T002038,0
T002039,0
T002040,0
T002041,0
T002042,0
T002043,0
T002044,0
T002045,1
T002046,0
T002047,0
T002048,0
T002049,0
T002050,0
T002051,1
T002052,0
T002053,0
T002054,0
T002055,0
T002056,0
T002057,1
T002058,0
T002059,0
T002060,0
T002061,0
T002062,0
T002063,0
T002064,0
T002065,0
T002066,0
T002067,0
T002068,1
T002069,0
T002070,0
T002071,0
T002072,0
T002073,0
T002074,0
T002075,0
T002076,0
T002077,1
T002078,0
T002079,0
T002080,0
T002081,0
T002082,0
T002083,0
T002084,0
T002085,0
T002086,0
T002087,0
T002088,0
T002089,0
T002090,0
T002091,0
T002092,0
T002093,0
T002094,0
T002095,0
T002096,0
T002097,0
T002098,0
T002099,0
T002100,0
T002101,0
T002102,0
T002103,0
T002104,0
T002105,0
T002106,0
T002107,0
T002108,1
T002109,0
T002110,0
T002111,0
T002112,0
T002113,0
T002114,0
T002115,0
T002116,0
T002117,0
T002118,0
T002119,0
T002120,0
T002121,0
T002122,0
T002123,0
T002124,0
T002125,0
T002126,0
T002127,0
T002128,0
T002129,0
T002130,0
T002131,0
T002132,0
T002133,1
T002134,0
T002135,0
T002136,0
T002137,0
T002138,0
T002139,0
T002140,0
T002141,0
T002142,0
T002143,0
T002144,0
T002145,0
T002146,0
T002147,0
T002148,1
T002149,0
T002150,0
T002151,0
T002152,0
T002153,0
T002154,0
T002155,0
T002156,0
T002157,0
T002158,0
T002159,0
T002160,0
T002161,0
T002162,0
T002163,0
T002164,0
T002165,0
T002166,0
T002167,0
T002168,0
T002169,0
T002170,0
T002171,0
T002172,0
T002173,0
T002174,0
T002175,0
T002176,0
T002177,0
T002178,0
T002179,0
T002180,1
T002181,0
T002182,1
T002183,0
T002184,0
T002185,0
T002186,0
T002187,0
T002188,0
T002189,0
T002190,0
T002191,0
T002192,0
T002193,0
T002194,0
T002195,0
T002196,0
T002197,0
T002198,0
T002199,0
T002200,0
T002201,0
T002202,0
T002203,0
T002204,0
T002205,0
T002206,0
T002207,0
T002208,0
T002209,0
T002210,0
T002211,1
T002212,0
T002213,0
T002214,0
T002215,0
T002216,0
T002217,0
T002218,0
T002219,0
T002220,0
T002221,0
T002222,0
T002223,0
T002224,0
T002225,0
T002226,0
T002227,0
T002228,0
T002229,0
T002230,0
T002231,0
T002232,0
T002233,0
T002234,0
T002235,0
T002236,0
T002237,0
T002238,0
T002239,0
T002240,0
T002241,0
T002242,0
T002243,0
T002244,0
T002245,0
T002246,0
T002247,0
T002248,0
T002249,0
T002250,0
T002251,0
T002252,0
T002253,0
T002254,0
T002255,1
T002256,0
T002257,0
T002258,0
T002259,0
T002260,0
T002261,0
T002262,1
T002263,0
T002264,0
T002265,0
T002266,0
T002267,0
T002268,0
T002269,0
T002270,0
T002271,0
T002272,0
T002273,0
T002274,0
T002275,0
T002276,0
T002277,0
T002278,0
T002279,0
T002280,0
T002281,0
T002282,0
T002283,0
T002284,0
T002285,0
T002286,0
T002287,0
T002288,0
T002289,0
T002290,0
T002291,1
T002292,0
T002293,0
T002294,0
T002295,0
T002296,0
T002297,0
T002298,0
T002299,0
T002300,0
T002301,0
T002302,0
T002303,0
T002304,0
T002305,0
T002306,0
T002307,0
T002308,0
T002309,0
T002310,0
T002311,1
T002312,0
T002313,0
T002314,0
T002315,0
T002316,0
T002317,0
T002318,0
T002319,0
T002320,0
T002321,0
T002322,0
T002323,0
T002324,0
T002325,0
T002326,1
T002327,0
T002328,0
T002329,0
T002330,0
T002331,0
T002332,0
T002333,0
T002334,0
T002335,0
T002336,0
T002337,0
T002338,0
T002339,0
T002340,0
T002341,0
T002342,0
T002343,0
T002344,0
T002345,0
T002346,0
T002347,0
T002348,0
T002349,0
T002350,0
T002351,0
T002352,0
T002353,0
T002354,0
T002355,0
T002356,0
T002357,0
T002358,0
T002359,1
T002360,0
T002361,0
T002362,0
T002363,0
T002364,0
T002365,0
T002366,0
T002367,0
T002368,0
T002369,0
T002370,0
T002371,0
T002372,0
T002373,0
T002374,0
T002375,0
T002376,0
T002377,0
T002378,0
T002379,0
T002380,0
T002381,0
T002382,0
T002383,0
T002384,0
T002385,0
T002386,0
T002387,1
T002388,0
T002389,0
T002390,0
T002391,0
T002392,0
T002393,0
T002394,0
T002395,0
T002396,1
T002397,0
T002398,0
T002399,0
T002400,0
T002401,0
T002402,0
T002403,0
T002404,0
T002405,0
T002406,0
T002407,0
T002408,0
T002409,0
T002410,0
T002411,0
T002412,1
T002413,0
T002414,0
T002415,0
T002416,0
T002417,0
T002418,0
T002419,0
T002420,0
T002421,0
T002422,0
T002423,0
T002424,0
T002425,0
T002426,0
T002427,0
T002428,0
T002429,0
T002430,0
T002431,0
T002432,0
T002433,0
T002434,0
T002435,0
T002436,0
T002437,0
T002438,0
T002439,0
T002440,0
T002441,1
T002442,0
T002443,0
T002444,0
T002445,0
T002446,0
T002447,0
T002448,0
T002449,0
T002450,0
T002451,0
T002452,0
T002453,0
T002454,0
T002455,0
T002456,0
T002457,0
T002458,0
T002459,0
T002460,0
T002461,0
T002462,0
T002463,0
T002464,0
T002465,0
T002466,0
T002467,0
T002468,0
T002469,0
T002470,0
T002471,0
T002472,0
T002473,0
T002474,0
T002475,0
T002476,0
T002477,0
T002478,0
T002479,0
T002480,0
T002481,0
T002482,0
T002483,0
T002484,0
T002485,0
T002486,0
T002487,0
T002488,0
T002489,0
T002490,0
T002491,0
T002492,0
T002493,0
T002494,0
T002495,0
T002496,0
T002497,0
T002498,0
T002499,0
T002500,0
T002501,0
T002502,0
T002503,0
T002504,0
T002505,0
T002506,0
T002507,0
T002508,0
T002509,0
T002510,0
T002511,0
T002512,0
T002513,0
T002514,0
T002515,0
T002516,0
T002517,0
T002518,0
T002519,0
T002520,0
T002521,0
T002522,0
T002523,0
T002524,0
T002525,0
T002526,0
T002527,0
T002528,0
T002529,0
T002530,0
T002531,0
T002532,0
T002533,0
T002534,0
T002535,0
T002536,0
T002537,0
T002538,0
T002539,0
T002540,0
T002541,0
T002542,0
T002543,0
T002544,0
T002545,0
T002546,0
T002547,1
T002548,0
T002549,0
T002550,0
T002551,0
T002552,0
T002553,0
T002554,0
T002555,0
T002556,0
T002557,0
T002558,0
T002559,0
T002560,0
T002561,0
T002562,0
T002563,0
T002564,0
T002565,0
T002566,0
T002567,0
T002568,0
T002569,0
T002570,1
T002571,0
T002572,0
T002573,0
T002574,0
T002575,0
T002576,0
T002577,0
T002578,0
T002579,0
T002580,0
T002581,0
T002582,0
T002583,0
T002584,0
T002585,0
T002586,0
T002587,0
T002588,0
T002589,0
T002590,0
T002591,0
T002592,0
T002593,0
T002594,0
T002595,0
T002596,0
T002597,0
T002598,0
T002599,0
T002600,0
T002601,0
T002602,0
T002603,0
T002604,0
T002605,0
T002606,0
T002607,0
T002608,0
T002609,0
T002610,0
T002611,0
T002612,0
T002613,0
T002614,0
T002615,0
T002616,0
T002617,0
T002618,0
T002619,0
T002620,0
T002621,0
T002622,0
T002623,0
T002624,0
T002625,0
T002626,0
T002627,0
T002628,0
T002629,0
T002630,0
T002631,0
T002632,0
T002633,0
T002634,0
T002635,0
T002636,0
T002637,0
T002638,0
T002639,0
T002640,0
T002641,0
T002642,0
T002643,0
T002644,0
T002645,0
T002646,0
T002647,0
T002648,0
T002649,0
T002650,0
T002651,1
T002652,0
T002653,0
T002654,0
T002655,0
T002656,0
T002657,0
T002658,0
T002659,0
T002660,0
T002661,0
T002662,0
T002663,0
T002664,0
T002665,0
T002666,0
T002667,0
T002668,0
T002669,0
T002670,0
T002671,0
T002672,0
T002673,0
T002674,0
T002675,0
T002676,0
T002677,0
T002678,0
T002679,0
T002680,0
T002681,0
T002682,0
T002683,0
T002684,0
T002685,0
T002686,0
T002687,0
T002688,0
T002689,0
T002690,0
T002691,0
T002692,0
T002693,0
T002694,1
T002695,0
T002696,0
T002697,0
T002698,0
T002699,0
T002700,0
T002701,0
T002702,0
T002703,0
T002704,0
T002705,0
T002706,0
T002707,0
T002708,0
T002709,0
T002710,0
T002711,1
T002712,0
T002713,0
T002714,0
T002715,0
T002716,0
T002717,0
T002718,1
T002719,0
T002720,0
T002721,0
T002722,0
T002723,0
T002724,0
T002725,0
T002726,0
T002727,0
T002728,0
T002729,0
T002730,0
T002731,0
T002732,0
T002733,0
T002734,0
T002735,0
T002736,0
T002737,0
T002738,0
T002739,0
T002740,0
T002741,0
T002742,0
T002743,0
T002744,0
T002745,0
T002746,0
T002747,0
T002748,0
T002749,0
T002750,0
T002751,0
T002752,0
T002753,0
T002754,0
T002755,0
T002756,0
T002757,0
T002758,0
T002759,0
T002760,0
T002761,0
T002762,0
T002763,0
T002764,0
T002765,0
T002766,0
T002767,0
T002768,0
T002769,0
T002770,1
T002771,0
T002772,0
T002773,0
T002774,0
T002775,0
T002776,0
T002777,0
T002778,0
T002779,0
T002780,0
T002781,0
T002782,0
T002783,0
T002784,0
T002785,0
T002786,0
T002787,0
T002788,0
T002789,0
T002790,0
T002791,0
T002792,0
T002793,0
T002794,1
T002795,0
T002796,0
T002797,0
T002798,0
T002799,0
T002800,0
T002801,1
T002802,0
T002803,0
T002804,0
T002805,0
T002806,0
T002807,0
T002808,0
T002809,0
T002810,0
T002811,0
T002812,0
T002813,0
T002814,0
T002815,0
T002816,0
T002817,0
T002818,0
T002819,0
T002820,0
T002821,0
T002822,0
T002823,0
T002824,0
T002825,1
T002826,0
T002827,0
T002828,0
T002829,0
T002830,0
T002831,0
T002832,0
T002833,0
T002834,0
T002835,0
T002836,0
T002837,0
T002838,0
T002839,0
T002840,0
T002841,0
T002842,0
T002843,0
T002844,0
T002845,0
T002846,0
T002847,0
T002848,0
T002849,0
T002850,0
T002851,0
T002852,0
T002853,0
T002854,0
T002855,0
T002856,0
T002857,0
T002858,0
T002859,0
T002860,0
T002861,0
T002862,0
T002863,0
T002864,0
T002865,0
T002866,0
T002867,0
T002868,0
T002869,0
T002870,0
T002871,0
T002872,0
T002873,0
T002874,0
T002875,0
T002876,0
T002877,0
T002878,0
T002879,0
T002880,0
T002881,0
T002882,0
T002883,0
T002884,0
T002885,0
T002886,0
T002887,0
T002888,0
T002889,0
T002890,0
T002891,0
T002892,1
T002893,0
T002894,0
T002895,1
T002896,0
T002897,1
T002898,0
T002899,0
T002900,0
T002901,0
T002902,0
T002903,0
T002904,1
T002905,0
T002906,0
T002907,1
T002908,0
T002909,0
T002910,0
T002911,0
T002912,0
T002913,0
T002914,0
T002915,0
T002916,0
T002917,0
T002918,0
T002919,0
T002920,0
T002921,1
T002922,0
T002923,0
T002924,0
T002925,0
T002926,0
T002927,0
T002928,0
T002929,0
T002930,0
T002931,0
T002932,0
T002933,0
T002934,0
T002935,0
T002936,0
T002937,0
T002938,0
T002939,0
T002940,0
T002941,1
T002942,0
T002943,0
T002944,0
T002945,0
T002946,0
T002947,0
T002948,0
T002949,0
T002950,0
T002951,0
T002952,0
T002953,0
T002954,0
T002955,0
T002956,0
T002957,0
T002958,0
T002959,0
T002960,0
T002961,0
T002962,1
T002963,0
T002964,0
T002965,0
T002966,0
T002967,0
T002968,0
T002969,0
T002970,0
T002971,0
T002972,0
T002973,0
T002974,0
T002975,0
T002976,0
T002977,0
T002978,0
T002979,0
T002980,0
T002981,0
T002982,0
T002983,0
T002984,0
T002985,0
T002986,0
T002987,0
T002988,0
T002989,0
T002990,0
T002991,0
T002992,0
T002993,0
T002994,0
T002995,0
T002996,0
T002997,0
T002998,0
T002999,1
T003000,0
T003001,0
T003002,0
T003003,0
T003004,0
T003005,0
T003006,0
T003007,0
T003008,0
T003009,0
T003010,0
T003011,0
T003012,0
T003013,0
T003014,0
T003015,0
T003016,0
T003017,0
T003018,0
T003019,0
T003020,0
T003021,0
T003022,0
T003023,0
T003024,0
T003025,0
T003026,0
T003027,0
T003028,0
T003029,0
T003030,0
T003031,0
T003032,0
T003033,0
T003034,0
T003035,1
T003036,0
T003037,0
T003038,0
T003039,0
T003040,0
T003041,0
T003042,0
T003043,0
T003044,0
T003045,0
T003046,1
T003047,0
T003048,0
T003049,0
T003050,0
T003051,0
T003052,0
T003053,0
T003054,0
T003055,0
T003056,0
T003057,0
T003058,0
T003059,0
T003060,0
T003061,0
T003062,0
T003063,0
T003064,0
T003065,0
T003066,0
T003067,0
T003068,0
T003069,0
T003070,0
T003071,0
T003072,1
T003073,0
T003074,0
T003075,0
T003076,0
T003077,0
T003078,0
T003079,0
T003080,0
T003081,0
T003082,0
T003083,0
T003084,0
T003085,0
T003086,0
T003087,0
T003088,0
T003089,0
T003090,0
T003091,0
T003092,0
T003093,0
T003094,1
T003095,0
T003096,0
T003097,0
T003098,0
T003099,0
T003100,0
T003101,0
T003102,0
T003103,0
T003104,0
T003105,0
T003106,0
T003107,0
T003108,0
T003109,0
T003110,0
T003111,0
T003112,0
T003113,0
T003114,0
T003115,0
T003116,0
T003117,0
T003118,0
T003119,0
T003120,0
T003121,0
T003122,0
T003123,0
T003124,0
T003125,0
T003126,0
T003127,0
T003128,0
T003129,0
T003130,0
T003131,0
T003132,0
T003133,0
T003134,0
T003135,0
T003136,0
T003137,0
T003138,0
T003139,0
T003140,0
T003141,0
T003142,0
T003143,1
T003144,0
T003145,0
T003146,0
T003147,0
T003148,0
T003149,0
T003150,0
T003151,0
T003152,0
T003153,0
T003154,0
T003155,0
T003156,0
T003157,0
T003158,0
T003159,0
T003160,0
T003161,1
T003162,1
T003163,0
T003164,0
T003165,0
T003166,0
T003167,0
T003168,0
T003169,0
T003170,0
T003171,1
T003172,0
T003173,0
T003174,1
T003175,0
T003176,0
T003177,0
T003178,0
T003179,0
T003180,0
T003181,0
T003182,0
T003183,0
T003184,0
T003185,0
T003186,0
T003187,0
T003188,0
T003189,0
T003190,0
T003191,0
T003192,0
T003193,0
T003194,0
T003195,0
T003196,0
T003197,0
T003198,0
T003199,0
T003200,0
T003201,0
T003202,0
T003203,0
T003204,0
T003205,0
T003206,0
T003207,0
T003208,0
T003209,0
T003210,0
T003211,0
T003212,0
T003213,0
T003214,0
T003215,0
T003216,0
T003217,0
T003218,0
T003219,0
T003220,0
T003221,0
T003222,0
T003223,0
T003224,0
T003225,0
T003226,0
T003227,0
T003228,0
T003229,0
T003230,0
T003231,0
T003232,0
T003233,0
T003234,0
T003235,0
T003236,0
T003237,0
T003238,0
T003239,0
T003240,0
T003241,0
T003242,0
T003243,0
T003244,0
T003245,0
T003246,0
T003247,0
T003248,0
T003249,0
T003250,0
T003251,1
T003252,0
T003253,0
T003254,0
T003255,0
T003256,0
T003257,0
T003258,0
T003259,0
T003260,0
T003261,0
T003262,0
T003263,0
T003264,0
T003265,0
T003266,0
T003267,0
T003268,0
T003269,0
T003270,0
T003271,0
T003272,0
T003273,0
T003274,0
T003275,0
T003276,0
T003277,0
T003278,0
T003279,0
T003280,0
T003281,0
T003282,0
T003283,0
T003284,0
T003285,0
T003286,0
T003287,0
T003288,0
T003289,0
T003290,0
T003291,0
T003292,0
T003293,0
T003294,0
T003295,0
T003296,1
T003297,0
T003298,0
T003299,0
T003300,0
T003301,0
T003302,0
T003303,0
T003304,1
T003305,0
T003306,0
T003307,0
T003308,0
T003309,0
T003310,0
T003311,0
T003312,0
T003313,0
T003314,0
T003315,0
T003316,0
T003317,0
T003318,0
T003319,0
T003320,0
T003321,0
T003322,0
T003323,0
T003324,0
T003325,0
T003326,0
T003327,0
T003328,0
T003329,0
T003330,0
T003331,0
T003332,0
T003333,0
T003334,0
T003335,0
T003336,0
T003337,0
T003338,0
T003339,0
T003340,0
T003341,0
T003342,0
T003343,0
T003344,0
T003345,0
T003346,0
T003347,0
T003348,0
T003349,0
T003350,0
T003351,0
T003352,0
T003353,0
T003354,0
T003355,0
T003356,0
T003357,0
T003358,0
T003359,0
T003360,0
T003361,0
T003362,0
T003363,0
T003364,0
T003365,0
T003366,0
T003367,0
T003368,0
T003369,0
T003370,0
T003371,0
T003372,0
T003373,0
T003374,0
T003375,0
T003376,0
T003377,0
T003378,0
T003379,0
T003380,0
T003381,0
T003382,0
T003383,0
T003384,0
T003385,0
T003386,0
T003387,0
T003388,0
T003389,0
T003390,0
T003391,0
T003392,0
T003393,1
T003394,0
T003395,0
T003396,0
T003397,0
T003398,0
T003399,0
T003400,0
T003401,0
T003402,0
T003403,0
T003404,0
T003405,0
T003406,0
T003407,0
T003408,0
T003409,0
T003410,0
T003411,0
T003412,0
T003413,0
T003414,0
T003415,0
T003416,0
T003417,0
T003418,0
T003419,0
T003420,0
T003421,0
T003422,0
T003423,0
T003424,0
T003425,0
T003426,0
T003427,0
T003428,0
T003429,0
T003430,0
T003431,0
T003432,0
T003433,1
T003434,0
T003435,0
T003436,0
T003437,0
T003438,0
T003439,0
T003440,0
T003441,0
T003442,0
T003443,0
T003444,0
T003445,0
T003446,0
T003447,0
T003448,0
T003449,0
T003450,0
T003451,0
T003452,0
T003453,0
T003454,0
T003455,1
T003456,0
T003457,0
T003458,0
T003459,0
T003460,0
T003461,0
T003462,0
T003463,0
T003464,0
T003465,0
T003466,0
T003467,0
T003468,0
T003469,0
T003470,1
T003471,0
T003472,0
T003473,0
T003474,0
T003475,0
T003476,0
T003477,0
T003478,0
T003479,0
T003480,0
T003481,0
T003482,0
T003483,0
T003484,0
T003485,0
T003486,0
T003487,0
T003488,0
T003489,0
T003490,0
T003491,0
T003492,0
T003493,0
T003494,0
T003495,0
T003496,0
T003497,0
T003498,0
T003499,0
T003500,0
T003501,0
T003502,0
T003503,0
T003504,0
T003505,0
T003506,0
T003507,0
T003508,0
T003509,0
T003510,0
T003511,0
T003512,0
T003513,1
T003514,1
T003515,0
T003516,0
T003517,0
T003518,0
T003519,0
T003520,0
T003521,0
T003522,0
T003523,0
T003524,0
T003525,0
T003526,0
T003527,0
T003528,0
T003529,0
T003530,0
T003531,0
T003532,0
T003533,0
T003534,0
T003535,0
T003536,0
T003537,0
T003538,0
T003539,0
T003540,0
T003541,0
T003542,0
T003543,0
T003544,0
T003545,0
T003546,0
T003547,0
T003548,1
T003549,0
T003550,0
T003551,0
T003552,0
T003553,0
T003554,0
T003555,0
T003556,0
T003557,0
T003558,0
T003559,0
T003560,0
T003561,0
T003562,0
T003563,0
T003564,0
T003565,1
T003566,0
T003567,0
T003568,0
T003569,0
T003570,0
T003571,0
T003572,0
T003573,0
T003574,0
T003575,0
T003576,0
T003577,0
T003578,0
T003579,0
T003580,0
T003581,0
T003582,0
T003583,0
T003584,0
T003585,0
T003586,0
T003587,0
T003588,0
T003589,0
T003590,0
T003591,0
T003592,0
T003593,0
T003594,0
T003595,0
T003596,1
T003597,0
T003598,0
T003599,0
T003600,0
T003601,0
T003602,0
T003603,0
T003604,0
T003605,0
T003606,0
T003607,0
T003608,0
T003609,0
T003610,0
T003611,0
T003612,0
T003613,0
T003614,0
T003615,0
T003616,0
T003617,0
T003618,0
T003619,0
T003620,1
T003621,0
T003622,0
T003623,0
T003624,0
T003625,0
T003626,0
T003627,0
T003628,0
T003629,0
T003630,0
T003631,0
T003632,1
T003633,0
T003634,0
T003635,0
T003636,0
T003637,0
T003638,0
T003639,0
T003640,0
T003641,0
T003642,0
T003643,0
T003644,0
T003645,0
T003646,0
T003647,0
T003648,0
T003649,0
T003650,0
T003651,0
T003652,0
T003653,0
T003654,0
T003655,0
T003656,0
T003657,0
T003658,0
T003659,0
T003660,0
T003661,0
T003662,0
T003663,0
T003664,0
T003665,0
T003666,0
T003667,0
T003668,0
T003669,0
T003670,0
T003671,0
T003672,0
T003673,0
T003674,0
T003675,0
T003676,0
T003677,0
T003678,0
T003679,0
T003680,0
T003681,0
T003682,0
T003683,0
T003684,0
T003685,0
T003686,0
T003687,0
T003688,0
T003689,0
T003690,0
T003691,0
T003692,0
T003693,0
T003694,0
T003695,0
T003696,0
T003697,0
T003698,0
T003699,0
T003700,0
T003701,0
T003702,0
T003703,0
T003704,0
T003705,0
T003706,0
T003707,0
T003708,0
T003709,0
T003710,0
T003711,0
T003712,0
T003713,1
T003714,0
T003715,0
T003716,0
T003717,0
T003718,0
T003719,0
T003720,0
T003721,0
T003722,0
T003723,0
T003724,0
T003725,0
T003726,0
T003727,1
T003728,0
T003729,0
T003730,0
T003731,0
T003732,0
T003733,0
T003734,0
T003735,0
T003736,1
T003737,0
T003738,0
T003739,0
T003740,0
T003741,0
T003742,0
T003743,0
T003744,0
T003745,0
T003746,0
T003747,0
T003748,0
T003749,0
T003750,0
T003751,0
T003752,0
T003753,0
T003754,0
T003755,0
T003756,0
T003757,0
T003758,0
T003759,0
T003760,0
T003761,1
T003762,0
T003763,0
T003764,0
T003765,0
T003766,0
T003767,0
T003768,0
T003769,0
T003770,0
T003771,0
T003772,1
T003773,0
T003774,0
T003775,0
T003776,0
T003777,0
T003778,0
T003779,0
T003780,1
T003781,0
T003782,0
T003783,0
T003784,0
T003785,0
T003786,0
T003787,1
T003788,0
T003789,0
T003790,0
T003791,0
T003792,0
T003793,0
T003794,0
T003795,0
T003796,0
T003797,0
T003798,0
T003799,0
T003800,0
T003801,0
T003802,0
T003803,0
T003804,0
T003805,0
T003806,0
T003807,0
T003808,0
T003809,0
T003810,0
T003811,0
T003812,0
T003813,0
T003814,0
T003815,0
T003816,0
T003817,0
T003818,0
T003819,0
T003820,0
T003821,0
T003822,0
T003823,0
T003824,0
T003825,0
T003826,0
T003827,0
T003828,0
T003829,0
T003830,0
T003831,0
T003832,0
T003833,0
T003834,0
T003835,0
T003836,0
T003837,0
T003838,0
T003839,0
T003840,0
T003841,0
T003842,0
T003843,0
T003844,0
T003845,0
T003846,0
T003847,0
T003848,0
T003849,0
T003850,0
T003851,0
T003852,0
T003853,0
T003854,0
T003855,0
T003856,0
T003857,0
T003858,0
T003859,0
T003860,0
T003861,0
T003862,0
T003863,0
T003864,0
T003865,0
T003866,0
T003867,0
T003868,0
T003869,0
T003870,0
T003871,0
T003872,0
T003873,0
T003874,0
T003875,1
T003876,0
T003877,0
T003878,0
T003879,0
T003880,0
T003881,0
T003882,0
T003883,0
T003884,0
T003885,1
T003886,0
T003887,1
T003888,0
T003889,0
T003890,0
T003891,0
T003892,0
T003893,0
T003894,0
T003895,0
T003896,0
T003897,0
T003898,0
T003899,0
T003900,0
T003901,0
T003902,0
T003903,0
T003904,0
T003905,0
T003906,0
T003907,0
T003908,0
T003909,0
T003910,0
T003911,0
T003912,0
T003913,0
T003914,0
T003915,0
T003916,0
T003917,0
T003918,0
T003919,0
T003920,0
T003921,0
T003922,0
T003923,0
T003924,0
T003925,0
T003926,0
T003927,0
T003928,0
T003929,0
T003930,0
T003931,0
T003932,0
T003933,0
T003934,0
T003935,0
T003936,0
T003937,0
T003938,0
T003939,0
T003940,0
T003941,0
T003942,0
T003943,0
T003944,0
T003945,0
T003946,0
T003947,0
T003948,0
T003949,0
T003950,0
T003951,0
T003952,0
T003953,0
T003954,0
T003955,0
T003956,0
T003957,1
T003958,0
T003959,0
T003960,0
T003961,0
T003962,0
T003963,0
T003964,0
T003965,0
T003966,0
T003967,0
T003968,0
T003969,0
T003970,0
T003971,0
T003972,0
T003973,0
T003974,0
T003975,0
T003976,0
T003977,0
T003978,0
T003979,0
T003980,0
T003981,0
T003982,0
T003983,0
T003984,0
T003985,0
T003986,0
T003987,0
T003988,0
T003989,1
T003990,1
T003991,1
T003992,0
T003993,0
T003994,0
T003995,0
T003996,0
T003997,0
T003998,0
T003999,0
T004000,0
T004001,0
T004002,0
T004003,0
T004004,0
T004005,0
T004006,0
T004007,0
T004008,0
T004009,0
T004010,0
T004011,0
T004012,0
T004013,0
T004014,0
T004015,0
T004016,0
T004017,0
T004018,0
T004019,0
T004020,0
T004021,0
T004022,0
T004023,0
T004024,0
T004025,0
T004026,0
T004027,0
T004028,0
T004029,0
T004030,0
T004031,0
T004032,0
T004033,0
T004034,0
T004035,0
T004036,0
T004037,0
T004038,0
T004039,0
T004040,0
T004041,0
T004042,0
T004043,0
T004044,0
T004045,0
T004046,0
T004047,0
T004048,0
T004049,0
T004050,0
T004051,0
T004052,0
T004053,0
T004054,0
T004055,0
T004056,0
T004057,0
T004058,0
T004059,0
T004060,0
T004061,1
T004062,0
T004063,0
T004064,0
T004065,0
T004066,0
T004067,0
T004068,0
T004069,0
T004070,0
T004071,0
T004072,0
T004073,0
T004074,0
T004075,0
T004076,0
T004077,0
T004078,0
T004079,0
T004080,0
T004081,0
T004082,0
T004083,0
T004084,0
T004085,0
T004086,0
T004087,0
T004088,0
T004089,0
T004090,0
T004091,0
T004092,0
T004093,0
T004094,0
T004095,0
T004096,0
T004097,0
T004098,0
T004099,0
T004100,0
T004101,0
T004102,0
T004103,0
T004104,0
T004105,0
T004106,0
T004107,0
T004108,0
T004109,0
T004110,0
T004111,0
T004112,0
T004113,0
T004114,0
T004115,0
T004116,0
T004117,0
T004118,0
T004119,0
T004120,0
T004121,0
T004122,0
T004123,0
T004124,0
T004125,1
T004126,0
T004127,0
T004128,0
T004129,0
T004130,0
T004131,0
T004132,0
T004133,0
T004134,0
T004135,0
T004136,0
T004137,0
T004138,0
T004139,0
T004140,0
T004141,0
T004142,0
T004143,0
T004144,0
T004145,0
T004146,0
T004147,0
T004148,0
T004149,0
T004150,0
T004151,0
T004152,0
T004153,0
T004154,0
T004155,0
T004156,0
T004157,0
T004158,0
T004159,0
T004160,0
T004161,0
T004162,0
T004163,0
T004164,0
T004165,0
T004166,0
T004167,0
T004168,0
T004169,0
T004170,0
T004171,1
T004172,0
T004173,1
T004174,0
T004175,0
T004176,0
T004177,0
T004178,1
T004179,0
T004180,0
T004181,0
T004182,0
T004183,0
T004184,0
T004185,0
T004186,0
T004187,0
T004188,0
T004189,0
T004190,0
T004191,0
T004192,0
T004193,0
T004194,0
T004195,0
T004196,0
T004197,0
T004198,0
T004199,0
T004200,0
T004201,0
T004202,0
T004203,0
T004204,0
T004205,0
T004206,0
T004207,0
T004208,0
T004209,0
T004210,0
T004211,0
T004212,0
T004213,0
T004214,0
T004215,0
T004216,0
T004217,0
T004218,0
T004219,1
T004220,0
T004221,0
T004222,0
T004223,0
T004224,0
T004225,0
T004226,0
T004227,0
T004228,0
T004229,0
T004230,0
T004231,1
T004232,0
T004233,0
T004234,0
T004235,0
T004236,0
T004237,0
T004238,0
T004239,0
T004240,0
T004241,0
T004242,0
T004243,0
T004244,0
T004245,0
T004246,0
T004247,0
T004248,0
T004249,0
T004250,0
T004251,0
T004252,0
T004253,0
T004254,0
T004255,0
T004256,0
T004257,0
T004258,0
T004259,0
T004260,0
T004261,0
T004262,0
T004263,0
T004264,0
T004265,0
T004266,0
T004267,0
T004268,0
T004269,0
T004270,0
T004271,1
T004272,0
T004273,0
T004274,0
T004275,0
T004276,0
T004277,0
T004278,0
T004279,0
T004280,0
T004281,0
T004282,0
T004283,0
T004284,0
T004285,0
T004286,0
T004287,0
T004288,0
T004289,1
T004290,0
T004291,0
T004292,0
T004293,0
T004294,0
T004295,0
T004296,0
T004297,0
T004298,0
T004299,0
T004300,0
T004301,0
T004302,0
T004303,1
T004304,0
T004305,0
T004306,0
T004307,0
T004308,0
T004309,0
T004310,0
T004311,0
T004312,0
T004313,0
T004314,0
T004315,0
T004316,0
T004317,0
T004318,0
T004319,0
T004320,0
T004321,0
T004322,0
T004323,0
T004324,0
T004325,0
T004326,0
T004327,0
T004328,0
T004329,0
T004330,0
T004331,0
T004332,0
T004333,0
T004334,0
T004335,0
T004336,0
T004337,0
T004338,0
T004339,0
T004340,0
T004341,0
T004342,0
T004343,0
T004344,0
T004345,0
T004346,0
T004347,0
T004348,0
T004349,0
T004350,0
T004351,0
T004352,0
T004353,0
T004354,0
T004355,0
T004356,0
T004357,0
T004358,0
T004359,0
T004360,0
T004361,0
T004362,0
T004363,0
T004364,1
T004365,0
T004366,0
T004367,0
T004368,0
T004369,0
T004370,0
T004371,0
T004372,0
T004373,0
T004374,0
T004375,0
T004376,0
T004377,0
T004378,0
T004379,0
T004380,0
T004381,0
T004382,0
T004383,0
T004384,0
T004385,0
T004386,0
T004387,0
T004388,0
T004389,0
T004390,0
T004391,0
T004392,0
T004393,0
T004394,0
T004395,0
T004396,0
T004397,0
T004398,0
T004399,0
T004400,0
T004401,0
T004402,0
T004403,0
T004404,0
T004405,0
T004406,0
T004407,0
T004408,0
T004409,0
T004410,0
T004411,0
T004412,0
T004413,0
T004414,0
T004415,0
T004416,0
T004417,0
T004418,0
T004419,0
T004420,0
T004421,0
T004422,0
T004423,0
T004424,0
T004425,0
T004426,0
T004427,0
T004428,0
T004429,0
T004430,0
T004431,0
T004432,0
T004433,0
T004434,0
T004435,0
T004436,0
T004437,0
T004438,0
T004439,0
T004440,0
T004441,0
T004442,0
T004443,0
T004444,0
T004445,0
T004446,0
T004447,0
T004448,0
T004449,0
T004450,0
T004451,0
T004452,1
T004453,0
T004454,0
T004455,0
T004456,0
T004457,0
T004458,0
T004459,0
T004460,0
T004461,0
T004462,0
T004463,0
T004464,1
T004465,0
T004466,0
T004467,0
T004468,0
T004469,1
T004470,0
T004471,0
T004472,0
T004473,0
T004474,0
T004475,0
T004476,0
T004477,0
T004478,0
T004479,0
T004480,1
T004481,0
T004482,0
T004483,0
T004484,0
T004485,0
T004486,0
T004487,0
T004488,0
T004489,0
T004490,0
T004491,0
T004492,0
T004493,1
T004494,0
T004495,0
T004496,0
T004497,0
T004498,0
T004499,0
T004500,0
T004501,0
T004502,0
T004503,0
T004504,0
T004505,0
T004506,0
T004507,0
T004508,0
T004509,0
T004510,0
T004511,0
T004512,0
T004513,0
T004514,0
T004515,0
T004516,0
T004517,0
T004518,0
T004519,0
T004520,0
T004521,0
T004522,0
T004523,0
T004524,0
T004525,0
T004526,0
T004527,0
T004528,0
T004529,0
T004530,0
T004531,0
T004532,0
T004533,0
T004534,0
T004535,0
T004536,0
T004537,0
T004538,0
T004539,0
T004540,0
T004541,0
T004542,0
T004543,1
T004544,0
T004545,0
T004546,0
T004547,1
T004548,0
T004549,0
T004550,0
T004551,0
T004552,0
T004553,0
T004554,0
T004555,0
T004556,0
T004557,0
T004558,0
T004559,0
T004560,0
T004561,1
T004562,0
T004563,0
T004564,0
T004565,0
T004566,0
T004567,0
T004568,0
T004569,0
T004570,0
T004571,0
T004572,0
T004573,0
T004574,0
T004575,0
T004576,0
T004577,0
T004578,0
T004579,0
T004580,0
T004581,0
T004582,0
T004583,0
T004584,1
T004585,0
T004586,0
T004587,0
T004588,0
T004589,0
T004590,0
T004591,0
T004592,0
T004593,0
T004594,0
T004595,0
T004596,1
T004597,0
T004598,0
T004599,0
T004600,0
T004601,0
T004602,0
T004603,1
T004604,0
T004605,0
T004606,0
T004607,0
T004608,0
T004609,0
T004610,1
T004611,0
T004612,0
T004613,0
T004614,0
T004615,0
T004616,0
T004617,0
T004618,0
T004619,0
T004620,0
T004621,0
T004622,0
T004623,0
T004624,0
T004625,0
T004626,0
T004627,0
T004628,0
T004629,0
T004630,0
T004631,0
T004632,0
T004633,0
T004634,0
T004635,0
T004636,0
T004637,0
T004638,0
T004639,0
T004640,0
T004641,0
T004642,0
T004643,0
T004644,0
T004645,0
T004646,1
T004647,0
T004648,0
T004649,0
T004650,0
T004651,0
T004652,0
T004653,0
T004654,0
T004655,0
T004656,0
T004657,0
T004658,0
T004659,0
T004660,0
T004661,0
T004662,0
T004663,0
T004664,0
T004665,0
T004666,0
T004667,0
T004668,0
T004669,0
T004670,0
T004671,0
T004672,0
T004673,0
T004674,0
T004675,0
T004676,0
T004677,0
T004678,0
T004679,0
T004680,0
T004681,0
T004682,0
T004683,0
T004684,0
T004685,1
T004686,0
T004687,0
T004688,0
T004689,0
T004690,0
T004691,0
T004692,0
T004693,0
T004694,0
T004695,0
T004696,0
T004697,0
T004698,0
T004699,0
T004700,0
T004701,1
T004702,0
T004703,0
T004704,0
T004705,0
T004706,0
T004707,0
T004708,0
T004709,0
T004710,0
T004711,0
T004712,0
T004713,0
T004714,0
T004715,0
T004716,0
T004717,0
T004718,0
T004719,0
T004720,0
T004721,0
T004722,0
T004723,0
T004724,0
T004725,0
T004726,0
T004727,0
T004728,0
T004729,0
T004730,0
T004731,0
T004732,0
T004733,0
T004734,0
T004735,0
T004736,0
T004737,0
T004738,0
T004739,0
T004740,0
T004741,0
T004742,0
T004743,0
T004744,0
T004745,0
T004746,0
T004747,0
T004748,0
T004749,0
T004750,0
T004751,0
T004752,0
T004753,0
T004754,0
T004755,0
T004756,0
T004757,0
T004758,1
T004759,0
T004760,0
T004761,0
T004762,0
T004763,0
T004764,0
T004765,0
T004766,0
T004767,0
T004768,0
T004769,0
T004770,0
T004771,0
T004772,0
T004773,0
T004774,0
T004775,0
T004776,0
T004777,0
T004778,0
T004779,0
T004780,0
T004781,0
T004782,1
T004783,0
T004784,0
T004785,1
T004786,0
T004787,0
T004788,0
T004789,0
T004790,0
T004791,0
T004792,0
T004793,0
T004794,0
T004795,0
T004796,0
T004797,0
T004798,0
T004799,0
T004800,0
T004801,0
T004802,0
T004803,0
T004804,0
T004805,0
T004806,0
T004807,0
T004808,0
T004809,0
T004810,0
T004811,0
T004812,0
T004813,0
T004814,0
T004815,0
T004816,0
T004817,0
T004818,0
T004819,0
T004820,0
T004821,0
T004822,0
T004823,0
T004824,0
T004825,0
T004826,0
T004827,0
T004828,0
T004829,0
T004830,0
T004831,0
T004832,0
T004833,0
T004834,0
T004835,0
T004836,0
T004837,0
T004838,0
T004839,0
T004840,0
T004841,0
T004842,0
T004843,0
T004844,0
T004845,0
T004846,0
T004847,0
T004848,0
T004849,0
T004850,0
T004851,0
T004852,0
T004853,0
T004854,0
T004855,0
T004856,0
T004857,0
T004858,0
T004859,0
T004860,0
T004861,0
T004862,0
T004863,0
T004864,0
T004865,0
T004866,0
T004867,0
T004868,0
T004869,0
T004870,0
T004871,0
T004872,0
T004873,0
T004874,0
T004875,0
T004876,0
T004877,0
T004878,0
T004879,0
T004880,0
T004881,0
T004882,0
T004883,0
T004884,0
T004885,0
T004886,0
T004887,0
T004888,0
T004889,0
T004890,1
T004891,0
T004892,0
T004893,0
T004894,0
T004895,0
T004896,0
T004897,0
T004898,0
T004899,0
T004900,0
T004901,0
T004902,0
T004903,0
T004904,0
T004905,0
T004906,0
T004907,0
T004908,0
T004909,0
T004910,0
T004911,0
T004912,0
T004913,0
T004914,0
T004915,0
T004916,0
T004917,0
T004918,0
T004919,0
T004920,0
T004921,0
T004922,0
T004923,0
T004924,0
T004925,0
T004926,0
T004927,0
T004928,0
T004929,0
T004930,0
T004931,0
T004932,0
T004933,0
T004934,0
T004935,0
T004936,0
T004937,0
T004938,0
T004939,0
T004940,0
T004941,0
T004942,0
T004943,0
T004944,1
T004945,0
T004946,0
T004947,0
T004948,0
T004949,0
T004950,0
T004951,0
T004952,0
T004953,0
T004954,1
T004955,0
T004956,0
T004957,0
T004958,0
T004959,0
T004960,0
T004961,0
T004962,0
T004963,0
T004964,0
T004965,0
T004966,0
T004967,0
T004968,0
T004969,0
T004970,0
T004971,0
T004972,0
T004973,0
T004974,0
T004975,0
T004976,0
T004977,0
T004978,0
T004979,0
T004980,0
T004981,0
T004982,0
T004983,0
T004984,0
T004985,0
T004986,0
T004987,0
T004988,0
T004989,0
T004990,0
T004991,0
T004992,0
T004993,0
T004994,0
T004995,0
T004996,0
T004997,0
T004998,0
T004999,0
T005000,0
